gene name,FASTA_seq
CCNB3_1,gaagacataATGCTACTGCCACTACCACCCCAGAGCTCCAAACCTGTGCCTAAGAAATCTCAGTCCAGCAAAATTGTGCCCAGTCATCATGACCCATCTGAAAAGACGGGGGAGAATTGCCAAACGAAGATATCTCCATCTTCACTTCAGGAGTCTCCATCTTCACTTCAGGGAGCACTCAAAAAGAGATCAGCTTTTGAAGATCTCACTAATGCTTCTCAATGTCAACCTGTCCAGCCCAAGAAAGAAGCCAATAAAGAGTTTGTAAAAGTTGTTTCCAAGAAGATAAACAGGAACACACATGCTCTTGGACTGGCCAAAAAGAATAAGCGGAATCTAAAATGGCATAAGCTGGAAGTCACACCAGTAGTAGCCTCTACTACCGTGGTACCAAACATTATGGAGAAACCACTCATTCTAGACATATCCACCACCTCCAAAACACCCAACACTGAGGAGGCATCTCTCTTCAGAAAGCCATTAGTTTTAAAGGAGGAACCCACTATTGAGGATGAAACCCTTATCAATAAGTCATTATCTTTAAAAAAGTGCTCAAATCATGAGGAGGTGTCCTTACTGGAAAAGCTACAGCCCCTGCAGGAGGAGAGTGACAGTGATGATGCGTTTGTTATAGAGCCAATGACTTTTAAAAAGACACATAAAACTGAGGAGGCAGCCATCACCAAAAAGACATTATCCTTAAAGAAGAAGATGTGTGCAAGTCAGCGGAAGCAGTCCTGCCAGGAAGAGTCGTTGGCTGTGCAGGATGTCAATATGGAAGAGGATTCCTTCTTTATGGAGTCAATGAGTTTTAAGAAGAAGCCTAAAACTGAGGAGTCAATCCCCACCCATAAGTTATCATCTTTAAAGAAGAAATGTACCATTTATGGGAAGATATGCCACTTTAGGAAGCCACCAGTATTGCAGACAACCATCTGTGGAGCAATGTCCTCCATTAAGAAGCCTACCACTGAGAAGGAGACACTTTTCCAAGAGCTATCTGTATTGCAAGAGAAACACACCACTGAGCATGAGATGTCCATCTTGAAGAAATCATTGGCCTTGCAAAAGACCAACTTTAAAGAGGATTCCCTTGTTAAGGAGTCGTTAGCCTTTAAGAAGAAGCCTAGCACTGAGGAGGCAATCATGATGCCAGTAATATTGAAGGAGCAGTGCATGACTGAGGGGAAGAGGTCCCGTCTGAAGCCATTAGTATTGCAGGAGATCACCTCTGGAGAGAAGTCGCTCATTATGAAGCCATTGTCCATTAAAGAAAAGCCATCTACTGAGAAGGAGTCCTTTTCCCAGGAACCATCTGCATTGCAAAAGAAGCACACCACTCAGGAGGAGGTTTCCATCTTAAAGGAGCCCTCGTCCTTGCTAAAGTCTCCAACTGAGGAGTCACCtcgtcttc
CCNB3_2,gaagacatCACCTTTTGATGAGGCTTTGGCTTTTACAAAGAAGTGTACCATTGAGGAGGCACCCCCCACCAAGAAGCCTTTAATTTTAAAGAGGAAGCATGCCACTCAGGGGACAATGTCCCACTTGAAGAAACCACTAATATTACAGACCACCTCTGGAGAAAAGTCACTTATTAAGGAGCCACTGCCCTTTAAAGAAGAAAAAGTGTCTTTAAAGAAAAAGTGTACCACACAAGAGATGATGTCCATCTGTCCAGAACTGTTGGACTTTCAGGATATGATTGGTGAAGATAAGAATTCTTTCTTTATGGAGCCAATGTCATTTAGGAAGAACCCTACAACTGAGGAGACAGTACTTACCAAGACATCGTTGTCTTTACAGGAAAAGAAAATTACTCAGGGGAAGATGTCCCACTTAAAGAAGCCACTGGTCTTGCAGAAGATCACTTCTGAGGAGGAGTCATTCTATAAGAAGCTGTTGCCCTTTAAGATGAAATCTACAACGGAAGAAAAGTTCCTCTCCCAGGAACCATCTGCATTGAAAGAGAAGCATACCACCTTGCAGGAAGTGTCCCTCTCAAAAGAGTCATTGGCCATCCAAGAGAAGGCTACCACTGAGGAGGAATTCTCTCAGGAACTATTTTCATTGCATGTTAAGCATACCAACAAAAGTGGGTCCCTCTTCCAGGAGGCTTTGGTCTTGCAAGAAAAGACTGATGCCGAAGAGGATTCCTTGAAGAACTTGTTGGCTTTGCAGGAGAAAAGCACCATGGAAGAAGAGTCCCTTATCAATAAGCTATTGGCTCTGAAGGAGGAGCTTTCTGCTGAGGCAGCCACAAACATACAGACACAATTATCTTTAAAGAAGAAGTCCACTTCTCATGGAAAAGTGTTCTTCCTGAAGAAGCAGTTGGCTTTGAATGAAACCATCAATGAAGAGGAGTTCCTTAATAAGCAGCCACTGGCCTTGGAGGGGTATCCCAGCATTGCGGAGGGGGAAACCCTCTTCAAGAAGCTTTTGGCCATGCAGGAGGAGCCCAGCATTGAGAAGGAAGCTGTCCTCAAGGAGCCCACTATTGACACAGAAGCTCACTTTAAGGAACCTTTGGCCTTGCAGGAGGAGCCCAGCACTGAGAAGGAGGCTGTCCTCAAGGAGCCCAGTGTTGACACAGAAGCTCACTTTAAGGAAACTTTGGCCTTGCAGGAGAAGCCCAGCATTGAGCAGGAGGCCCTCTTTAAGCGACACTCAGCTTTGTGGGAGAAGCCCAGCACTGAGAAGGAAACCATCTTCAAGGAGTCTTTGGACTTGCAAGAGAAGCCCAGCATTAAGAAAGAAACCCTCCTCAAAAAGCCATTAGCCTTGAAGATGTCTACCATCAATGAGGCAGTCCTCTTCGAAGATATGATAtcgtcttc
CCNB3_3,gaagacatGATAGCTCTGAATGAGAAACCCACCACTGGGAAGGAGTTGTCCTTCAAGGAGCCATTAGCCTTACAAGAGAGTCCCACCTACAAGGAGGACACCTTTCTCAAAACATTGTTGGTCCCCCAAGTTGGAACCAGCCCAAATGTGTCTAGCACTGCCCCTGAATCCATAACCAGCAAGTCCAGCATTGCTACCATGACCAGTGTGGGCAAATCTGGTACCATCAATGAGGCATTCCTCTTCGAAGATATGATAACTCTGAATGAGAAACCCACCACTGGGAAGGAGTTGTCCTTCAAGGAGCCATTGGCCTTACAAGAGAGTCCCACTTGCAAGGAGGACACCTTTCTGGAAACATTCTTGATCCCCCAAATTGGAACCAGCCCATATGTGTTTAGCACCACCCCTGAATCCATAACAGAGAAGTCCAGCATTGCAACCATGACCAGCGTGGGCAAGTCCAGGACCACCACCGAGTCCAGTGCATGTGAATCTGCTTCTGATAAACCTGTCTCACCACAGGCCAAGGGAACACCAAAGGAGATAACCCCACGGGAAGATATTGATGAGGACAGCAGTGATCCAAGTTTCAACCCAATGTATGCCAAGGAAATCTTCAGTTACATGAAAGAGAGAGAGGAACAGTTTATACTTACAGATTACATGAACAGGCAGATTGAAATCACCAGTGACATGAGGGCCATTCTTGTGGACTGGTTGGTGGAGGTCCAGGTGTCCTTTGAGATGACCCATGAAACCCTGTACTTGGCAGTGAAGCTGGTGGATCTCTACCTAATGAAGGCAGTATGCAAGAAGGATAAGTTACAACTCCTTGGTGCCACTGCCTTTATGATTGCAGCAAAATTTGAGGAGCACAACTCACCTCGTGTGGATGACTTTGTGTACATCTGTGATGATAATTATCAGCGATCTGAGGTACTCAGCATGGAAATCAACATCCTGAACGTCCTCAAATGTGACATTAACATTCCGATCGCCTACCATTTTCTGCGCAGATATGCTAGGTGTATCCACACCAACATGAAAACACTGACCTTGTCCCGCTACATCTGCGAGATGACCCTGCAGGAATACCACTATGTCCAGGAGAAGGCTTCCAAGCTAGCTGCTGCCTCCTTACTCCTGGCCCTCTACATGAAGAAGCTCGGATACTGGGTTCCCTTCCTGGAGCATTACAGTGGCTACAGTATCTCTGAGCTTCACCCCTTGGTCAGACAGCTGAACAAACTGCTGACTTTCAGTTCTTACGATAGTCTCAAGGCTGTGTATTACAAGTATTCTCACCCGGTTTTCTTTGAAGTCGCCAAAATCCCTGCCTTGGATATGTTGAAGCTGGAGGAGATTTTGAACTGTGATTGTGAGGCTCAGGGCCTGGTACTCTGAatcgtcttc
CCNG2_1,gaagacataATGAAGGATTTGGGGGCAGAGCACTTGGCTGGTCATGAAGGGGTCCAACTTCTCGGGTTGTTGAACGTCTACCTGGAACAAGAAGAGAGATTCCAACCTCGAGAAAAAGGGCTGAGTTTGATTGAGGCTACCCCGGAGAATGATAACACTTTGTGTCCAGGATTGAGAAATGCCAAAGTTGAAGATTTAAGGAGTTTAGCCAACTTTTTTGGATCTTGCACTGAAACTTTTGTCCTGGCTGTCAATATTTTGGACAGGTTCTTGGCTCTTATGAAGGTGAAACCTAAACATTTGTCTTGCATTGGAGTCTGTTCTTTTTTGCTGGCTGCTAGAATAGTTGAAGAGGACTGCAATATTCCATCCACTCATGATGTGATCCGGATTAGTCAGTGTAAATGTACTGCTTCTGACATAAAACGGATGGAAAAAATAATTTCAGAAAAATTGCACTATGAATTGGAAGCTACTACTGCCTTAAACTTTTTGCACTTATACCATACTATTATACTTTGTCATACTTCAGAAAGGAAAGAAATACTGAGCCTTGATAAACTAGAAGCTCAGCTGAAAGCTTGCAACTGCCGACTCATCTTTTCAAAAGCAAAACCATCTGTATTAGCCTTGTGCCTTCTCAATTTGGAAGTGGAAACTTTGAAATCTGTTGAATTACTGGAAATTCTCTTGCTAGTTAAAAAACATTCCAAGATTAATGACACTGAGTTCTTCTACTGGAGAGAGTTGGTTTCTAAATGCCTAGCCGAGTATTCTTCTCCTGAATGTTGCAAACCAGATCTTAAGAAGTTGGTTTGGATCGTTTCAAGGCGCACAGCCCAGAACCTCCACAACAGCTACTATAGTGTTCCTGAGCTGCCAACGATACCTGAGGGGGGTTGTTTTGATGAAAGTGAAAGTGAGGACTCTTGTGAAGATATGAGTTGTGGAGAGGAGAGTCTCAGCAGCTCTCCTCCCAGTGATCAAGAGTGCACCTTCTTTTTCAACTTCAAAGTGGCACAAACACTGTGCTTTCCATCTTGAatcgtcttc
IGFBP3_1,gaagacataATGCAGCGGGCGCGACCCACGCTCTGGGCCGCTGCGCTGACTCTGCTGGTGCTGCTCCGCGGGCCGCCGGTGGCGCGGGCTGGCGCGAGCTCGGCGGGCTTGGGTCCCGTGGTGCGCTGCGAGCCGTGCGACGCGCGTGCACTGGCCCAGTGCGCGCCTCCGCCCGCCGTGTGCGCGGAGCTGGTGCGCGAGCCGGGCTGCGGCTGCTGCCTGACGTGCGCACTGAGCGAGGGCCAGCCGTGCGGCATCTACACCGAGCGCTGTGGCTCCGGCCTTCGCTGCCAGCCGTCGCCCGACGAGGCGCGACCGCTGCAGGCGCTGCTGGACGGCCGCGGGCTCTGCGTCAACGCTAGTGCCGTCAGCCGCCTGCGCGCCTATCTGCTGCCAGCGCCGCCAGCTCCAGGTGAGCCGCCCGCGCCAGGAAATGCTAGTGAGTCGGAGGAGGACCGCAGCGCCGGCAGTGTGGAGAGCCCGAGTGTCTCCAGCACGCACCGGGTGTCTGATCCCAAGTTCCACCCCCTCCATTCAAAGATAATCATCATCAAGAAAGGGCATGCTAAAGACAGCCAGCGCTACAAAGTTGACTACGAGTCTCAGAGCACAGATACCCAGAACTTCTCCTCCGAGTCCAAGCGGGAGACAGAATATGGTCCCTGCCGTAGAGAAATGGAGGACACACTGAATCACCTGAAGTTCCTCAATGTGCTGAGTCCCAGGGGTGTACACATTCCCAACTGTGACAAGAAGGGATTTTATAAGAAAAAGCAGTGTCGCCCTTCCAAAGGCAGGAAGCGGGGCTTCTGCTGGTGTGTGGATAAGTATGGGCAGCCTCTCCCAGGCTACACCACCAAGGGGAAGGAGGACGTGCACTGCTACAGCATGCAGAGCAAGTGAatcgtcttc
DDB2_1,gaagacataATGGCTCCCAAGAAACGCCCAGAAACCCAAAAGACCTCCGAGATTGTATTACGCCCCAGGAACAAGAGGAGCAGGAGTCCCCTGGAGCTGGAGCCCGAGGCCAAGAAGCTCTGTGCGAAGGGCTCCGGTCCTAGCAGAAGATGTGACTCAGACTGCCTCTGGGTGGGGCTGGCTGGCCCACAGATCCTGCCACCATGCCGCAGCATCGTCAGGACCCTCCACCAGCATAAGCTGGGCAGAGCTTCCTGGCCATCTGTCCAGCAGGGGCTCCAGCAGTCCTTTTTGCACACTCTGGATTCTTACCGGATATTACAAAAGGCTGCCCCCTTTGACAGGAGGGCTACATCCTTGGCGTGGCACCCAACTCACCCCAGCACCGTGGCTGTGGGTTCCAAAGGGGGAGATATCATGCTCTGGAATTTTGGCATCAAGGACAAACCCACCTTCATCAAAGGGATTGGAGCTGGAGGGAGCATCACTGGGCTGAAGTTTAACCCTCTCAATACCAACCAGTTTTACGCCTCCTCAATGGAGGGAACAACTAGGCTGCAAGACTTTAAAGGCAACATTCTACGAGTTTTTGCCAGCTCAGACACCATCAACATCTGGTTTTGTAGCCTGGATGTGTCTGCTAGTAGCCGAATGGTGGTCACAGGAGACAACGTGGGGAACGTGATCCTGCTGAACATGGACGGCAAAGAGCTTTGGAATCTCAGAATGCACAAAAAGAAAGTGACGCATGTGGCCCTGAACCCATGCTGTGATTGGTTCCTGGCCACAGCCTCCGTAGATCAAACAGTGAAAATTTGGGATCTGCGCCAGGTTAGAGGGAAAGCCAGCTTCCTCTACTCGCTGCCGCACAGGCATCCTGTCAACGCAGCTTGTTTCAGTCCCGATGGAGCCCGGCTCCTGACCACGGACCAAAAGAGCGAGATCCGAGTTTACTCTGCTTCCCAGTGGGACTGCCCCCTGGGCCTGATCCCGCACCCTCACCGTCACTTCCAGCACCTCACACCCATCAAGGCAGCCTGGCATCCTCGCTACAACCTCATTGTTGTGGGCCGATACCCAGATCCTAATTTCAAAAGTTGTACCCCTTATGAATTGAGGACGATCGACGTGTTCGATGGAAACTCAGGGAAGATGATGTGTCAGCTCTATGACCCAGAATCTTCTGGCATCAGTTCGCTTAATGAATTCAATCCCATGGGGGACACGCTGGCCTCTGCAATGGGTTACCACATTCTCATCTGGAGCCAGGAGGAAGCCAGGACACGGAAGTGAatcgtcttc
ADGRB1_1,gaagacataATGAGGGGCCAGGCCGCCGCCCCGGGCCCCGTCTGGATCCTCGCCCCGCTGCTACTGCTGCTGCTGCTGCTGGGACGCCGCGCGCGGGCGGCCGCCGGAGCAGACGCGGGGCCCGGGCCCGAGCCGTGCGCCACGCTGGTGCAGGGAAAGTTCTTCGGCTACTTCTCCGCGGCCGCCGTGTTCCCGGCCAACGCCTCGCGCTGCTCCTGGACGCTACGCAACCCGGACCCGCGGCGCTACACTCTCTACATGAAGGTGGCCAAGGCGCCCGTGCCCTGCAGCGGCCCCGGCCGCGTGCGCACCTACCAGTTCGACTCCTTCCTCGAGTCCACGCGCACCTACCTGGGCGTGGAGAGCTTCGACGAGGTGCTGCGGCTCTGCGACCCCTCCGCACCCCTGGCCTTCCTGCAGGCCAGCAAGCAGTTCCTGCAGATGCGGCGCCAGCAGCCGCCCCAGCACGACGGGCTCCGGCCCCGGGCCGGGCCGCCGGGCCCCACCGACGACTTCTCCGTGGAGTACCTGGTGGTGGGGAACCGCAACCCCAGCCGTGCCGCCTGCCAGATGCTGTGCCGCTGGCTGGACGCGTGTCTGGCCGGTAGTCGCAGCTCGCACCCCTGCGGGATCATGCAGACCCCCTGCGCCTGCCTGGGCGGCGAGGCGGGCGGCCCTGCCGCGGGACCCCTGGCACCCCGCGGGGATGTCTGCTTGAGAGATGCGGTGGCTGGTGGCCCTGAAAACTGCCTCACCAGCCTGACCCAGGACCGGGGCGGGCACGGCGCCACAGGCGGCTGGAAGCTGTGGTCCCTGTGGGGCGAATGCACGCGGGACTGCGGGGGAGGCCTCCAGACGCGGACGCGCACTTGCCTGCCCGCGCCGGGCGTGGAGGGCGGCGGCTGCGAGGGGGTGCTGGAGGAGGGTCGCCAGTGCAACCGCGAGGCCTGCGGCCCCGCTGGGCGCACCAGCTCCCGGAGCCAGTCCCTGCGGTCCACAGATGCCCGGCGGCGCGAGGAGCTGGGGGACGAGCTGCAGCAGTTTGGGTTCCCAGCGCCCCAGACCGGTGACCCAGCAGCCGAGGAGTGGTCCCCGTGGAGCGTGTGCTCCAGCACGTGCGGCGAGGGCTGGCAGACCCGCACGCGCTTCTGCGTGTCCTCCTCCTACAGCACGCAGTGCAGCGGACCCCTGCGCGAGCAGCGGCTGTGCAACAACTCTGCCGTGTGCCCAGTGCATGGTGCCTGGGATGAGTGGTCGCCCTGGAGCCTCTGCTCCAGCACCTGTGGCCGTGGCTTTCGGGATCGCACGCGCACTTGCAGGCCACCCCAGTTTGGGGGCAACCCCTGTGAGGGCCCTGAGAAGCAAACCAAGTTCTGCAACATTGCCCTGTGCCCTGGCCGGGCAGTGGATGGAAACTGGAATGAGTGGTCGAGCTGGAGCGCCTGCTCCGCCAGCTGCTCCCAGGGCCGACAGCAGCGCACGCGTGAATGCAACGGGCCTTCCTACGGGGGTGCGGAGTGCCAGGGCCACTGGGTGGAAACCCGAGACTGCTTCCTGCAGCAGTGCCCAGTGGATGGCAAGTGGCAGGCCTGGGCtcgtcttc
ADGRB1_2,gaagacatGGGCGTCATGGGGCAGTTGCAGCGTCACGTGTGGGGCTGGCAGCCAGCGACGGGAGCGTGTCTGCTCTGGGCCCTTCTTCGGGGGAGCAGCCTGCCAGGGCCCCCAGGATGAGTACCGGCAGTGCGGCACCCAGCGGTGTCCCGAGCCCCATGAGATCTGTGATGAGGACAACTTTGGTGCTGTGATCTGGAAGGAAACCCCAGCGGGAGAGGTGGCTGCTGTCCGGTGTCCCCGCAACGCCACAGGACTCATCCTGCGACGGTGTGAGCTGGACGAGGAAGGAATCGCCTACTGGGAGCCGCCCACCTACATCCGCTGTGTTTCCATTGACTACAGAAACATCCAGATGATGACCCGGGAGCACCTGGCCAAGGCTCAGCGAGGGCTGCCTGGGGAGGGTGTCTCGGAGGTCATCCAGACACTGGTGGAGATCTCTCAGGACGGGACCAGCTACAGTGGGGATCTGCTGTCCACCATCGATGTCCTGAGGAACATGACAGAGATTTTCCGGAGAGCGTACTACAGCCCCACCCCTGGGGACGTACAGAACTTTGTCCAGATCCTTAGCAACCTGTTGGCAGAGGAGAATCGGGACAAGTGGGAGGAGGCCCAGCTGGCGGGCCCCAACGCCAAGGAGCTGTTCCGGCTGGTGGAGGACTTTGTGGACGTCATCGGCTTCCGCATGAAGGACCTGAGGGATGCATACCAGGTGACAGACAACCTGGTTCTCAGCATCCATAAGCTCCCAGCCAGCGGAGCCACTGACATCAGCTTCCCCATGAAGGGCTGGCGGGCCACGGGTGACTGGGCCAAGGTGCCAGAGGACAGGGTCACTGTGTCCAAGAGTGTGTTCTCCACGGGGCTGACAGAGGCCGATGAAGCATCCGTGTTTGTGGTGGGCACCGTGCTCTACAGGAACCTGGGCAGCTTCCTGGCCCTGCAGAGGAACACGACCGTCCTGAATTCTAAGGTGATCTCCGTGACTGTGAAACCCCCGCCTCGCTCCCTGCGCACACCCTTGGAGATCGAGTTTGCCCACATGTATAATGGCACCACCAACCAGACCTGTATCCTGTGGGATGAAACGGATGTACCCTCCTCCTCCGCACCCCCGCAGCTCGGGCCCTGGTCGTGGCGCGGCTGCCGCACGGTGCCCCTCGACGCCCTCCGGACGCGCTGCCTCTGTGACCGGCTCTCCACCTTCGCCATCTTAGCCCAGCTCAGCGCCGACGCGAACATGGAGAAGGCGACTCTGCCGTCGGTGACGCTCATCGTGGGCTGTGGCGTGTCCTCTCTCACCCTGCTCATGCTGGTCATCATCTACGTGTCCGTGTGGAGGTACATTCGCTCAGAGCGTTCTGTCATCCTCATCAACTTCTGCCTGTCCATCATCTCCTCCAATGCCCTCATCCTCATCGGGCAGACCCAGACCCGCAACAAGGTGGTGTGCACGCTGGTGGCCGCCTTCCTGCACTTCTTCTTCCTGTCCTCCTTCTGCTGGGTGCTCACCGAGGCCTGGCAGTCCTACATGGCGGTGACGGGCCACCTCCGGAACCGCCTCATCCGCAAGCGCTTCCTCTGCCTGGGCtcgtcttc
ADGRB1_3,gaagacatGGGCTGGGGGCTCCCTGCACTGGTTGTGGCCATTTCTGTGGGATTCACCAAGGCCAAAGGGTACAGCACCATGAACTACTGCTGGCTCTCCCTGGAGGGGGGACTGCTCTATGCCTTCGTGGGTCCTGCCGCTGCCGTTGTGCTGGTGAACATGGTCATTGGGATCCTGGTGTTCAACAAGCTCGTGTCCAAAGACGGCATCACGGACAAGAAGCTGAAGGAGCGGGCAGGGGCCTCCCTGTGGAGCTCCTGCGTGGTGCTGCCGCTGCTGGCGCTGACCTGGATGTCGGCTGTGCTCGCCGTCACCGACCGCCGCTCCGCCCTCTTCCAGATCCTCTTCGCTGTGTTCGACTCGCTGGAGGGCTTCGTCATCGTCATGGTGCACTGTATCCTCCGTAGAGAGGTCCAGGACGCTGTGAAATGCCGTGTGGTTGACCGGCAGGAGGAGGGCAACGGGGACTCAGGGGGCTCCTTCCAGAACGGCCACGCCCAGCTCATGACCGACTTCGAGAAGGACGTGGATCTGGCCTGTAGATCAGTGCTGAACAAGGATATCGCGGCCTGCCGCACTGCCACCATCACGGGCACACTGAAGCGGCCCTCTCTGCCCGAGGAGGAGAAGCTGAAGCTGGCCCATGCCAAGGGGCCGCCCACCAATTTCAACAGCCTGCCGGCCAACGTGTCCAAGCTGCATCTGCACGGCTCACCCCGCTATCCCGGCGGGCCCCTGCCCGACTTCCCCAACCACTCACTGACCCTCAAGAGGGACAAGGCGCCCAAGTCCTCCTTCGTCGGTGACGGGGACATCTTCAAGAAGCTGGACTCGGAGCTGAGCCGGGCCCAGGAGAAGGCTCTGGACACGAGCTACGTGATCCTGCCCACGGCCACGGCCACGCTGCGGCCCAAGCCCAAGGAGGAGCCCAAGTACAGCATCCACATTGACCAGATGCCGCAGACCCGCCTCATCCACCTCAGCACGGCCCCCGAGGCCAGCCTCCCCGCCCGCAGCCCGCCCTCCCGCCAGCCCCCCAGCGGCGGGCCCCCCGAGGCACCCCCTGCCCAGCCCCCACCGCCTCCGCCCCCACCGCCACCACCTCCCCAGCAGCCCCTGCCCCCACCGCCCAATCTGGAGCCGGCACCCCCCAGCCTGGGGGATCCCGGGGAGCCTGCCGCCCATCCGGGACCCAGCACGGGGCCCAGCACCAAGAACGAGAATGTCGCCACCTTGTCTGTGAGCTCCCTGGAGCGGCGGAAGTCGCGGTATGCAGAACTGGACTTTGAGAAGATCATGCACACCCGGAAGCGGCACCAAGACATGTTCCAGGACCTGAACCGGAAGCTGCAGCACGCAGCGGAGAAGGACAAGGAGGTGCTGGGGCCGGACAGCAAGCCGGAAAAGCAGCAGACGCCCAACAAGAGGCCCTGGGAGAGCCTCCGGAAAGCCCACGGGACGCCCACGTGGGTGAAGAAGGAGCTGGAGCCGCTGCAGCCGTCGCCGCTGGAGCTTCGCAGCGTGGAGTGGGAGAGGTCGGGCGCCACGATCCCGCTGGTGGGCCAGGACATCATCGACCTCCAGACCGAGGTCTGAatcgtcttc
RPRM_1,gaagacataATGAATCCGGCCCTAGGCAACCAGACGGACGTGGCGGGCCTGTTCCTGGCCAACAGCAGCGAGGCGCTGGAGCGAGCCGTGCGCTGCTGCACCCAGGCGTCCGTGGTGACCGACGACGGCTTCGCGGAGGGAGGCCCGGACGAGCGTAGCCTGTACATAATGCGCGTGGTGCAGATCGCGGTCATGTGCGTGCTCTCACTCACCGTGGTGTTCGGCATCTTCTTCCTCGGCTGCAATCTGCTCATCAAGTCCGAGGGCATGATCAACTTCCTCGTGAAGGACCGGAGGCCGTCTAAGGAGGTGGAGGCGGTGGTCGTGGGGCCCTACTGAatcgtcttc
FAS_1,gaagacataATGCTGGGCATCTGGACCCTCCTACCTCTGGTTCTTACGTCTGTTGCTAGATTATCGTCCAAAAGTGTTAATGCCCAAGTGACTGACATCAACTCCAAGGGATTGGAATTGCGTAAGACTGTTACTACAGTTGAGACTCAGAACTTGGAAGGCCTGCATCATGATGGCCAATTCTGCCATAAGCCCTGTCCTCCAGGTGAAAGGAAAGCTAGGGACTGCACAGTCAATGGGGATGAACCAGACTGCGTGCCCTGCCAAGAAGGGAAGGAGTACACAGACAAAGCCCATTTTTCTTCCAAATGCAGAAGATGTAGATTGTGTGATGAAGGACATGGCTTAGAAGTGGAAATAAACTGCACCCGGACCCAGAATACCAAGTGCAGATGTAAACCAAACTTCTTTTGTAACTCTACTGTATGTGAACACTGTGACCCTTGCACCAAATGTGAACATGGAATCATCAAGGAATGCACACTCACCAGCAACACCAAGTGCAAAGAGGAAGGATCCAGATCTAACTTGGGGTGGCTTTGCCTTCTTCTTTTGCCAATTCCACTAATTGTTTGGGTGAAGAGAAAGGAAGTACAGAAAACATGCAGAAAGCACAGAAAGGAAAACCAAGGTTCTCATGAATCTCCAACTTTAAATCCTGAAACAGTGGCAATAAATTTATCTGATGTTGACTTGAGTAAATATATCACCACTATTGCTGGAGTCATGACACTAAGTCAAGTTAAAGGCTTTGTTCGAAAGAATGGTGTCAATGAAGCCAAAATAGATGAGATCAAGAATGACAATGTCCAAGACACAGCAGAACAGAAAGTTCAACTGCTTCGTAATTGGCATCAACTTCATGGAAAGAAAGAAGCGTATGACACATTGATTAAAGATCTCAAAAAAGCCAATCTTTGTACTCTTGCAGAGAAAATTCAGACTATCATCCTCAAGGACATTACTAGTGACTCAGAAAATTCAAACTTCAGAAATGAAATCCAAAGCTTGGTCTGAatcgtcttc
TP53AIP1_1,gaagacataATGGGATCTTCCTCTGAGGCGAGCTTCAGATCTGCTCAAGCTTCCTGCAGTGGGGCCAGGAGGCAGGGCCTGGGCAGGGGCGACCAGAACCTCTCGGTGATGCCTCCGAATGGCAGGGCTCAGACACACACACCTGGCTGGGTTTCAGATCCCTTAGTTTTGGGTGCCCAAGTTCACGGAGGGTGCCGGGGAATAGAAGCTCTGTCAGTCTCGTCTGGATCTTGGTCCTCAGCAACTGTCTGGATCCTGACAGGCCTTGGTCTAGGGCTCTCCAGGCCTTTCCTTCCTGGAGCCACAGTGCTTAGAGACAGGCCACTGGGGTCAGCATTTGAGCTCAGCTATGATCAGAAAAAAGCACCGTTGAGGTTGCAGTGAatcgtcttc
EI24_1,gaagacataATGGCTGACAGTGTCAAAACCTTTCTCCAGGACCTTGCCAGAGGAATCAAAGACTCCATCTGGGGTATTTGTACCATCTCAAAGCTAGATGCTCGAATCCAGCAAAAGAGAGAGGAGCAGCGTCGAAGAAGGGCAAGTAGTGTCTTGGCACAGCGCAGAGCCCAGAGTATAGAGCGGAAGCAAGAGAGTGAGCCACGTATTGTTAGTAGAATTTTCCAGTGTTGTGCTTGGAATGGTGGAGTGTTCTGGTTCAGTCTCCTCTTGTTTTATCGAGTATTTATTCCTGTGCTTCAGTCGGTAACAGCCCGAATTATCGGTGACCCATCACTACATGGAGATGTTTGGTCGTGGCTGGAATTCTTCCTCACGTCAATTTTCAGTGCTCTTTGGGTGCTCCCCTTGTTTGTGCTTAGCAAAGTGGTGAATGCCATTTGGTTTCAGGATATAGCTGACCTGGCATTTGAGGTATCAGGGAGGAAGCCTCACCCATTCCCTAGTGTCAGCAAAATAATTGCTGACATGTTATTCAACCTTTTGCTGCAGGCTCTTTTCCTCATTCAGGGAATGTTTGTGAGTCTCTTTCCCATCCATCTTGTCGGTCAGCTGGTTAGTCTCCTGCATATGTCCCTTCTCTACTCACTGTACTGCTTTGAATATCGTTGGTTCAATAAAGGAATTGAAATGCACCAGCGGTTGTCTAACATAGAAAGGAATTGGCCTTACTACTTTGGGTTTGGTTTGCCCTTGGCTTTTCTCACAGCAATGCAGTCCTCATATATTATCAGTGGCTGCCTTTTCTCTATCCTCTTTCCTTTATTCATTATCAGCGCCAATGAAGCAAAGACCCCTGGCAAAGCATATCTCTTCCAGTTGCGCCTCTTCTCCTTGGTGGTTTTCTTAAGCAACAGACTCTTCCACAAGACAGTCTATCTGCAGTCGGCCCTGAGCAGCTCTACTTCTGCAGAGAAGTTCCCTTCACCGCATCCGTCGCCTGCCAAACTGAAGGCTACTGCGGGTCACTGAatcgtcttc
ZMAT3_1,gaagacataATGATCCTCTTGCAACACGCCGTGCTTCCTCCACCTAAGCAGCCCTCACCCTCGCCTCCTATGTCAGTGGCCACCAGGTCTACAGGAACCTTGCAGCTTCCACCACAGAAGCCTTTTGGGCAGGAGGCTTCCTTGCCTCTTGCAGGGGAAGAAGAGTTATCGAAGGGAGGGGAGCAAGACTGTGCCCTGGAGGAGCTATGTAAGCCCCTGTACTGCAAACTCTGCAATGTCACCTTGAACTCTGCACAGCAAGCCCAGGCTCATTATCAGGGTAAAAATCATGGTAAGAAACTCCGAAATTACTATGCAGCAAATAGCTGTCCTCCTCCTGCTAGAATGAGCAATGTGGTCGAGCCTGCAGCTACTCCAGTTGTTCCAGTCCCTCCGCAGATGGGCTCCTTTAAGCCAGGAGGCCGAGTGATCCTGGCCACGGAGAATGATTACTGTAAGCTCTGTGATGCCTCCTTCAGTTCCCCAGCTGTGGCTCAGGCTCACTATCAAGGGAAGAATCATGCCAAGAGGCTGCGGCTGGCGGAAGCTCAGAGTAACTCATTCTCGGAATCCTCAGAGCTGGGTCAACGGCGGGCCAGGAAAGAAGGGAATGAGTTTAAGATGATGCCTAACAGGAGAAATATGTATACAGTACAGAATAATTCAGCTGGTCCTTACTTCAATCCCCGCTCTCGGCAGAGAATTCCACGTGATCTGGCCATGTGTGTTACTCCAAGTGGCCAGTTTTACTGCTCAATGTGTAATGTTGGAGCTGGCGAAGAGATGGAATTCCGGCAGCATTTAGAGAGCAAGCAACATAAGAGCAAGGTGTCTGAACAGCGGTACAGGAATGAGATGGAGAATCTGGGATATGTATGAatcgtcttc
SHISA5_1,gaagacataATGACTGCGCCGGTCCCCGCGCCGCGGATCCTGTTGCCGTTGCTGTTGCTGCTGCTGCTAACGCCGCCTCCGGGTGCACGTGGTGAGGTGTGTATGGCTTCCCGTGGACTCAGCCTCTTCCCCGAGTCCTGTCCAGATTTCTGCTGTGGTACCTGTGATGACCAATACTGCTGCTCTGACGTGCTGAAGAAATTTGTGTGGAGCGAGGAAAGGTGTGCTGTGCCTGAGGCCAGCGTGCCTGCCAGTGTAGAGCCGGTGGAGCAGCTGGGCTCGGCGCTGAGGTTTCGCCCTGGCTACAACGACCCCATGTCAGGGTTCGGAGCGACCTTGGCCGTTGGCCTGACCATCTTTGTGCTGTCTGTCGTCACTATCATCATCTGCTTCACTTGCTCCTGCTGCTGCCTTTACAAGACGTGCCGCCGACCACGTCCGGTTGTCACCACCACCACATCCACCACTGTGGTGCATGCCCCTTATCCTCAGCCTCCAAGTGTGCCGCCCAGCTACCCTGGACCAAGCTACCAGGGCTACCACACCATGCCGCCTCAGCCAGGGATGCCAGCAGCACCCTACCCAATGCAGTACCCACCACCTTACCCAGCCCAGCCCATGGGCCCACCGGCCTACCACGAAACCCTGGCTGGAGGAGCAGCCGCGCCCTACCCCGCCAGCCAGCCTCCTTACAACCCGGCCTACATGGATGCCCCGAAGGCGGCCCTCTGAatcgtcttc
C1r_1,gaagacataATGTGGCTCTTGTACCTCCTGGTGCCGGCCCTGTTCTGCAGGGCAGGAGGCTCCATTCCCATCCCTCAGAAGTTATTTGGGGAGGTGACTTCCCCTCTGTTCCCCAAGCCTTACCCCAACAACTTTGAAACAACCACTGTGATCACAGTCCCCACGGGATACAGGGTGAAGCTCGTTTTCCAGCAGTTTGACCTGGAGCCTTCTGAAGGCTGCTTCTATGATTATGTCAAGATCTCTGCTGATAAGAAAAGCCTGGGGAGGTTCTGTGGGCAACTGGGTTCTCCACTGGGCAACCCCCCGGGAAAGAAGGAATTTATGTCCCAAGGGAACAAGATGCTGCTGACCTTCCACACAGACTTCTCCAACGAGGAGAATGGGACCATCATGTTCTACAAGGGCTTCCTGGCCTACTACCAAGCTGTGGACCTTGATGAATGTGCTTCCCGGAGCAAATCAGGGGAGGAGGATCCCCAGCCCCAGTGCCAGCACCTGTGTCACAACTACGTTGGAGGCTACTTCTGTTCCTGCCGTCCAGGCTATGAGCTTCAGGAGGACAGGCATTCCTGCCAGGCTGAGTGCAGCAGCGAGCTGTACACGGAGGCATCAGGCTACATCTCCAGCCTGGAGTACCCTCGGTCCTACCCCCCTGATCTGCGCTGCAACTACAGCATCCGGGTGGAGCGGGGCCTCACCCTGCACCTCAAGTTCCTGGAGCCTTTTGATATTGATGACCACCAGCAAGTACACTGCCCCTATGACCAGCTACAGATCTATGCCAACGGGAAGAACATTGGCGAGTTCTGTGGGAAGCAAAGGCCCCCCGACCTCGACACCAGCAGCAATGCTGTGGATCTGCTGTTCTTCACAGATGAGTCGGGGGACAGCCGGGGCTGGAAGCTGCGCTACACCACCGAGATCATCAAGTGCCCCCAGCCCAAGACCCTAGACGAGTTCACCATCATCCAGAATCTGCAGCCTCAGTACCAGTTCCGTGACTACTTCATTGCTACATGCAAGCAAGGCTACCAGCTCATAGAGGGGAACCAGGTGCTGCATTCCTTtcgtcttc
C1r_2,gaagacatCCTTCACAGCTGTCTGCCAGGATGATGGCACGTGGCATCGTGCCATGCCCAGATGCAAGATCAAGGACTGTGGGCAGCCCCGAAATCTGCCTAATGGTGACTTCCGTTACACCACCACAATGGGAGTGAACACCTACAAGGCCCGTATCCAGTACTACTGCCATGAGCCATATTACAAGATGCAGACCAGAGCTGGCAGCAGGGAGTCTGAGCAAGGGGTGTACACGTGCACAGCACAGGGCATTTGGAAGAATGAACAGAAGGGAGAGAAGATTCCTCGGTGCTTGCCAGTGTGTGGGAAGCCCGTGAACCCCGTGGAACAGAGGCAGCGCATCATCGGAGGGCAAAAAGCCAAGATGGGCAACTTCCCCTGGCAAGTGTTCACCAACATCCACGGGCGCGGGGGCGGGGCCCTGCTGGGCGACCGCTGGATCCTCACAGCTGCCCACACCCTGTATCCCAAGGAACACGAAGCGCAAAGCAACGCCTCTTTGGATGTGTTCCTGGGCCACACAAATGTGGAGGAGCTCATGAAGCTAGGAAATCACCCCATCCGCAGGGTCAGCGTCCACCCGGACTACCGTCAGGATGAGTCCTACAATTTTGAGGGGGATATCGCCCTGCTGGAGCTGGAAAATAGTGTCACCCTGGGTCCCAACCTCCTCCCCATCTGCCTCCCTGACAACGATACCTTCTACGACCTGGGCTTGATGGGCTATGTCAGTGGCTTCGGGGTCATGGAGGAGAAGATTGCTCATGACCTCAGGTTTGTCCGTCTGCCCGTAGCTAATCCACAGGCCTGTGAGAACTGGCTCCGGGGAAAGAATAGGATGGATGTGTTCTCTCAAAACATGTTCTGTGCTGGACACCCATCTCTAAAGCAGGACGCCTGCCAGGGGGATAGTGGGGGCGTTTTTGCAGTAAGGGACCCGAACACTGATCGCTGGGTGGCCACGGGCATCGTGTCCTGGGGCATCGGGTGCAGCAGGGGCTATGGCTTCTACACCAAAGTGCTCAACTACGTGGACTGGATCAAGAAAGAGATGGAGGAGGAGGACTGAatcgtcttc
C1s_1,gaagacataATGTGGTGCATTGTCCTGTTTTCACTTTTGGCATGGGTTTATGCTGAGCCTACCATGTATGGGGAGATCCTGTCCCCTAACTATCCTCAGGCATATCCCAGTGAGGTAGAGAAATCTTGGGACATAGAAGTTCCTGAAGGGTATGGGATTCACCTCTACTTCACCCATCTGGACATTGAGCTGTCAGAGAACTGTGCGTATGACTCAGTGCAGATAATCTCAGGAGACACTGAAGAAGGGAGGCTCTGTGGACAGAGGAGCAGTAACAATCCCCACTCTCCAATTGTGGAAGAGTTCCAAGTCCCATACAACAAACTCCAGGTGATCTTTAAGTCAGACTTTTCCAATGAGGAGCGTTTTACGGGGTTTGCTGCATACTATGTTGCCACAGACATAAATGAATGCACAGATTTTGTAGATGTCCCTTGTAGCCACTTCTGCAACAATTTCATTGGTGGTTACTTCTGCTCCTGCCCCCCGGAATATTTCCTCCATGATGACATGAAGAATTGCGGAGTTAATTGCAGTGGGGATGTATTCACTGCACTGATTGGGGAGATTGCAAGTCCCAATTATCCCAAACCATATCCAGAGAACTCAAGGTGTGAATACCAGATCCGGTTGGAGAAAGGGTTCCAAGTGGTGGTGACCTTGCGGAGAGAAGATTTTGATGTGGAAGCAGCTGACTCAGCGGGAAACTGCCTTGACAGTTTAGTTTTTGTTGCAGGAGATCGGCAATTTGGTCCTTACTGTGGTCATGGATTCCCTGGGCCTCTAAATATTGAAACCAAGAGTAATGCTCTTGATATCATCTTCCAAACTGATCTAACAGGGCAGAAAAAGGGCTGGAAACTTCGCTATCATGGAGATCCAATGCCCTGCCCTAAGGAGGACACTCCCAATTCTGTTTGGGAGCCTGCGAAGGCAAAATATGTCTTTAGAGATGTGGTGCAGATAACCTGTCTGGATGGGTTTGAAGTTGTGGAGGGACGTGTTGGTGCAACATCTTTCTATTCGACTTGTCAAAGCAATGGAtcgtcttc
C1s_2,gaagacatTGGAAAGTGGAGTAATTCCAAACTGAAATGTCAACCTGTGGACTGTGGCATTCCTGAATCCATTGAGAATGGTAAAGTTGAGGACCCAGAGAGCACTTTGTTTGGTTCTGTCATCCGCTACACTTGTGAGGAGCCATATTACTACATGGAAAATGGAGGAGGTGGGGAGTATCACTGTGCTGGTAACGGGAGCTGGGTGAATGAGGTGCTGGGCCCGGAGCTGCCGAAATGTGTTCCAGTCTGTGGAGTCCCCAGAGAACCCTTTGAAGAAAAACAGAGGATAATTGGAGGATCCGATGCAGATATTAAAAACTTCCCCTGGCAAGTTTTCTTTGACAACCCATGGGCTGGTGGAGCGCTCATTAATGAGTACTGGGTGCTGACGGCTGCTCATGTTGTGGAGGGAAACAGGGAGCCAACAATGTATGTTGGGTCCACCTCAGTGCAGACCTCACGGCTGGCAAAATCCAAGATGCTCACTCCTGAGCATGTGTTTATTCATCCGGGATGGAAGCTGCTGGAAGTCCCAGAAGGACGAACCAATTTTGATAATGACATTGCACTGGTGCGGCTGAAAGACCCAGTGAAAATGGGACCCACAGTCTCTCCCATCTGCCTACCAGGCACCTCTTCCGACTACAACCTCATGGATGGGGACCTGGGACTGATCTCAGGCTGGGGCCGAACAGAGAAGAGAGATCGTGCTGTTCGCCTCAAGGCGGCAAGGTTACCTGTAGCTCCTTTAAGAAAATGCAAAGAAGTGAAAGTGGAGAAACCCACAGCAGATGCAGAGGCCTATGTTTTCACTCCTAACATGATCTGTGCTGGAGGAGAGAAGGGCATGGATAGCTGTAAAGGGGACAGTGGTGGGGCCTTTGCTGTACAGGATCCCAATGACAAGACCAAATTCTACGCAGCTGGCCTGGTGTCCTGGGGGCCCCAGTGTGGGACCTATGGGCTCTACACACGGGTAAAGAACTATGTTGACTGGATAATGAAAACTATGCAGGAAAATAGCACCCCCCGTGAGGACTGAatcgtcttc
C2_1,gaagacataATGGGCCCACTGATGGTTCTTTTTTGCCTGCTGTTCCTGTACCCAGGTCTGGCAGACTCGGCTCCCTCCTGCCCTCAGAACGTGAATATCTCGGGTGGCACCTTCACCCTCAGCCATGGCTGGGCTCCTGGGAGCCTTCTCACCTACTCCTGCCCCCAGGGCCTGTACCCATCCCCAGCATCACGGCTGTGCAAGAGCAGCGGACAGTGGCAGACCCCAGGAGCCACCCGTTCTCTGTCTAAGGCGGTCTGCAAACCTGTGCGCTGTCCAGCCCCTGTCTCCTTTGAGAATGGCATTTATACCCCACGGCTGGGGTCCTATCCCGTGGGTGGCAATGTGAGCTTCGAGTGTGAGGATGGCTTCATATTGCGGGGCTCGCCTGTGCGTCAGTGTCGCCCCAACGGCATGTGGGATGGAGAAACAGCTGTGTGTGATAATGGGGCTGGCCACTGCCCCAACCCAGGCATTTCACTGGGCGCAGTGCGGACAGGCTTCCGCTTTGGTCATGGGGACAAGGTCCGCTATCGCTGCTCCTCGAATCTTGTGCTCACGGGTTCTTCGGAGCGGGAGTGCCAGGGCAACGGGGTCTGGAGTGGAACGGAGCCCATCTGCCGCCAACCCTACTCTTATGACTTCCCTGAGGACGTGGCCCCTGCCCTGGGCACTTCCTTCTCCCACATGCTTGGGGCCACCAATCCCACCCAAAAGACAAAGGAAAGCCTGGGCCGTAAAATCCAAATCCAGCGCTCTGGTCATCTGAACCTCTATCTGCTCCTGGACTGTTCGCAGAGTGTGTCGGAAAATGACTTTCTCATCTTCAAGGAGAGCGCCTCCCTCATGGTGGACAGGATCTTCAGCTTTGAGATCAATGTGAGCGTTGCCATTATCACCTTTGCCTCAGAGCCCAAAGTCCTCATGTCTGTCCTGAACGACAACTCCCGGGATATGACTGAGGTGATCAGCAGCCTGGAAAATGCCAACTATAAAGATCATGAAAATGGAACTGGGACTAACACCTATGCGGCCTTAAACAGTGTCTATCTCATGATGAACAACCAAATGCGACTCCTCGGCATGGAAACGATGGCCTGGCAGGAAATCCGACATGCCATCATCCTTCTGACAGATGGAtcgtcttc
C2_2,gaagacatTGGAAAGTCCAATATGGGTGGCTCTCCCAAGACAGCTGTTGACCATATCAGAGAGATCCTGAACATCAACCAGAAGAGGAATGACTATCTGGACATCTATGCCATCGGGGTGGGCAAGCTGGATGTGGACTGGAGAGAACTGAATGAGCTAGGGTCCAAGAAGGATGGTGAGAGGCATGCCTTCATTCTGCAGGACACAAAGGCTCTGCACCAGGTCTTTGAACATATGCTGGATGTCTCCAAGCTCACAGACACCATCTGCGGGGTGGGGAACATGTCAGCAAACGCCTCTGACCAGGAGAGGACACCCTGGCATGTCACTATTAAGCCCAAGAGCCAAGAGACTTGCCGGGGGGCCCTCATCTCCGACCAATGGGTCCTGACAGCAGCTCATTGCTTCCGTGATGGCAACGACCACTCCCTGTGGAGGGTCAATGTGGGCGACCCCAAATCCCAGTGGGGCAAAGAATTCCTTATTGAGAAGGCGGTGATCTCCCCAGGGTTTGATGTCTTTGCCAAAAAGAACCAGGGAATCCTGGAGTTCTATGGTGATGACATAGCTCTGCTGAAGCTGGCCCAGAAAGTAAAGATGTCCACCCATGCCAGGCCCATCTGCCTTCCCTGCACGATGGAGGCCAATCTGGCTCTGCGTAGACCTCAAGGCAGCACCTGTAGGGACCATGAGAATGAACTGCTGAACAAACAGAGTGTTCCTGCTCATTTTGTCGCCTTGAATGGGAGCAAACTGAACATTAACCTTAAGATGGGAGTGGAGTGGACAAGCTGTGCCGAGGTTGTCTCCCAAGAAAAAACCATGTTCCCCAACTTGACAGATGTCAGGGAGGTGGTGACAGACCAGTTCCTATGCAGTGGGACCCAGGAGGATGAGAGTCCCTGCAAGGGAGAATCTGGGGGAGCAGTTTTCCTTGAGCGGAGATTCAGGTTTTTTCAGGTGGGTCTGGTGAGCTGGGGTCTTTACAACCCCTGCCTTGGCTCTGCTGACAAAAACTCCCGCAAAAGGGCCCCTCGTAGCAAGGTCCCGCCGCCACGAGACTTTCACATCAATCTCTTCCGCATGCAGCCCTGGCTGAGGCAGCACCTGGGGGATGTCCTGAATTTTTTACCCCTCTGAatcgtcttc
C3_1,gaagacataATGGGACCCACCTCAGGTCCCAGCCTGCTGCTCCTGCTACTAACCCACCTCCCCCTGGCTCTGGGGAGTCCCATGTACTCTATCATCACCCCCAACATCTTGCGGCTGGAGAGCGAGGAAACCATGGTGCTGGAGGCCCACGACGCGCAAGGGGATGTTCCAGTCACTGTTACTGTCCACGACTTCCCAGGCAAAAAACTAGTGCTGTCCAGTGAAAAGACTGTGCTGACCCCTGCCACCAACCACATGGGCAACGTCACCTTCACGATCCCAGCCAACAGGGAGTTCAAGTCAGAAAAGGGGCGCAACAAGTTCGTGACCGTGCAGGCCACCTTCGGGACCCAAGTGGTGGAGAAGGTGGTGCTGGTCAGCCTGCAGAGCGGGTACCTCTTCATCCAGACAGACAAGACCATCTACACCCCTGGCTCCACAGTTCTCTATCGGATCTTCACCGTCAACCACAAGCTGCTACCCGTGGGCCGGACGGTCATGGTCAACATTGAGAACCCGGAAGGCATCCCGGTCAAGCAGGACTCCCTTTCTTCTCAGAACCAGCTTGGCGTCTTGCCCTTGTCTTGGGACATTCCGGAACTCGTCAACATGGGCCAGTGGAAGATCCGAGCCTACTATGAAAACTCACCACAACAGGTGTTCTCCACTGAGTTTGAGGTGAAGGAGTACGTGCTGCCCAGTTTCGAGGTCATAGTGGAGCCTACAGAGAAATTCTACTACATCTATAACGAGAAGGGCCTGGAGGTCACCATCACCGCCAGGTTCCTCTACGGGAAGAAAGTGGAGGGAACTGCCTTTGTCATCTTCGGGATCCAGGATGGCGAACAGAGGATTTCCCTGCCTGAATCCCTCAAGCGCATTCCGATTGAGGATGGCTCGGGGGAGGTTGTGCTGAGCCGGAAGGTACTGCTGGACGGGGTGCAGAACCCCCGAGCAGAGGACCTGGTGGGGAAGTCTTTGTACGTGTCTGCCACCGTCATCTTGCACTCAGGCAGTGACATGGTGCAGGCAGAGCGCAGCGGGATCCCCATCGTGACCTCTCCCTACCAGATCCACTTCACCAAGACACCCAAGTACTTCAAACCAGGAATGCCCTTTGACCTCATGGTGTTCGTGACGAACCCTGATGGCTCTCCAGCCTACCGAGTCCCCGTGGCAGTCCAGGGCGAGGACACTGTGCAGTCTCTAACCCAGGGAGATGGCGTGGCCAAACTCAGCATCAACACACACCCCAGCCAGAAGCCCTTGAGCATCACGGTGCGCACGAAGAAGCAGGAGCTCTCGGAGGCAGAGCAGGCTACCAGGACCATGCAGGCTCTGCCCTACAGCACCGTGGGCAACTCCAACAATTATCTGCATCTCTCAGTGCTACGTACAGAGCTCAGACCCGGGGAAACCCTCAACGTCAACTTCCTCCTGCGAATGGACCGCGCCCACGAGGCCAAGATCCGCTACTACACCTACCTGATCATGAACAAGGGCAGGCTGTTGAAGGCGGGACGCCAGGTGCGAGAGCCCGGCCAGGACCTGGTGGTGCTGCCCCTGTCCATCACCACCGACTTCATCCCTTCCTTCCGCCTGGTGGCGTACTACACGCTGATCGGTGCCAGCGGCCAGAGGGAGGTGGTGGCCGACTCCGTGTGGGTGGACGTCtcgtcttc
C3_2,gaagacatCGTCAAGGACTCCTGCGTGGGCTCGCTGGTGGTAAAAAGCGGCCAGTCAGAGGACCGGCAGCCTGTACCTGGGCAGCAGATGACCCTGAAGATAGAGGGTGACCACGGGGCCCGGGTGGTACTGGTGGCCGTGGACAAGGGCGTGTTCGTGCTGAATAAGAAGAACAAACTGACGCAGAGTAAGATCTGGGACGTGGTGGAGAAGGCAGACATCGGCTGCACCCCGGGCAGTGGGAAGGATTACGCCGGTGTATTCTCCGACGCAGGGCTGACCTTCACGAGCAGCAGTGGCCAGCAGACCGCCCAGAGGGCAGAACTTCAGTGCCCGCAGCCAGCCGCCCGCCGACGCCGTTCCGTGCAGCTCACGGAGAAGCGAATGGACAAAGTCGGCAAGTACCCCAAGGAGCTGCGCAAGTGCTGCGAGGACGGCATGCGGGAGAACCCCATGAGGTTCTCGTGCCAGCGCCGGACCCGTTTCATCTCCCTGGGCGAGGCGTGCAAGAAGGTATTCCTGGACTGCTGCAACTACATCACAGAGCTGCGGCGGCAGCACGCGCGGGCCAGCCACCTGGGCCTGGCCAGGAGTAACCTGGATGAGGACATCATTGCAGAAGAGAACATCGTTTCCCGAAGTGAGTTCCCAGAGAGCTGGCTGTGGAACGTTGAGGACTTGAAAGAGCCACCGAAAAATGGAATCTCTACGAAGCTCATGAATATATTTTTGAAAGACTCCATCACCACGTGGGAGATTCTGGCTGTGAGCATGTCGGACAAGAAAGGGATCTGTGTGGCAGACCCCTTCGAGGTCACAGTAATGCAGGACTTCTTCATCGATCTGCGGCTACCCTACTCTGTTGTTCGAAACGAACAGGTGGAAATCCGAGCCGTTCTCTACAATTACCGGCAGAACCAAGAGCTCAAGGTGAGGGTGGAACTACTCCACAATCCAGCCTTCTGCAGCCTGGCCACCACCAAGAGGCGTCACCAGCAGACCGTAACCATTCCCCCCAAGTCCTCGTTGTCCGTTCCATATGTCATCGTGCCGCTAAAGACCGGCCTGCAGGAAGTGGAAGTCAAGGCTGCTGTCTACCATCATTTCATCAGTGACGGTGTCAGGAAGTCCCTGAAGGTCGTGCCGGAAGGAATCAGAATGAACAAAACTGTGGCTGTTCGCACCCTGGATCCAGAACGCCTGGGCCGTGAAGGAGTGCAGAAAGAGGACATCCCTCCTGCAGACCTCAGTGACCAAGTCCCGGACACCGAGTCTGAAACCAGAATTCTCCTGCAAGGGACCCCAGTGGCCCAGATGACAGAGGATGCCGTCGACGCGGAACGGCTGAAGCACCTCATTGTGACCCCCTCGGGCTGCGGGGAACAGAACATGATCGGCATGACGCCCACGGTTATCGCTGTGCATTACCTGGATGAAACGGAGCAGTGGGAGAAGTTCGGCCTAGAGAAGCGGCAGGGGGCCTTGGAGCTCATCAAGAAGGGGTACACCCAGCAGCTGGCCTTCAGACAACCCAGCTCTGCCTTTGCGGCCTTCGTGAAACGGGCACCCAGCACCTGGCTGACCGCCTACGTGGTCAAGGTTTTCTCTCTGGCTGTCAACCTTATCGCCATCGACTCCCAAGTCCTCTGCGGGGCTGTTAAATGGCTGATCCTGGAtcgtcttc
C3_3,gaagacatTGGAGAAGCAGAAGCCCGACGGGGTATTCCAGGAGGATGCGCCCGTGATACACCAAGAAATGATTGGTGGATTACGGAACAACAACGAGAAAGACATGGCCCTCACGGCCTTTGTTCTCATCTCGCTGCAGGAGGCTAAAGATATTTGCGAGGAACAGGTCAACAGCCTGCCAGGCAGCATCACTAAAGCAGGAGACTTCCTTGAAGCCAACTACATGAACCTACAGAGATCCTACACTGTGGCCATTGCTGGCTATGCTCTGGCCCAGATGGGCAGGCTGAAGGGGCCTCTTCTTAACAAATTTCTGACCACAGCCAAAGATAAGAACCGCTGGGAGGACCCTGGTAAGCAGCTCTACAACGTGGAGGCCACATCCTATGCCCTCTTGGCCCTACTGCAGCTAAAAGACTTTGACTTTGTGCCTCCCGTCGTGCGTTGGCTCAATGAACAGAGATACTACGGTGGTGGCTATGGCTCTACCCAGGCCACCTTCATGGTGTTCCAAGCCTTGGCTCAATACCAAAAGGACGCCCCTGACCACCAGGAACTGAACCTTGATGTGTCCCTCCAACTGCCCAGCCGCAGCTCCAAGATCACCCACCGTATCCACTGGGAATCTGCCAGCCTCCTGCGATCAGAAGAAACCAAGGAAAATGAGGGTTTCACAGTCACAGCTGAAGGAAAAGGCCAAGGCACCTTGTCGGTGGTGACAATGTACCATGCTAAGGCCAAAGATCAACTCACCTGTAATAAATTCGACCTCAAGGTCACCATAAAACCAGCACCGGAAACAGAAAAGAGGCCTCAGGATGCCAAGAACACTATGATCCTTGAGATCTGTACCAGGTACCGGGGCGACCAGGATGCCACTATGTCTATATTGGACATATCCATGATGACTGGCTTTGCTCCAGACACAGATGACCTGAAGCAGCTGGCCAATGGTGTTGACAGATACATCTCCAAGTATGAGCTGGACAAAGCCTTCTCCGATAGGAACACCCTCATCATCTACCTGGACAAAGTCTCACACTCTGAGGATGACTGTCTAGCTTTCAAAGTTCACCAATACTTTAATGTAGAGCTTATCCAGCCTGGAGCAGTCAAGGTCTACGCCTATTACAACCTGGAGGAAAGCTGTACCCGGTTCTACCATCCGGAAAAGGAGGATGGAAAGCTGAACAAGCTCTGCCGTGATGAACTGTGCCGCTGTGCTGAGGAGAATTGCTTCATACAAAAGTCGGATGACAAGGTCACCCTGGAAGAACGGCTGGACAAGGCCTGTGAGCCAGGAGTGGACTATGTGTACAAGACCCGACTGGTCAAGGTTCAGCTGTCCAATGACTTTGACGAGTACATCATGGCCATTGAGCAGACCATCAAGTCAGGCTCGGATGAGGTTCAGGTTGGACAGCAGCGCACGTTCATCAGCCCCATCAAGTGCAGAGAAGCCCTGAAGCTGGAGGAGAAGAAACACTACCTCATGTGGGGCCTCTCCTCCGATTTCTGGGGAGAGAAGCCCAACCTCAGCTACATCATCGGGAAGGACACTTGGGTGGAGCACTGGCCCGAGGAGGACGAATGCCAAGACGAAGAGAACCAGAAACAATGCCAGGACCTCGGCGCCTTCACCGAGAGCATGGTTGTCTTTGGGTGCCCCAACTGAatcgtcttc
C4precursor_1,gaagacataATGAGGCTGCTCTGGGGGCTGATCTGGGCATCCAGCTTCTTCACCTTATCTCTGCAGAAGCCCAGGTTGCTCTTGTTCTCTCCTTCTGTGGTTCATCTGGGGGTCCCCCTATCGGTGGGGGTGCAGCTCCAGGATGTGCCCCGAGGACAGGTAGTGAAAGGATCAGTGTTCCTGAGAAACCCATCTCGTAATAATGTCCCCTGCTCCCCAAAGGTGGACTTCACCCTTAGCTCAGAAAGAGACTTCGCACTCCTCAGTCTCCAGGTGCCCTTGAAAGATGCCAAGAGCTGTGGCCTCCATCAACTCCTCAGAGGCCCTGAGGTCCAGCTGGTGGCCCATTCGCCATGGCTAAAGGACTCTCTGTCCAGAACGACAAACATCCAGGGTATCAATTTACTCTTCTCCTCTCGCCGGGGGCACCTCTTTTTGCAGACGGACCAGCCCATTTACAACCCTGGCCAGCGGGTTCGGTACCGGGTCTTTGCTCTGGATCAGAAGATGCGCCCGAGCACTGACACCATCACAGTCATGGTGGAGAACTCTCACGGCCTCCGCGTGCGGAAGAAGGAGGTGTACATGCCCTCGTCCATCTTCCAGGATGACTTTGTGATCCCAGACATCTCAGAGCCAGGGACCTGGAAGATCTCAGCCCGATTCTCAGATGGCCTGGAATCCAACAGCAGCACCCAGTTTGAGGTGAAGAAATATGTCCTTCCCAACTTTGAGGTGAAGATCACCCCTGGAAAGCCCTACATCCTGACGGTGCCAGGCCATCTTGATGAAATGCAGTTAGACATCCAGGCCAGGTACATCTATGGGAAGCCAGTGCAGGGGGTGGCATATGTGCGCTTTGGGCTCCTAGATGAGGATGGTAAAAAGACTTTCTTTCGGGGGCTGGAGAGTCAGACCAAGCTGGTGAATGGACAGAGCCACATTTCCCTCTCAAAGGCAGAGTTCCAGGACGCCCTGGAGAAGCTGAATATGGGCATTACTGACCTCCAGGGGCTGCGCCTCTACGTTGCTGCAGCCATCATTGAGTCTCCAGGTGGGGAGATGGAGGAGGCAGAGCTCACATCCTGGTATTTTGTGTCATCTCCCTTCTCCTTGGATCTTAGCAAGACCAAGCGACACCTTGTGCCTGGGGCCCCCTTCCTGCTGCAGGCCTTGGTCCGTGAGATGTCAGGCTCCCCAGCTTCTGGCATTCCTGTCAAAGTTTCTGCCACAGTCTCTTCTCCTGGGTCTGTTCCTGAAGTCCAGGACATTCAGCAAAACACAGACGGGAGCGGCCAAGTCAGCATTCCAATAATTATCCCTCAGACCATCTCAGAGCTGCAGCTCTCAGTATCTGCAGGCTCCCCACATCCAGCGATAGCCAGGCTCACTGTGGCAGCCCCACCTTCAGGAGGCCCCGGGTTTCTGTCTATTGAGCGGCCGGATTCTCGACCTCCTCGTGTTGGGGACACTCTGAACCTGAACTTGCGAGCCGTGGGCAGTGGGGCCACCTTTTCTCATTACTACTACATGATCCTATCCCGAGGGCAGATCGTGTTCATGAATCGAGAGCCCAAGAGGACCCTGACCAGTGTCTCGGTGTTTGTGGACCATCACCTGGCACCCTCCTTCTACTTTGTGGCCTTCTACTACCATGGTGACCACCCAGTGGCCAACTCCCTGCGAGTGGATGTCCAGGCTGGGGCCTGCGAGGGCAAGCTGGAGCTCAGCGTGGACGGTGCCAAGCAGTACCGGtcgtcttc
C4precursor_2,gaagacatCCGGAACGGGGAGTCCGTGAAGCTCCACTTAGAAACCGACTCCCTAGCCCTGGTGGCGCTGGGAGCCTTGGACACAGCTCTGTATGCTGCAGGCAGCAAGTCCCACAAGCCCCTCAACATGGGCAAGGTCTTTGAAGCTATGAACAGCTATGACCTCGGCTGTGGTCCTGGGGGTGGGGACAGTGCCCTTCAGGTGTTCCAGGCAGCGGGCCTGGCCTTTTCTGATGGTGACCAGTGGACCTTATCCAGAAAGAGACTAAGCTGTCCCAAGGAAAAGACAACCCGGAAAAAGAGAAACGTGAACTTCCAAAAGGCGATTAATGAGAAATTGGGTCAGTATGCTTCCCCGACAGCCAAGCGCTGCTGCCAGGATGGGGTGACACGTCTGCCCATGATGCGTTCCTGCGAGCAGCGGGCAGCCCGCGTGCAGCAGCCGGACTGCCGGGAGCCCTTCCTGTCCTGCTGCCAATTTGCTGAGAGTCTGCGCAAAAAGAGCAGGGACAAGGGCCAGGCGGGCCTCCAACGAGCCCTGGAGATCCTGCAGGAGGAGGACCTGATTGATGAGGATGACATTCCCGTGCGCAGCTTCTTCCCAGAGAACTGGCTCTGGAGAGTGGAAACAGTGGACCGCTTTCAAATATTGACACTGTGGCTCCCCGACTCTCTGACCACGTGGGAGATCCATGGCCTGAGCCTGTCCAAAACCAAAGGCCTATGTGTGGCCACCCCAGTCCAGCTCCGGGTGTTCCGCGAGTTCCATCTGCACCTCCGCCTGCCCATGTCTGTCCGCCGCTTTGAGCAGCTGGAGCTGCGGCCTGTCCTCTATAACTACCTGGATAAAAACCTGACTGTGAGCGTCCACGTGTCCCCAGTGGAGGGGCTGTGCCTGGCTGGGGGCGGAGGGCTGGCCCAACAGGTGCTGGTGCCTGCGGGCTCTGCCCGGCCTGTTGCCTTCTCTGTGGTGCCCACGGCAGCCGCCGCTGTGTCTCTGAAGGTGGTGGCTCGAGGGTCCTTCGAATTCCCTGTGGGAGATGCGGTGTCCAAGGTTCTGCAGATTGAGAAGGAAGGGGCCATCCATAGAGAGGAGCTGGTCTATGAACTCAACCCCTTGGACCACCGAGGCCGGACCTTGGAAATACCTGGCAACTCTGATCCCAATATGATCCCTGATGGGGACTTTAACAGCTACGTCAGGGTTACAGCCTCAGATCCATTGGACACTTTAGGCTCTGAGGGGGCCTTGTCACCAGGAGGCGTGGCCTCCCTCTTGAGGCTTCCTCGAGGCTGTGGGGAGCAAACCATGATCTACTTGGCTCCGACACTGGCTGCTTCCCGCTACCTGGACAAGACAGAGCAGTGGAGCACACTGCCTCCCGAAACCAAGGACCACGCCGTGGATCTGATCCAGAAAGGCTACATGCGGATCCAGCAGTTTCGGAAGGCGGATGGTTCCTATGCGGCTTGGTTGTCACGGGACAGCAGCACCTGGCTCACAGCCTTTGTGTTGAAGGTCCTGAGTTTGGCCCAGGAACAGGTAGGAGGCTCGCCTGAGAAACTGCAGGAGACATCTAACTGGCTTCTGTCCCAGCAGCAGGCTGACGGCTCGTTCCAGGACCCCTGTCCAGTGTTAGACAGGAGCATGCAGGGGGGTTTGGTGGGCAATGATGAGACTGTGGCACTCACAGCCTTTGTGACAATCGCCCTTCATCATGGGCTGGCCGTTTTCCAGGATGAGGGTGCAGAGCCATTtcgtcttc
C4precursor_3,gaagacatCATTGAAGCAGAGAGTGGAAGCCTCCATCTCAAAGGCAAACTCATTTTTGGGGGAGAAAGCAAGTGCTGGGCTCCTGGGTGCCCACGCAGCTGCCATCACGGCCTATGCCCTGACACTGACCAAGGCGCCTGTGGATCTGCTCGGTGTTGCCCACAACAACCTCATGGCAATGGCCCAGGAGACTGGAGATAACCTGTACTGGGGCTCAGTCACTGGTTCTCAGAGCAATGCCGTGTCGCCCACCCCGGCTCCTCGCAACCCATCCGACCCCATGCCCCAGGCCCCAGCCCTGTGGATTGAAACCACAGCCTACGCCCTGCTGCACCTCCTGCTTCACGAGGGCAAAGCAGAGATGGCAGACCAGGCTTCGGCCTGGCTCACCCGTCAGGGCAGCTTCCAAGGGGGATTCCGCAGTACCCAAGACACGGTGATTGCCCTGGATGCCCTGTCTGCCTACTGGATTGCCTCCCACACCACTGAGGAGAGGGGCCTCAATGTGACTCTCAGCTCCACAGGCCGGAATGGGTTCAAGTCCCACGCGCTGCAGCTGAACAACCGCCAGATTCGCGGCCTGGAGGAGGAGCTGCAGTTTTCCTTGGGCAGCAAGATCAATGTGAAGGTGGGAGGAAACAGCAAAGGAACCCTGAAGGTCCTTCGTACCTACAATGTCCTGGACATGAAGAACACGACGTGCCAGGACCTACAGATAGAAGTGACAGTCAAAGGCCACGTCGAGTACACGATGGAAGCAAACGAGGACTATGAGGACTATGAGTACGATGAGCTTCCAGCCAAGGATGACCCAGATGCCCCTCTGCAGCCCGTGACACCCCTGCAGCTGTTTGAGGGTCGGAGGAACCGCCGCAGGAGGGAGGCGCCCAAGGTGGTGGAGGAGCAGGAGTCCAGGGTGCACTACACCGTGTGCATCTGGCGGAACGGCAAGGTGGGGCTGTCTGGCATGGCGATCGCGGACGTCACCCTCCTGAGTGGATTCCACGCCCTGCGTGCTGACCTGGAGAAGCTGACCTCCCTCTCTGACCGTTACGTGAGTCACTTTGAAACCGAGGGGCCCCACGTCCTGCTGTATTTTGACTCGGTCCCCACCTCCCGGGAGTGCGTGGGCTTTGAGGCTGTGCAGGAAGTGCCGGTGGGGCTGGTGCAGCCGGCCAGCGCAACCCTGTACGACTACTACAACCCCGAGCGCAGATGTTCTGTGTTTTACGGGGCACCAAGTAAGAGCAGACTCTTGGCCACCTTGTGTTCTGCTGAAGTCTGCCAGTGTGCTGAGGGGAAGTGCCCTCGCCAGCGTCGCGCCCTGGAGCGGGGTCTGCAGGACGAGGATGGCTACAGGATGAAGTTTGCCTGCTACTACCCCCGTGTGGAGTACGGCTTCCAGGTTAAGGTTCTCCGAGAGGACAGCAGAGCTGCTTTCCGCCTCTTTGAAACCAAGATCACCCAAGTCCTGCACTTCACCAAGGATGTCAAGGCCGCTGCTAATCAGATGCGCAACTTCCTGGTTCGAGCCTCCTGCCGCCTTCGCTTGGAACCTGGGAAAGAATATTTGATCATGGGTCTGGATGGGGCCACCTATGACCTCGAGGGACACCCCCAGTATCTGCTGGACTCGAATAGCTGGATCGAGGAGATGCCCTCTGAACGCCTGTGCCGGAGCACCCGCCAGCGGGCAGCCTGTGCCCAGCTCAACGACTTCCTCCAGGAGTATGGCACTCAGGGGTGCCAGGTGTGAatcgtcttc
C5_1,gaagacataATGGGCCTTTTGGGAATACTTTGTTTTTTAATCTTCCTGGGGAAAACCTGGGGACAGGAGCAAACATATGTCATTTCAGCACCAAAAATATTCCGTGTTGGAGCATCTGAAAATATTGTGATTCAAGTTTATGGATACACTGAAGCATTTGATGCAACAATCTCTATTAAAAGTTATCCTGATAAAAAATTTAGTTACTCCTCAGGCCATGTTCATTTATCCTCAGAGAATAAATTCCAAAACTCTGCAATCTTAACAATACAACCAAAACAATTGCCTGGAGGACAAAACCCAGTTTCTTATGTGTATTTGGAAGTTGTATCAAAGCATTTTTCAAAATCAAAAAGAATGCCAATAACCTATGACAATGGATTTCTCTTCATTCATACAGACAAACCTGTTTATACTCCAGACCAGTCAGTAAAAGTTAGAGTTTATTCGTTGAATGACGACTTGAAGCCAGCCAAAAGAGAAACTGTCTTAACTTTCATAGATCCTGAAGGATCAGAAGTTGACATGGTAGAAGAAATTGATCATATTGGAATTATCTCTTTTCCTGACTTCAAGATTCCGTCTAATCCTAGATATGGTATGTGGACGATCAAGGCTAAATATAAAGAGGACTTTTCAACAACTGGAACCGCATATTTTGAAGTTAAAGAATATGTCTTGCCACATTTTTCTGTCTCAATCGAGCCAGAATATAATTTCATTGGTTACAAGAACTTTAAGAATTTTGAAATTACTATAAAAGCAAGATATTTTTATAATAAAGTAGTCACTGAGGCTGACGTTTATATCACATTTGGAATAAGAGAGGACTTAAAAGATGATCAAAAAGAAATGATGCAAACAGCAATGCAAAACACAATGTTGATAAATGGAATTGCTCAAGTCACATTTGATTCTGAAACAGCAGTCAAAGAACTGTCATACTACAGTTTAGAAGATTTAAACAACAAGTACCTTTATATTGCTGTAACAGTCATAGAGTCTACAGGTGGATTTTCTGAAGAGGCAGAAATACCTGGCATCAAATATGTCCTCTCTCCCTACAAACTGAATTTGGTTGCTACTCCTCTTTTCCTGAAGCCTGGGATTCCATATCCCATCAAGGTACAGGTTAAAGATTCGCTTGACCAGTTGGTAGGAGGAGTCCCAGTAACACTGAATGCACAAACAATTGATGTAAACCAAGAGACATCTGACTTGGATCCAAGCAAAAGTGTAACACGTGTTGATGATGGAGTAGCTTCCTTTGTGCTTAATCTCCCATCTGGAGTGACGGTGCTGGAGTTTAATGTCAAAACTGATGCTCCAGATCTTCCAGAAGAAAATCAGGCCAGGGAAGGTTACCGAGCAATAGCATACTCATCTCTCAGCCAAAGTTACCTTTATATTGATTGGACTGATAACCATAAGGCTTTGCTAGTGGGAGAACATCTGAATATTATTGTTACCCCCAAAAGCCCATATATTGACAAAATAACTCACTATAATTACTTGATTTTATCCAAGGGCAAAATTATCCACTTTGGCACGAGGGAGAAATTTTCAGATGCATCTTATCAAAGTATAAACATTCCAGTAACACAGAACATGGTTCCTTCATCCCGACTTCTGGTCTATTACATCGTCACAGGAGAACAGACAGCAGAATTAGTGTCTGATTCAGTCTtcgtcttc
C5_2,gaagacatGTCTGGTTAAATATTGAAGAAAAATGTGGCAACCAGCTCCAGGTTCATCTGTCTCCTGATGCAGATGCATATTCTCCAGGCCAAACTGTGTCTCTTAATATGGCAACTGGAATGGATTCCTGGGTGGCATTAGCAGCAGTGGACAGTGCTGTGTATGGAGTCCAAAGAGGAGCCAAAAAGCCCTTGGAAAGAGTATTTCAATTCTTAGAGAAGAGTGATCTGGGCTGTGGGGCTGGTGGTGGCCTCAACAATGCCAATGTGTTCCACCTAGCTGGACTTACCTTCCTCACTAATGCAAATGCAGATGACTCCCAAGAAAATGATGAACCTTGTAAAGAAATTCTCAGGCCAAGAAGAACGCTGCAAAAGAAGATAGAAGAAATAGCTGCTAAATATAAACATTCAGTAGTGAAGAAATGTTGTTACGATGGAGCCTGCGTTAATAATGATGAAACCTGTGAGCAGCGAGCTGCACGGATTAGTTTAGGGCCAAGATGCATCAAAGCTTTCACTGAATGTTGTGTCGTCGCAAGCCAGCTCCGTGCTAATATCTCTCATAAAGACATGCAATTGGGAAGGCTACACATGAAAACCCTGTTACCAGTAAGCAAGCCAGAAATTCGGAGTTATTTTCCAGAAAGCTGGTTGTGGGAAGTTCATCTTGTTCCCAGAAGAAAACAGTTGCAGTTTGCCCTACCTGATTCTCTAACCACCTGGGAAATTCAAGGCGTTGGCATTTCAAACACTGGTATATGTGTTGCTGATACTGTCAAGGCAAAGGTGTTCAAAGATGTGTTCCTGGAAATGAATATACCATATTCTGTTGTACGAGGAGAACAGATCCAATTGAAAGGAACTGTTTACAACTATAGGACTTCTGGGATGCAGTTCTGTGTTAAAATGTCTGCTGTGGAGGGAATCTGCACTTCGGAAAGCCCAGTCATTGATCATCAGGGCACAAAGTCCTCCAAATGTGTGCGCCAGAAAGTAGAGGGCTCCTCCAGTCACTTGGTGACATTCACTGTGCTTCCTCTGGAAATTGGCCTTCACAACATCAATTTTTCACTGGAGACTTGGTTTGGAAAAGAAATCTTAGTAAAAACATTACGAGTGGTGCCAGAAGGTGTCAAAAGGGAAAGCTATTCTGGTGTTACTTTGGATCCTAGGGGTATTTATGGTACCATTAGCAGACGAAAGGAGTTCCCATACAGGATACCCTTAGATTTGGTCCCCAAAACAGAAATCAAAAGGATTTTGAGTGTAAAAGGACTGCTTGTAGGTGAGATCTTGTCTGCAGTTCTAAGTCAGGAAGGCATCAATATCCTAACCCACCTCCCCAAAGGGAGTGCAGAGGCGGAGCTGATGAGCGTTGTCCCAGTATTCTATGTTTTTCACTACCTGGAAACAGGAAATCATTGGAACATTTTTCATTCTGACCCATTAATTGAAAAGCAGAAACTGAAGAAAAAATTAAAAGAAGGGATGTTGAGCATTATGTCCTACAGAAATGCTGACTACTCTTACAGTGTGTGGAAGGGTGGAAGTGCTAGCACTTGGTTAACAGCTTTTGCTTTAAGAGTACTTGGACAAGTAAATAAATACGTAGAGCAGAACCAAAATTCAATTTGTAATTCTTTATTGTGGCTAGTTGAGAATTATCAATTAGATAATGGATCTTTCAtcgtcttc
C5_3,gaagacatTTCAAGGAAAATTCACAGTATCAACCAATAAAATTACAGGGTACCTTGCCTGTTGAAGCCCGAGAGAACAGCTTATATCTTACAGCCTTTACTGTGATTGGAATTAGAAAGGCTTTCGATATATGCCCCCTGGTGAAAATCGACACAGCTCTAATTAAAGCTGACAACTTTCTGCTTGAAAATACACTGCCAGCCCAGAGCACCTTTACATTGGCCATTTCTGCGTATGCTCTTTCCCTGGGAGATAAAACTCACCCACAGTTTCGTTCAATTGTTTCAGCTTTGAAGAGAGAAGCTTTGGTTAAAGGTAATCCACCCATTTATCGTTTTTGGAAAGACAATCTTCAGCATAAAGACAGCTCTGTACCTAACACTGGTACGGCACGTATGGTAGAAACAACTGCCTATGCTTTACTCACCAGTCTGAACTTGAAAGATATAAATTATGTTAACCCAGTCATCAAATGGCTATCAGAGGAGCAGAGGTATGGAGGTGGCTTTTATTCAACCCAGGACACAATCAATGCCATTGAGGGCCTGACGGAATATTCACTCCTGGTTAAACAACTCCGCTTGAGTATGGACATCGATGTTTCTTACAAGCATAAAGGTGCCTTACATAATTATAAAATGACAGACAAGAATTTCCTTGGGAGGCCAGTAGAGGTGCTTCTCAATGATGACCTCATTGTCAGTACAGGATTTGGCAGTGGCTTGGCTACAGTACATGTAACAACTGTAGTTCACAAAACCAGTACCTCTGAGGAAGTTTGCAGCTTTTATTTGAAAATCGATACTCAGGATATTGAAGCATCCCACTACAGAGGCTACGGAAACTCTGATTACAAACGCATAGTAGCATGTGCCAGCTACAAGCCCAGCAGGGAAGAATCATCATCTGGATCCTCTCATGCGGTGATGGACATCTCCTTGCCTACTGGAATCAGTGCAAATGAAGAGGACTTAAAAGCCCTTGTGGAAGGGGTGGATCAACTATTCACTGATTACCAAATCAAAGATGGACATGTTATTCTGCAACTGAATTCGATTCCCTCCAGTGATTTCCTTTGTGTACGATTCCGGATATTTGAACTCTTTGAAGTTGGGTTTCTCAGTCCTGCCACTTTCACAGTGTACGAATACCACAGACCAGATAAACAGTGTACCATGTTTTATAGCACTTCCAATATCAAAATTCAGAAAGTCTGTGAAGGAGCCGCGTGCAAGTGTGTAGAAGCTGATTGTGGGCAAATGCAGGAAGAATTGGATCTGACAATCTCTGCAGAGACAAGAAAACAAACAGCATGTAAACCAGAGATTGCATATGCTTATAAAGTTAGCATCACATCCATCACTGTAGAAAATGTTTTTGTCAAGTACAAGGCAACCCTTCTGGATATCTACAAAACTGGGGAAGCTGTTGCTGAGAAAGACTCTGAGATTACCTTCATTAAAAAGGTAACCTGTACTAACGCTGAGCTGGTAAAAGGCAGACAGTACTTAATTATGGGTAAAGAAGCCCTCCAGATAAAATACAATTTCAGTTTCAGGTACATCTACCCTTTAGATTCCTTGACCTGGATTGAATACTGGCCTAGAGACACAACATGTTCATCGTGTCAAGCATTTTTAGCTAATTTAGATGAATTTGCCGAAGATATCTTTTTAAATGGATGCTGAatcgtcttc
C6_1,gaagacataATGGCCAGACGCTCTGTCTTGTACTTCATCCTGCTGAATGCTCTGATCAACAAGGGCCAAGCCTGCTTCTGTGATCACTATGCATGGACTCAGTGGACCAGCTGCTCAAAAACTTGCAATTCTGGAACCCAGAGCAGACACAGACAAATAGTAGTAGATAAGTACTACCAGGAAAACTTTTGTGAACAGATTTGCAGCAAGCAGGAGACTAGAGAATGTAACTGGCAAAGATGCCCCATCAACTGCCTCCTGGGAGATTTTGGACCATGGTCAGACTGTGACCCTTGTATTGAAAAACAGTCTAAAGTTAGATCTGTCTTGCGTCCCAGTCAGTTTGGGGGACAGCCATGCACTGCGCCTCTGGTAGCCTTTCAACCATGCATTCCATCTAAGCTCTGCAAAATTGAAGAGGCTGACTGCAAGAATAAATTTCGCTGTGACAGTGGCCGCTGCATTGCCAGAAAGTTAGAATGCAATGGAGAAAATGACTGTGGAGACAATTCAGATGAAAGGGACTGTGGGAGGACAAAGGCAGTATGCACACGGAAGTATAATCCCATCCCTAGTGTACAGTTGATGGGCAATGGGTTTCATTTTCTGGCAGGAGAGCCCAGAGGAGAAGTCCTTGATAACTCTTTCACTGGAGGAATATGTAAAACTGTCAAAAGCAGTAGGACAAGTAATCCATACCGTGTTCCGGCCAATCTGGAAAATGTCGGCTTTGAGGTACAAACTGCAGAAGATGACTTGAAAACAGATTTCTACAAGGATTTAACTTCTCTTGGACACAATGAAAATCAACAAGGCTCATTCTCAAGTCAAGGGGGGAGCTCTTTCAGTGTACCAATTTTTTATTCCTCAAAGAGAAGTGAAAATATCAACCATAATTCTGCCTTCAAACAAGCCATTCAAGCCTCTCACAAAAAGGATTCTAGTTTTATTAGGATCCATAAAGTGATGAAAGTCTTAAACTTCACAACGAAAGCTAAAGATCTGCACCTTTCTGATGTCTTTTTGAAAGCACTTAACCATCTGCCTCTAGAATACAACTCTGCTTTGTACAGCCGAATATTCGATGACTTTGGGACTCATTACTTCACCTCTGGCTCCCTGGGAGGCGTGTATGACCTTCTCTATCAGTTTAGCAGTGAGGAACTAAAGAACTCAGGTTTAACCGAGGAAGAAGCCAAACACTGTGTCAGGATTGAAACAAAGAAACGCGTTTTATTTGCTAAGAAAACAAAAGTGGAACATAGGTGCACCACCAACAAGCTGTCAGAGAAACATGAAGGTTCATTTATACAGGGAGCAGAGAAATCCATATCCCTGATTCGAGGTGGAAGGAGTGAATATGGAGCAGCTTTGGCATGGGAGAAAGGGAGCTCTGGTCTGGAGGAAAAGACAtcgtcttc
C6_2,gaagacatGACATTTTCTGAGTGGTTAGAATCAGTGAAGGAAAATCCTGCTGTGATTGACTTTGAGCTTGCCCCCATCGTGGACTTGGTAAGAAACATCCCCTGTGCAGTGACAAAACGGAACAACCTCAGGAAAGCTTTGCAAGAGTATGCAGCCAAGTTCGATCCTTGCCAGTGTGCTCCATGCCCTAATAATGGCCGACCCACCCTCTCAGGGACTGAATGTCTGTGTGTGTGTCAGAGTGGCACCTATGGTGAGAACTGTGAGAAACAGTCTCCAGATTATAAATCCAATGCAGTAGACGGACAGTGGGGTTGTTGGTCGTCCTGGAGTACCTGTGATGCTACTTATAAGAGATCGAGAACCCGAGAATGCAATAATCCTGCCCCCCAACGAGGAGGGAAACGCTGTGAGGGGGAGAAGCGACAAGAGGAGGACTGCACATTTTCAATCATGGAAAACAATGGACAACCATGTATCAATGATGACGAAGAAATGAAAGAGGTCGATCTTCCTGAGATAGAAGCAGATTCCGGGTGTCCTCAGCCAGTTCCTCCAGAAAATGGATTTATCCGGAATGAAAAGCAACTATACTTGGTTGGAGAAGATGTTGAAATTTCATGCCTTACTGGCTTTGAAACTGTTGGATACCAGTACTTCAGATGCTTACCAGACGGGACCTGGAGACAAGGGGATGTGGAATGCCAACGGACGGAGTGCATCAAGCCAGTTGTGCAGGAAGTCCTGACAATTACACCATTTCAGAGATTGTATAGAATTGGTGAATCCATTGAGCTAACTTGCCCCAAAGGCTTTGTTGTTGCTGGGCCATCAAGGTACACATGCCAGGGGAATTCCTGGACACCACCCATTTCAAACTCTCTCACCTGTGAAAAAGATACTCTAACAAAATTAAAAGGCCATTGTCAGCTGGGACAGAAACAATCAGGATCTGAATGCATTTGTATGTCTCCAGAAGAGGACTGTAGCCATCATTCAGAAGATCTCTGTGTGTTTGACACAGACTCCAACGATTACTTTACTTCACCCGCTTGTAAGTTTTTGGCTGAGAAATGTTTAAATAATCAGCAACTCCATTTTCTACATATTGGTTCCTGCCAAGACGGCCGCCAGTTAGAATGGGGTCTTGAAAGGACAAGACTTTCATCCAACAGCACAAAGAAAGAATCCTGTGGCTATGACACGTGCTATGACTGGGAAAAATGTTCAGCCTCCACTTCCAAATGTGTCTGCCTATTGCCCCCACAGTGCTTCAAGGGTGGAAACCAACTCTACTGTGTCAAAATGGGATCATCAACAAGTGAGAAAACATTGAACATCTGTGAAGTGGGAACTATAAGATGTGCAAACAGGAAGATGGAAATACTGCATCCTGGAAAGTGTTTGGCCTGAatcgtcttc
C7_1,gaagacataATGAAGGTGATAAGCTTATTCATTTTGGTGGGATTTATAGGAGAGTTCCAAAGTTTTTCAAGTGCCTCCTCTCCAGTCAACTGCCAGTGGGACTTCTATGCCCCTTGGTCAGAATGCAATGGCTGTACCAAGACTCAGACTCGCAGGCGGTCAGTTGCTGTGTATGGGCAGTATGGAGGCCAGCCTTGTGTTGGAAATGCTTTTGAAACACAGTCCTGTGAACCTACAAGAGGATGTCCAACAGAGGAGGGATGTGGAGAGCGTTTCAGGTGCTTTTCAGGTCAGTGCATCAGCAAATCATTGGTTTGCAATGGGGATTCTGACTGTGATGAGGACAGTGCTGATGAGGACAGATGTGAGGACTCAGAACGCAGACCTTCCTGTGATATCGATAAACCTCCTCCTAACATAGAACTTACTGGAAATGGTTACAATGAACTCACTGGCCAGTTTAGGAACAGAGTCATCAATACCAAAAGTTTTGGTGGTCAATGTAGAAAGGTGTTTAGTGGGGATGGAAAAGATTTCTACAGGCTGAGTGGAAATGTCCTGTCCTATACATTCCAGGTGAAAATAAATAATGATTTTAATTATGAATTTTACAATAGTACTTGGTCTTATGTAAAACATACGTCGACAGAACACACATCATCTAGTCGGAAGCGCTCCTTTTTTAGATCTTCATCATCTTCTTCACGCAGTTATACTTCACATACCAATGAAATCCATAAAGGAAAGAGTTACCAACTGCTGGTTGTTGAGAACACTGTTGAAGTGGCTCAGTTCATTAATAACAATCCAGAATTTTTACAACTTGCTGAGCCATTCTGGAAGGAGCTTTCCCACCTCCCCTCTCTGTATGACTACAGTGCCTACCGAAGATTAATCGACCAGTACGGGACACATTATCTGCAATCTGGGTCGTTAGGAGGAGAATACAGAGTTCTATTTTATGTGGACTCAGAAAAATTAAAACAAAATGATTTTAATTCAGTCGAAGAAAAGAAATGTAAATCCTCAGGTTGGCATTTTGTCGTTAAATTTTCAAGTCATGGATGCAAGGAACTGGAAAACGCTTTAAAAGCTGCTTCAGGAACCCAGAACAATGTATTGCGAGGAGAACCGTTCATCAGAGGGGGAGGTGCAGGCTTCATATCTGGCCTTAGTTACCTAGAGCTGGACAATCCTGCTGGAAACAAAAGGCGATATTCTGCCTGGGCAGAATCTGTGACTAATCTTCCTCAAGTCATAAAACAAAAGCTGACACCtcgtcttc
C7_2,gaagacatCACCTTTATATGAGCTGGTAAAGGAAGTACCTTGTGCCTCTGTGAAAAAACTATACCTGAAATGGGCTCTTGAAGAGTATCTGGATGAATTTGACCCCTGTCATTGCCGGCCTTGTCAAAATGGTGGTTTGGCTACTGTTGAGGGGACCCATTGTCTGTGCCATTGCAAACCGTACACATTTGGTGCGGCGTGTGAGCAAGGAGTCCTCGTAGGGAATCAAGCAGGAGGGGTTGATGGAGGTTGGAGTTGCTGGTCCTCTTGGAGCCCCTGTGTCCAAGGGAAGAAAACAAGAAGCCGTGAATGCAATAACCCACCTCCCAGTGGGGGTGGGAGATCCTGCGTTGGAGAAACGACAGAAAGCACACAATGCGAAGATGAGGAGCTGGAGCACTTGAGGTTGCTTGAACCACATTGCTTTCCTTTGTCTTTGGTTCCAACAGAATTCTGTCCATCACCTCCTGCCTTGAAAGATGGATTTGTTCAAGATGAAGGTACAATGTTTCCTGTGGGGAAAAATGTAGTGTACACTTGCAATGAAGGATACTCTCTTATTGGAAACCCAGTGGCCAGATGTGGAGAAGATTTACGGTGGCTTGTTGGGGAAATGCATTGTCAGAAAATTGCCTGTGTTCTACCTGTACTGATGGATGGCATACAGAGTCACCCCCAAAAACCTTTCTACACAGTTGGTGAGAAGGTGACTGTTTCCTGTTCAGGTGGCATGTCCTTAGAAGGTCCTTCAGCATTTCTCTGTGGCTCCAGCCTTAAGTGGAGTCCTGAGATGAAGAATGCCCGCTGTGTACAAAAAGAAAATCCGTTAACACAGGCAGTGCCTAAATGTCAGCGCTGGGAGAAACTGCAGAATTCAAGATGTGTTTGTAAAATGCCCTACGAATGTGGACCTTCCTTGGATGTATGTGCTCAAGATGAGAGAAGCAAAAGGATACTGCCTCTGACAGTTTGCAAGATGCATGTTCTCCACTGTCAGGGTAGAAATTACACCCTTACTGGTAGGGACAGCTGTACTCTGCCTGCCTCAGCTGAGAAAGCTTGTGGTGCCTGCCCACTGTGGGGAAAATGTGATGCTGAGAGCAGCAAATGTGTCTGCCGAGAAGCATCGGAGTGCGAGGAAGAAGGGTTTAGCATTTGTGTGGAAGTGAACGGCAAGGAGCAGACGATGTCTGAGTGTGAGGCGGGCGCTCTGAGATGCAGAGGGCAGAGCATCTCTGTCACCAGCATAAGGCCTTGTGCTGCGGAAACCCAGTGAatcgtcttc
C9_1,gaagacataATGTCAGCCTGCCGGAGCTTTGCAGTTGCAATCTGCATTTTAGAAATAAGCATCCTCACAGCACAGTACACGACCAGTTATGACCCAGAGCTAACAGAAAGCAGTGGCTCTGCATCACACATAGACTGCAGAATGAGCCCCTGGAGTGAATGGTCACAATGCGATCCTTGTCTCAGACAAATGTTTCGTTCAAGAAGCATTGAGGTCTTTGGACAATTTAATGGGAAAAGATGCACCGACGCTGTGGGAGACAGACGACAGTGTGTGCCCACAGAGCCCTGTGAGGATGCTGAGGATGACTGCGGAAATGACTTTCAATGCAGTACAGGCAGATGCATAAAGATGCGACTTCGGTGTAATGGTGACAATGACTGCGGAGACTTTTCAGATGAGGATGATTGTGAAAGTGAGCCCCGTCCCCCCTGCAGAGACAGAGTGGTAGAAGAGTCTGAGCTGGCACGAACAGCAGGCTATGGGATCAACATTTTAGGGATGGATCCCCTAAGCACACCTTTTGACAATGAGTTCTACAATGGACTCTGTAACCGGGATCGGGATGGAAACACTCTGACATACTACCGTAGACCTTGGAACGTGGCTTCTTTGATCTATGAAACCAAAGGCGAGAAAAATTTCAGAACCGAACATTACGAAGAACAAATTGAAGCATTTAAAAGTATCATCCAAGAAAAGACATCAAATTTTAATGCAGCTATATCTCTAAAATTTACACCCACTGAAACAAATAAAGCTGAACAATGTTGTGAGGAAACAGCCTCCTCAATTTCTTTACATGGCAAGGGTAGTTTTCGGTTTTCATATTCCAAAAATGAAACTTACCAACTATTTTTGTCATATTCTTCAAAGAAGGAAAAAATGTTTCTGCATGTGAAAGGAGAAATTCATCTGGGAAGATTTGTAATGAGAAATCGTGATGTTGTGCTCACAACAACTTTTGTGGATGATATAAAAGCTTTGCCAACTACCTATGAAAAGGGAGAATATTTTGCCTTTTTGGAAACCTATGGAACTCACTACAGTAGCTCTGGATCTCTAGGAGGACTCTATGAACTAATATATGTTTTGGATAAAGCTTCCATGAAGCGGAAAGGTGTTGAACTAAAAGACATAAAGAGATGCCTTGGGTATCATCTGGATGTATCTCTGGCTTTCTCTGAAATCTCTGTTGGAGCTGAATTTAATAAAGATGATTGTGTAAAGAGGGGAGAGGGTAGAGCTGTAAACATCACCAGTGAAAACCTCATAGATGATGTTGTTTCACTCATAAGAGGTGGAACCAGAAAATATGCATTTGAACTGAAAGAAAAGCTTCTCCGAGGAACCGTGATTGATGTGACTGACTTTGTCAACTGGGCCTCTTCCATAAATGATGCTCCTGTTCTCATTAGTCAAAAACTGTCTCCTATATATAATCTGGTTCCAGTGAAAATGAAAAATGCACACCTAAAGAAACAAAACTTGGAAAGAGCCATTGAGGACTATATCAATGAATTTAGTGTAAGAAAATGCCACACATGCCAAAATGGAGGTACAGTGATTCTAATGGATGGAAAGTGTTTGTGTGCCTGCCCATTCAAATTTGAGGGAATTGCCTGTGAAATCAGTAAACAAAAAATTTCTGAAGGATTGCCAGCCCTAGAGTTCCCCAATGAAAAATGAatcgtcttc
