Name,Insert length,Construct length (Insert + Adapters),Insert sequence,Construct sequence (Insert + Adapters),Well Location,Yield,Assembly QC,Yield (ng),Product type,Plate ID
BBF10K_000654_1,630,673,GAAGACTAGGAGGGTCTCAAATGCACACGATTCCCGCCCCCTTTCAAATCTACGCATATTGGGCAATAGCTTTAATTATCGGTCTGGCGTTTTTTCGGAAAGATGTAACAGCTCCAAATCCTCCATTCGATAAGAGAAGAATTGGATTGTTGGTGTTTTCCGTAGTTATATTGGTCTTGAATGCGTATATTTACTCTAATAGCACAACAGATGGAGGTCGGATGTTAGATCCTTGGTCAGCACTGATCTTTTCGGTCGGAAACGGCATTGCTGAAACCTTCATGTTCTACGCGGTCTTTCGGCTTGGGCAGTCACTGGTGGGGAAATTTACGCAGAACCAGTGGGCTGGGTTTTTAGTTGGATTTCTTTTTTTCATGAGTTATTCAGGTTTGATCCACGGGTTGTTTTGGCTTAACATCCTGCCCGAGCATGTGGTGCAAACGAGCCCTTTCAAGCCTTTCTTCATGCCGACTCAATTACTTATTGCCCTGAGTTGGGCGCTTAGTTTTTTCTGGTATCGGGACTTGCGGACTGTATTTTTTTTGCATGCAGTTGTGGATTTAACCATGATCATGAATGTGAAATTTTCAATGTTCCCCTGAAGAGCTTCGAGACCGGCGCTACGTCTTC,GAAGTGCCATTCCGCCTGACCTGAAGACTAGGAGGGTCTCAAATGCACACGATTCCCGCCCCCTTTCAAATCTACGCATATTGGGCAATAGCTTTAATTATCGGTCTGGCGTTTTTTCGGAAAGATGTAACAGCTCCAAATCCTCCATTCGATAAGAGAAGAATTGGATTGTTGGTGTTTTCCGTAGTTATATTGGTCTTGAATGCGTATATTTACTCTAATAGCACAACAGATGGAGGTCGGATGTTAGATCCTTGGTCAGCACTGATCTTTTCGGTCGGAAACGGCATTGCTGAAACCTTCATGTTCTACGCGGTCTTTCGGCTTGGGCAGTCACTGGTGGGGAAATTTACGCAGAACCAGTGGGCTGGGTTTTTAGTTGGATTTCTTTTTTTCATGAGTTATTCAGGTTTGATCCACGGGTTGTTTTGGCTTAACATCCTGCCCGAGCATGTGGTGCAAACGAGCCCTTTCAAGCCTTTCTTCATGCCGACTCAATTACTTATTGCCCTGAGTTGGGCGCTTAGTTTTTTCTGGTATCGGGACTTGCGGACTGTATTTTTTTTGCATGCAGTTGTGGATTTAACCATGATCATGAATGTGAAATTTTCAATGTTCCCCTGAAGAGCTTCGAGACCGGCGCTACGTCTTCAGGCTAGGTGGAGGCTCAGTG,A1,Pass,Pass,587,Gene Fragments,pSHPs0325B569010MU
BBF10K_000661_1,1377,1420,GAAGACTAGGAGGGTCTCAAATGAATGATCGCCAGACAGAACAAATCACAAACGAAGAAACATATCGCAGAATTAGCGCAGTTGTTGCAGGCGGAGTTTCATCAACAATGAGAGCAGTTGCAATTCCGCGTCCGCTGGTTGTTCGCAGAGCGGAAGGCTGCCAACTGTGGGATGTTGAAGGCAATATGCTGATTGATCTGAATATGGGCTATGGACCGCATCTTTTTGGCTATGCAGATCATGAAGTTCTGGATGATGTTGCGGAACAATTTAGAAATGGCCATATGACAGGCTTTCCGCATGAACTGGATTATAGAGCAGGCGAACTGATTACAGAACTGATGCCGTCAATTGAACAAGTTAGATTTGCGAATTCAGGCACAGAAGCAATTACATCAGCAATTAGACTGGCAAGAGCAACAACAGAAAGACCGCTGCTGCTGACATTTGAAGGCCATTATCATGGCTGGTCAGAAACAGTTCTGAGAGCTGGCAAACTGGGCTCAGAACCGGCAAGACAAGGTGATGGCCCTCCGGCACCTGGCGCACTGGGCATGATTCCGGAAGCACTGAATTCAACACTGCAAATTCCGTGGAATGATCCGGATGCACTTGAAGAGGTTTTTGCATCACATGGCGATAGAATTGCAGCAGTTATTGCGGAACCGGTTATGGGCAATTCAGGCGTTGTTCTGCCGCTTCCGGGATATCTGGGCCAACTGAGAGAAATTACAAGACGCCATGGCAGCATTCTGATTTTTGATGAAGTTATCACAGGCTTCAGAGTTGCACTTGGCGGAGCACAACAAAGATATGAAGTTACACCGGATCTGACAATTCTGAGCAAAGTTCTTGGAGGCGGAATCCCGGTTGCAGCATTTGGCGGATCAAGAGAAGTTATGGCACTGCTGGCAGAAAATAAAGCACTTCATGCAGGCGTTTATGCAGGCAATCATGCATCAGTTAGAGCAGTCGTTTCAACGCTGGAAAAAATTCGCAGACGTCCGCAAGTTTATGCGGATCTGGAAGCACTTGGAGAATATGCACAAGGCCAAATTCATGAAGCATTTGCAGCGGAAGATAGACATGTTCTGGTTCAACGCGCAGGCTCACTGATGTCAGTTGCACTGCTGACAAGACCGGTTGATCCGTCAGCACCGCTGAGAGAAGTCAGAGCAGCAATTGATTTTGATGGACATAGACAACTGCAAATGGCAGCACAAACACTGGGCCTGTATTTTCATCCGAATCCGCTGGAACCGTGGTTTCTGTCAACAGCACATACACATGATGATCTGGCAAAAGTTGTTGCGACACTGAGACTGGCACTGTCAGGCCTTAGAAGATAAAGAGCTTCGAGACCGGCGCTACGTCTTC,GAAGTGCCATTCCGCCTGACCTGAAGACTAGGAGGGTCTCAAATGAATGATCGCCAGACAGAACAAATCACAAACGAAGAAACATATCGCAGAATTAGCGCAGTTGTTGCAGGCGGAGTTTCATCAACAATGAGAGCAGTTGCAATTCCGCGTCCGCTGGTTGTTCGCAGAGCGGAAGGCTGCCAACTGTGGGATGTTGAAGGCAATATGCTGATTGATCTGAATATGGGCTATGGACCGCATCTTTTTGGCTATGCAGATCATGAAGTTCTGGATGATGTTGCGGAACAATTTAGAAATGGCCATATGACAGGCTTTCCGCATGAACTGGATTATAGAGCAGGCGAACTGATTACAGAACTGATGCCGTCAATTGAACAAGTTAGATTTGCGAATTCAGGCACAGAAGCAATTACATCAGCAATTAGACTGGCAAGAGCAACAACAGAAAGACCGCTGCTGCTGACATTTGAAGGCCATTATCATGGCTGGTCAGAAACAGTTCTGAGAGCTGGCAAACTGGGCTCAGAACCGGCAAGACAAGGTGATGGCCCTCCGGCACCTGGCGCACTGGGCATGATTCCGGAAGCACTGAATTCAACACTGCAAATTCCGTGGAATGATCCGGATGCACTTGAAGAGGTTTTTGCATCACATGGCGATAGAATTGCAGCAGTTATTGCGGAACCGGTTATGGGCAATTCAGGCGTTGTTCTGCCGCTTCCGGGATATCTGGGCCAACTGAGAGAAATTACAAGACGCCATGGCAGCATTCTGATTTTTGATGAAGTTATCACAGGCTTCAGAGTTGCACTTGGCGGAGCACAACAAAGATATGAAGTTACACCGGATCTGACAATTCTGAGCAAAGTTCTTGGAGGCGGAATCCCGGTTGCAGCATTTGGCGGATCAAGAGAAGTTATGGCACTGCTGGCAGAAAATAAAGCACTTCATGCAGGCGTTTATGCAGGCAATCATGCATCAGTTAGAGCAGTCGTTTCAACGCTGGAAAAAATTCGCAGACGTCCGCAAGTTTATGCGGATCTGGAAGCACTTGGAGAATATGCACAAGGCCAAATTCATGAAGCATTTGCAGCGGAAGATAGACATGTTCTGGTTCAACGCGCAGGCTCACTGATGTCAGTTGCACTGCTGACAAGACCGGTTGATCCGTCAGCACCGCTGAGAGAAGTCAGAGCAGCAATTGATTTTGATGGACATAGACAACTGCAAATGGCAGCACAAACACTGGGCCTGTATTTTCATCCGAATCCGCTGGAACCGTGGTTTCTGTCAACAGCACATACACATGATGATCTGGCAAAAGTTGTTGCGACACTGAGACTGGCACTGTCAGGCCTTAGAAGATAAAGAGCTTCGAGACCGGCGCTACGTCTTCAGGCTAGGTGGAGGCTCAGTG,A2,Pass,Pass,1000,Gene Fragments,pSHPs0325B569010MU
BBF10K_000666_3,1355,1398,GAAGACTAAAGAGGGGGTGATGTTCTGGACAGACTGGGGAGACCTGAAGCCTGGGATTTATCGGAGCAATATGGATGGTTCTGCTGCCTATCACCTGGTGTCTGAGGATGTGAAGTGGCCCAATGGCATCTCTGTGGACGACCAGTGGATTTACTGGACGGATGCCTACCTGGAGTGCATAGAGCGGATCACGTTCAGTGGCCAGCAGCGCTCTGTCATTCTGGACAACCTCCCGCACCCCTATGCCATTGCTGTCTTTAAGAATGAAATCTACTGGGATGACTGGTCACAGCTCAGCATATTCCGAGCTTCCAAATACAGTGGGTCCCAGATGGAGATTCTGGCAAACCAGCTCACGGGGCTCATGGACATGAAGATTTTCTACAAGGGGAAGAACACTGGAAGCAATGCCTGTGTGCCCAGGCCATGCAGCCTGCTGTGCCTGCCCAAGGCCAACAACAGTAGAAGCTGCAGGTGTCCAGAGGATGTGTCCAGCAGTGTGCTTCCATCAGGGGACCTGATGTGTGACTGCCCTCAGGGCTATCAGCTCAAGAACAATACCTGTGTCAAAGAAGAGAACACCTGTCTTCGCAACCAGTATCGCTGCAGCAACGGGAACTGTATCAACAGCATTTGGTGGTGTGACTTTGACAACGACTGTGGAGACATGAGCGATGAGAGAAACTGCCCTACCACCATCTGTGACCTGGACACCCAGTTTCGTTGCCAGGAGTCTGGGACTTGTATCCCACTGTCCTATAAATGTGACCTTGAGGATGACTGTGGAGACAACAGTGATGAAAGTCATTGTGAAATGCACCAGTGCCGGAGTGACGAGTACAACTGCAGTTCCGGCATGTGCATCCGCTCCTCCTGGGTATGTGACGGGGACAACGACTGCAGGGACTGGTCTGATGAAGCCAACTGTACCGCCATCTATCACACCTGTGAGGCCTCCAACTTCCAGTGCCGAAACGGGCACTGCATCCCCCAGCGGTGGGCGTGTGACGGGGATACGGACTGCCAGGATGGTTCCGATGAGGATCCAGTCAACTGTGAGAAGAAGTGCAATGGATTCCGCTGCCCAAACGGCACTTGCATCCCATCCAGCAAACATTGTGATGGTCTGCGTGATTGCTCTGATGGCTCCGATGAACAGCACTGCGAGCCCCTCTGTACGCACTTCATGGACTTTGTGTGTAAGAACCGCCAGCAGTGCCTGTTCCACTCCATGGTCTGTGACGGAATCATCCAGTGCCGCGACGGGTCCGATGAGGATGCGGCGTTTGCAGGATGCTCCCAAGATCCTGAGTTCCACAAGGTATGTGATGAGTTCGGTTTCCAGTGACGTCTTC,GAAGTGCCATTCCGCCTGACCTGAAGACTAAAGAGGGGGTGATGTTCTGGACAGACTGGGGAGACCTGAAGCCTGGGATTTATCGGAGCAATATGGATGGTTCTGCTGCCTATCACCTGGTGTCTGAGGATGTGAAGTGGCCCAATGGCATCTCTGTGGACGACCAGTGGATTTACTGGACGGATGCCTACCTGGAGTGCATAGAGCGGATCACGTTCAGTGGCCAGCAGCGCTCTGTCATTCTGGACAACCTCCCGCACCCCTATGCCATTGCTGTCTTTAAGAATGAAATCTACTGGGATGACTGGTCACAGCTCAGCATATTCCGAGCTTCCAAATACAGTGGGTCCCAGATGGAGATTCTGGCAAACCAGCTCACGGGGCTCATGGACATGAAGATTTTCTACAAGGGGAAGAACACTGGAAGCAATGCCTGTGTGCCCAGGCCATGCAGCCTGCTGTGCCTGCCCAAGGCCAACAACAGTAGAAGCTGCAGGTGTCCAGAGGATGTGTCCAGCAGTGTGCTTCCATCAGGGGACCTGATGTGTGACTGCCCTCAGGGCTATCAGCTCAAGAACAATACCTGTGTCAAAGAAGAGAACACCTGTCTTCGCAACCAGTATCGCTGCAGCAACGGGAACTGTATCAACAGCATTTGGTGGTGTGACTTTGACAACGACTGTGGAGACATGAGCGATGAGAGAAACTGCCCTACCACCATCTGTGACCTGGACACCCAGTTTCGTTGCCAGGAGTCTGGGACTTGTATCCCACTGTCCTATAAATGTGACCTTGAGGATGACTGTGGAGACAACAGTGATGAAAGTCATTGTGAAATGCACCAGTGCCGGAGTGACGAGTACAACTGCAGTTCCGGCATGTGCATCCGCTCCTCCTGGGTATGTGACGGGGACAACGACTGCAGGGACTGGTCTGATGAAGCCAACTGTACCGCCATCTATCACACCTGTGAGGCCTCCAACTTCCAGTGCCGAAACGGGCACTGCATCCCCCAGCGGTGGGCGTGTGACGGGGATACGGACTGCCAGGATGGTTCCGATGAGGATCCAGTCAACTGTGAGAAGAAGTGCAATGGATTCCGCTGCCCAAACGGCACTTGCATCCCATCCAGCAAACATTGTGATGGTCTGCGTGATTGCTCTGATGGCTCCGATGAACAGCACTGCGAGCCCCTCTGTACGCACTTCATGGACTTTGTGTGTAAGAACCGCCAGCAGTGCCTGTTCCACTCCATGGTCTGTGACGGAATCATCCAGTGCCGCGACGGGTCCGATGAGGATGCGGCGTTTGCAGGATGCTCCCAAGATCCTGAGTTCCACAAGGTATGTGATGAGTTCGGTTTCCAGTGACGTCTTCAGGCTAGGTGGAGGCTCAGTG,A3,Pass,Pass,1000,Gene Fragments,pSHPs0325B569010MU
BBF10K_000655_1,1065,1108,GAAGACTAGGAGGGTCTCAAATGTCTAATAATGATTTATTAAATTATTACCATCGCGCGAATGAGTTAGTGTTCAAAGGGTTAATAGAGTTCAGTTGCATGAAGGCAGCCATTGAACTTGATCTTTTCTCTCACATGGCGGAAGGCCCTAAGGACTTGGCCACATTAGCAGCCGACACCGGTTCGGTACCTCCTCGCTTAGAAATGCTGCTTGAGACCTTGCGCCAGATGCGTGTCATTAATCTTGAAGATGGTAAGTGGAGTTTGACAGAATTTGCAGATTATATGTTCTCACCCACACCGAAAGAACCGAACTTGCACCAAACCCCCGTTGCTAAGGCTATGGCGTTCTTAGCAGATGACTTCTATATGGGTCTTTCCCAAGCCGTACGGGGACAGAAAAACTTCAAAGGGCAAGTGCCGTACCCACCCGTTACCCGCGAAGATAACCTTTATTTTGAAGAGATTCATAGAAGCAATGCAAAGTTTGCAATTCAACTTCTTTTGGAGGAAGCTAAGTTGGATGGAGTGAAGAAAATGATCGATGTCGGAGGTGGCATTGGGGATATATCGGCGGCTATGCTGAAACATTTTCCAGAACTTGACAGTACTATACTTAATTTACCGGGCGCAATCGATCTGGTCAACGAAAACGCTGCTGAAAAGGGCGTTGCTGATCGTATGAGAGGGATTGCTGTTGACATCTACAAGGAGTCGTACCCCGAGGCGGATGCGGTGCTGTTCTGCCGTATTCTTTATAGTGCAAACGAACAGCTTTCTACTATTATGTGTAAAAAAGCCTTCGACGCTATGCGTTCGGGCGGTCGGCTGCTGATCTTAGATATGGTTATCGACGATCCTGAAAACCCAAATTTTGATTACTTGAGTCATTATATACTTGGTGCGGGTATGCCCTTTTCCGTTCTTGGATTCAAAGAACAGGCTCGCTATAAAGAGATCCTTGAGTCCTTGGGATATAAGGATGTCACAATGGTACGCAAGTATGACCATCTGCTTGTCCAAGCCGTAAAACCCTAAAGAGCTTCGAGACCGGCGCTACGTCTTC,GAAGTGCCATTCCGCCTGACCTGAAGACTAGGAGGGTCTCAAATGTCTAATAATGATTTATTAAATTATTACCATCGCGCGAATGAGTTAGTGTTCAAAGGGTTAATAGAGTTCAGTTGCATGAAGGCAGCCATTGAACTTGATCTTTTCTCTCACATGGCGGAAGGCCCTAAGGACTTGGCCACATTAGCAGCCGACACCGGTTCGGTACCTCCTCGCTTAGAAATGCTGCTTGAGACCTTGCGCCAGATGCGTGTCATTAATCTTGAAGATGGTAAGTGGAGTTTGACAGAATTTGCAGATTATATGTTCTCACCCACACCGAAAGAACCGAACTTGCACCAAACCCCCGTTGCTAAGGCTATGGCGTTCTTAGCAGATGACTTCTATATGGGTCTTTCCCAAGCCGTACGGGGACAGAAAAACTTCAAAGGGCAAGTGCCGTACCCACCCGTTACCCGCGAAGATAACCTTTATTTTGAAGAGATTCATAGAAGCAATGCAAAGTTTGCAATTCAACTTCTTTTGGAGGAAGCTAAGTTGGATGGAGTGAAGAAAATGATCGATGTCGGAGGTGGCATTGGGGATATATCGGCGGCTATGCTGAAACATTTTCCAGAACTTGACAGTACTATACTTAATTTACCGGGCGCAATCGATCTGGTCAACGAAAACGCTGCTGAAAAGGGCGTTGCTGATCGTATGAGAGGGATTGCTGTTGACATCTACAAGGAGTCGTACCCCGAGGCGGATGCGGTGCTGTTCTGCCGTATTCTTTATAGTGCAAACGAACAGCTTTCTACTATTATGTGTAAAAAAGCCTTCGACGCTATGCGTTCGGGCGGTCGGCTGCTGATCTTAGATATGGTTATCGACGATCCTGAAAACCCAAATTTTGATTACTTGAGTCATTATATACTTGGTGCGGGTATGCCCTTTTCCGTTCTTGGATTCAAAGAACAGGCTCGCTATAAAGAGATCCTTGAGTCCTTGGGATATAAGGATGTCACAATGGTACGCAAGTATGACCATCTGCTTGTCCAAGCCGTAAAACCCTAAAGAGCTTCGAGACCGGCGCTACGTCTTCAGGCTAGGTGGAGGCTCAGTG,B1,Pass,Pass,1000,Gene Fragments,pSHPs0325B569010MU
BBF10K_000662_1,1383,1426,GAAGACTAGGAGGGTCTCAAATGGGAGCAAATGATGCAGATAGACCGACAAATGCAGAATCACTGGATGGCATTAAAAGCGTTATTGCAGGCGGAGTTTCATCATCAATGAGAGCAGCAGCAGTTCCGCTGCCGCTGGTTGTTAGATCAGCAGGCGGATGCCTGCTGAGAGATGTTGAAGATGGCGAAATTATTGATCTGAACATGGGCTATGGACCGCATCTTTTTGGCTATGCGGATAGAGAAGTTCTGGATGCAGTTGCAGATCAATTTGCAAAAGGCCATATGACAGGCCTGCCGCATGAACTGGATGCAAGAGCAGGCGCACTGATTGCAGAACTGGTTCCTGGCGTTGAACAAGTTAGATTTGCGAATTCAGGCACAGAAGCAGTTGCATCAGCACTGAGACTGGCAAGAGCAACAACAGGCAGAACACTTGTTGTTACATTTGAAGGCCATTATCATGGCTGGTCAGAAACAGTTCTGAGAGCAGGCAAAACAGCACTGCATATGGAAGGCACAAGACCGACAGATGTTGTCCCTGGCGCACTGGGCATGATTCCGGAAGCACTGGCACATACAGTTCAACTTGGCTGGAATGATCCGGATGCACTTAGAGAACTTTTTGCAAGAGATGGCGATAGAATTGCAGCAGTTATTGTTGAACCGGTCCTGGCAAATGCAGGCGTTATTCCTCCGGCACCGGGATTTCTGCAACTTCTGAGAGAACTGACAGGCAGATCAGGCGCAATGCTGGTTTTTGATGAAGTTATTACAGGCTTTAGAGTTGCAAGAGGCGGAGCACAAGAAAGATATGGCGTCGAACCGGATCTGACAGTTCTGTCAAAAGTTATGGGAGGCGGATTTCCGGTTGCAGCATTTGGCGGACGCAGACATGCAATGAGAATGCTGGCATCAAATGAAGCACATCATGCTGGCGTTTATGCAGGCAATCATGCAGCGCTTAGAGCAGTTGTTGCAATGCTTGGCAAAATTAGATCACTGCCGGATCTGTATGAACGCCTGGAAGATACAGGCCAATATATGGAAGATACGGTCAGAGAAGTTTTCGCGACAGAAAAAAGACCGGTGCATATCAATAGAGTTGGCACACTGATGTCAGTTGCACTGCTGAAAGGCTCAGCAGAACCGTCAGCGGAACCGAGAGATCTGAGACAACTGGCAGCACTGGTTGATTTTCCGAGACATAGACGCCTGCAAACACTTGCACAAAAAGAAGGCGTTTATTTTCATCCGAATGCACTGGAACCGTGGTTTCTGTCAACAGCACATACAAGAGATGTCATCGATAAAGTTGCAGGCGCATTACAAAGATCACTGGTTGGCCTGGGCTAAAGAGCTTCGAGACCGGCGCTACGTCTTC,GAAGTGCCATTCCGCCTGACCTGAAGACTAGGAGGGTCTCAAATGGGAGCAAATGATGCAGATAGACCGACAAATGCAGAATCACTGGATGGCATTAAAAGCGTTATTGCAGGCGGAGTTTCATCATCAATGAGAGCAGCAGCAGTTCCGCTGCCGCTGGTTGTTAGATCAGCAGGCGGATGCCTGCTGAGAGATGTTGAAGATGGCGAAATTATTGATCTGAACATGGGCTATGGACCGCATCTTTTTGGCTATGCGGATAGAGAAGTTCTGGATGCAGTTGCAGATCAATTTGCAAAAGGCCATATGACAGGCCTGCCGCATGAACTGGATGCAAGAGCAGGCGCACTGATTGCAGAACTGGTTCCTGGCGTTGAACAAGTTAGATTTGCGAATTCAGGCACAGAAGCAGTTGCATCAGCACTGAGACTGGCAAGAGCAACAACAGGCAGAACACTTGTTGTTACATTTGAAGGCCATTATCATGGCTGGTCAGAAACAGTTCTGAGAGCAGGCAAAACAGCACTGCATATGGAAGGCACAAGACCGACAGATGTTGTCCCTGGCGCACTGGGCATGATTCCGGAAGCACTGGCACATACAGTTCAACTTGGCTGGAATGATCCGGATGCACTTAGAGAACTTTTTGCAAGAGATGGCGATAGAATTGCAGCAGTTATTGTTGAACCGGTCCTGGCAAATGCAGGCGTTATTCCTCCGGCACCGGGATTTCTGCAACTTCTGAGAGAACTGACAGGCAGATCAGGCGCAATGCTGGTTTTTGATGAAGTTATTACAGGCTTTAGAGTTGCAAGAGGCGGAGCACAAGAAAGATATGGCGTCGAACCGGATCTGACAGTTCTGTCAAAAGTTATGGGAGGCGGATTTCCGGTTGCAGCATTTGGCGGACGCAGACATGCAATGAGAATGCTGGCATCAAATGAAGCACATCATGCTGGCGTTTATGCAGGCAATCATGCAGCGCTTAGAGCAGTTGTTGCAATGCTTGGCAAAATTAGATCACTGCCGGATCTGTATGAACGCCTGGAAGATACAGGCCAATATATGGAAGATACGGTCAGAGAAGTTTTCGCGACAGAAAAAAGACCGGTGCATATCAATAGAGTTGGCACACTGATGTCAGTTGCACTGCTGAAAGGCTCAGCAGAACCGTCAGCGGAACCGAGAGATCTGAGACAACTGGCAGCACTGGTTGATTTTCCGAGACATAGACGCCTGCAAACACTTGCACAAAAAGAAGGCGTTTATTTTCATCCGAATGCACTGGAACCGTGGTTTCTGTCAACAGCACATACAAGAGATGTCATCGATAAAGTTGCAGGCGCATTACAAAGATCACTGGTTGGCCTGGGCTAAAGAGCTTCGAGACCGGCGCTACGTCTTCAGGCTAGGTGGAGGCTCAGTG,B2,Pass,Pass,1000,Gene Fragments,pSHPs0325B569010MU
BBF10K_000666_4,1355,1398,GAAGACTAAGTGTCAGAATGGAGTGTGCATCAGTTTGATTTGGAAGTGCGACGGGATGGATGATTGCGGCGATTATTCTGATGAAGCCAACTGCGAAAACCCCACAGAAGCCCCAAACTGCTCCCGCTACTTCCAGTTTCGGTGTGAGAATGGCCACTGCATCCCCAACAGATGGAAATGTGACAGGGAGAACGACTGTGGGGACTGGTCTGATGAGAAGGATTGTGGAGATTCACATATTCTTCCCTTCTCGACTCCTGGGCCCTCCACGTGTCTGCCCAATTACTACCGCTGCAGCAGTGGGACCTGCGTGATGGACACCTGGGTGTGCGACGGGTACCGAGATTGTGCAGATGGCTCTGACGAGGAAGCCTGCCCCTTGCTTGCAAACGTCACTGCTGCCTCCACTCCCACCCAACTTGGGCGATGTGACCGATTTGAGTTCGAATGCCACCAACCGAAGACGTGTATTCCCAACTGGAAGCGCTGTGACGGCCACCAAGATTGCCAGGATGGCCGGGACGAGGCCAATTGCCCCACACACAGCACCTTGACTTGCATGAGCAGGGAGTTCCAGTGCGAGGACGGGGAGGCCTGCATTGTGCTCTCGGAGCGCTGCGACGGCTTCCTGGACTGCTCGGACGAGAGCGATGAAAAGGCCTGCAGTGATGAGTTGACTGTGTACAAAGTACAGAATCTTCAGTGGACAGCTGACTTCTCTGGGGATGTGACTTTGACCTGGATGAGGCCCAAAAAAATGCCCTCTGCTTCTTGTGTATATAATGTCTACTACAGGGTGGTTGGAGAGAGCATATGGAAGACTCTGGAGACCCACAGCAATAAGACAAACACTGTATTAAAAGTCTTGAAACCAGATACCACGTATCAGGTTAAAGTACAGGTTCAGTGTCTCAGCAAGGCACACAACACCAATGACTTTGTGACCCTGAGGACCCCAGAGGGATTGCCAGATGCCCCTCGAAATCTCCAGCTGTCACTCCCCAGGGAAGCAGAAGGTGTGATTGTAGGCCACTGGGCTCCTCCCATCCACACCCATGGCCTCATCCGTGAGTACATTGTAGAATACAGCAGGAGTGGTTCCAAGATGTGGGCCTCCCAGAGGGCTGCTAGTAACTTTACAGAAATCAAGAACTTATTGGTCAACACTCTATACACCGTCAGAGTGGCTGCGGTGACTAGTCGTGGAATAGGAAACTGGAGCGATTCTAAATCCATTACCACCATAAAAGGAAAAGTGATCCCACCACCAGATATCCACATTGACAGCTATGGTGAAAATTATCTAAGCTTCACCCTGACCATGGAGAGTGATATCAAGGTGAATGGACGTCTTC,GAAGTGCCATTCCGCCTGACCTGAAGACTAAGTGTCAGAATGGAGTGTGCATCAGTTTGATTTGGAAGTGCGACGGGATGGATGATTGCGGCGATTATTCTGATGAAGCCAACTGCGAAAACCCCACAGAAGCCCCAAACTGCTCCCGCTACTTCCAGTTTCGGTGTGAGAATGGCCACTGCATCCCCAACAGATGGAAATGTGACAGGGAGAACGACTGTGGGGACTGGTCTGATGAGAAGGATTGTGGAGATTCACATATTCTTCCCTTCTCGACTCCTGGGCCCTCCACGTGTCTGCCCAATTACTACCGCTGCAGCAGTGGGACCTGCGTGATGGACACCTGGGTGTGCGACGGGTACCGAGATTGTGCAGATGGCTCTGACGAGGAAGCCTGCCCCTTGCTTGCAAACGTCACTGCTGCCTCCACTCCCACCCAACTTGGGCGATGTGACCGATTTGAGTTCGAATGCCACCAACCGAAGACGTGTATTCCCAACTGGAAGCGCTGTGACGGCCACCAAGATTGCCAGGATGGCCGGGACGAGGCCAATTGCCCCACACACAGCACCTTGACTTGCATGAGCAGGGAGTTCCAGTGCGAGGACGGGGAGGCCTGCATTGTGCTCTCGGAGCGCTGCGACGGCTTCCTGGACTGCTCGGACGAGAGCGATGAAAAGGCCTGCAGTGATGAGTTGACTGTGTACAAAGTACAGAATCTTCAGTGGACAGCTGACTTCTCTGGGGATGTGACTTTGACCTGGATGAGGCCCAAAAAAATGCCCTCTGCTTCTTGTGTATATAATGTCTACTACAGGGTGGTTGGAGAGAGCATATGGAAGACTCTGGAGACCCACAGCAATAAGACAAACACTGTATTAAAAGTCTTGAAACCAGATACCACGTATCAGGTTAAAGTACAGGTTCAGTGTCTCAGCAAGGCACACAACACCAATGACTTTGTGACCCTGAGGACCCCAGAGGGATTGCCAGATGCCCCTCGAAATCTCCAGCTGTCACTCCCCAGGGAAGCAGAAGGTGTGATTGTAGGCCACTGGGCTCCTCCCATCCACACCCATGGCCTCATCCGTGAGTACATTGTAGAATACAGCAGGAGTGGTTCCAAGATGTGGGCCTCCCAGAGGGCTGCTAGTAACTTTACAGAAATCAAGAACTTATTGGTCAACACTCTATACACCGTCAGAGTGGCTGCGGTGACTAGTCGTGGAATAGGAAACTGGAGCGATTCTAAATCCATTACCACCATAAAAGGAAAAGTGATCCCACCACCAGATATCCACATTGACAGCTATGGTGAAAATTATCTAAGCTTCACCCTGACCATGGAGAGTGATATCAAGGTGAATGGACGTCTTCAGGCTAGGTGGAGGCTCAGTG,B3,Pass,Pass,1000,Gene Fragments,pSHPs0325B569010MU
BBF10K_000656_1,942,985,GAAGACTAGGAGGGTCTCAAATGCCATTGTGTGAAGATCCCTATGGAGCGGAGGTATCAAAACTGGTGGATCAGGTACTGAAGGATTCGGATAACGATCGCACTTTATGTTATAACAACTTCCACGACCCCTGTCCTGAACTTACAAAAGGTCAGGTTGCGATGTGTAAAGGGTTTGACTATGGAGACAAGACGCTTAAATTGCCTTGCGGCCCATTGCCCTGGCCTGCCGGATGCCCCGAGCCTGGTTATGTACCCAAGACTAACCCTCTGCATGGACGTTGGATAACCGTTAGCGGAGGCCAGGCCGCCTTCATCAAAGAAGCGATTAAATCCGGTATGCTGGGAGCCGCCGAAGCAAATAAAATAGCTGCTGATACGGACCACGAGCAGACAGGAGGTATGTTTCTGAGAATAAATCAGTTTGGGGACCAGTGTACCGTAGATGCCAGTGTCGCAAAGTACGCTCGCGCCAAACGCACTTGGCGCTCGGGACACTATTTTTATGAGCCACTTGTCTCCGGGGGGAACCTGCTTGGAGTGTGGGTCTTACCTGAGGAATACCGGAAGATTGGATTTTTTTGGGAGATGGAGTCTGGACGTTGCTTCCGCATAGAAAGACGTGCATTCCCGGTTGGGCCATATACTTTTTTGCGGCAGGCAACTGAAGTGAATGGGACCATCTCTTTTGTTTTGTACGTAAAGGTGTCTAATGACCCTGAGTCTAAACCGATCCCCGTACAATCTCGTGACTACACAGCCTTAGCCGGATGTGACAACGTATGTACCAATTTAGGCAAACCCTATCCCTGTACTGCCAAAGATCTGGATTATCCCAACAAACGCGATACCTGGTTAGATCAGAACGAAAAGGAGATGATACATCAGCGTGGCCTTGTGGCCACGAGTTTCTAGAGAGCTTCGAGACCGGCGCTACGTCTTC,GAAGTGCCATTCCGCCTGACCTGAAGACTAGGAGGGTCTCAAATGCCATTGTGTGAAGATCCCTATGGAGCGGAGGTATCAAAACTGGTGGATCAGGTACTGAAGGATTCGGATAACGATCGCACTTTATGTTATAACAACTTCCACGACCCCTGTCCTGAACTTACAAAAGGTCAGGTTGCGATGTGTAAAGGGTTTGACTATGGAGACAAGACGCTTAAATTGCCTTGCGGCCCATTGCCCTGGCCTGCCGGATGCCCCGAGCCTGGTTATGTACCCAAGACTAACCCTCTGCATGGACGTTGGATAACCGTTAGCGGAGGCCAGGCCGCCTTCATCAAAGAAGCGATTAAATCCGGTATGCTGGGAGCCGCCGAAGCAAATAAAATAGCTGCTGATACGGACCACGAGCAGACAGGAGGTATGTTTCTGAGAATAAATCAGTTTGGGGACCAGTGTACCGTAGATGCCAGTGTCGCAAAGTACGCTCGCGCCAAACGCACTTGGCGCTCGGGACACTATTTTTATGAGCCACTTGTCTCCGGGGGGAACCTGCTTGGAGTGTGGGTCTTACCTGAGGAATACCGGAAGATTGGATTTTTTTGGGAGATGGAGTCTGGACGTTGCTTCCGCATAGAAAGACGTGCATTCCCGGTTGGGCCATATACTTTTTTGCGGCAGGCAACTGAAGTGAATGGGACCATCTCTTTTGTTTTGTACGTAAAGGTGTCTAATGACCCTGAGTCTAAACCGATCCCCGTACAATCTCGTGACTACACAGCCTTAGCCGGATGTGACAACGTATGTACCAATTTAGGCAAACCCTATCCCTGTACTGCCAAAGATCTGGATTATCCCAACAAACGCGATACCTGGTTAGATCAGAACGAAAAGGAGATGATACATCAGCGTGGCCTTGTGGCCACGAGTTTCTAGAGAGCTTCGAGACCGGCGCTACGTCTTCAGGCTAGGTGGAGGCTCAGTG,C1,Pass,Pass,1000,Gene Fragments,pSHPs0325B569010MU
BBF10K_000663_1,815,858,GAAGACTAGGAGGGTCTCAAATGCAAACACAAAAACCGACACTGGAACTGCTGACATGCGAAGGCGCATATAGAGATAATCCGACAGCACTGTTTCATCAACTGTGCGGAGATAGACCGGCAACACTGCTGCTGGAATTTGCAGATATTGATAGCAAAGATGACCTGAAATCACTGCTTCTGGTTGATTCAGCACTGAGAATTACAGCACTGGGCGATACAGTTACAATTCAAGCACTGTCAGGCAATGGCGAAGCACTGCTGGCACTGCTTGATAATGCACTTCCGGCAGGCGTTGAATCAGAACAATCACCGAATTGCAGAGTTCTGAGATTTCCGCCTGTTTCACCGCTGCTGGATGAAGATGCAAGACTGTGCTCACTGTCAGTTTTTGATGCATTTAGACTGCTGCAGAATCTGCTGAATGTTCCGAAAGAAGAACGCGAAGCAATGTTTTTTGGCGGACTGTTTTCATATGATCTGGTTGCAGGCTTTGAAGATCTGCCGCAACTGTCAGCAGAAAATAACTGTCCGGATTTTTGCTTTTATCTGGCGGAAACACTGATGGTCATTGACCACCAGAAAAAAAGCACAAGAATTCAAGCGTCACTGTTTGCACCGAACGAAGAAGAAAAACAAAGACTGACAGCACGCCTGAATGAACTGAGACAACAACTGACAGAAGCAGCACCGCCTCTGCCGGTTGTTTCAGTTCCGCATATGAGATGCGAATGCAATCAATCCGATGAAGAATTTGGCGGAGTTGTTAGACTTCTGCAAAAAGCAATTAGAGCAGGCGAAATTTTTCACGTCTTC,GAAGTGCCATTCCGCCTGACCTGAAGACTAGGAGGGTCTCAAATGCAAACACAAAAACCGACACTGGAACTGCTGACATGCGAAGGCGCATATAGAGATAATCCGACAGCACTGTTTCATCAACTGTGCGGAGATAGACCGGCAACACTGCTGCTGGAATTTGCAGATATTGATAGCAAAGATGACCTGAAATCACTGCTTCTGGTTGATTCAGCACTGAGAATTACAGCACTGGGCGATACAGTTACAATTCAAGCACTGTCAGGCAATGGCGAAGCACTGCTGGCACTGCTTGATAATGCACTTCCGGCAGGCGTTGAATCAGAACAATCACCGAATTGCAGAGTTCTGAGATTTCCGCCTGTTTCACCGCTGCTGGATGAAGATGCAAGACTGTGCTCACTGTCAGTTTTTGATGCATTTAGACTGCTGCAGAATCTGCTGAATGTTCCGAAAGAAGAACGCGAAGCAATGTTTTTTGGCGGACTGTTTTCATATGATCTGGTTGCAGGCTTTGAAGATCTGCCGCAACTGTCAGCAGAAAATAACTGTCCGGATTTTTGCTTTTATCTGGCGGAAACACTGATGGTCATTGACCACCAGAAAAAAAGCACAAGAATTCAAGCGTCACTGTTTGCACCGAACGAAGAAGAAAAACAAAGACTGACAGCACGCCTGAATGAACTGAGACAACAACTGACAGAAGCAGCACCGCCTCTGCCGGTTGTTTCAGTTCCGCATATGAGATGCGAATGCAATCAATCCGATGAAGAATTTGGCGGAGTTGTTAGACTTCTGCAAAAAGCAATTAGAGCAGGCGAAATTTTTCACGTCTTCAGGCTAGGTGGAGGCTCAGTG,C2,Pass,Pass,705,Gene Fragments,pSHPs0325B569010MU
BBF10K_000666_5,1355,1398,GAAGACTAATGGCTATGTGGTGAACCTTTTCTGGGCATTTGACACCCACAAGCAAGAGAGGAGAACTTTGAACTTCCGAGGAAGCATATTGTCACACAAAGTTGGCAATCTGACAGCTCATACATCCTATGAGATTTCTGCCTGGGCCAAGACTGACTTGGGGGATAGCCCTCTGGCATTTGAGCATGTTATGACCAGAGGGGTTCGCCCACCTGCACCTAGCCTCAAGGCCAAAGCCATCAACCAGACTGCAGTGGAATGTACCTGGACCGGCCCCCGGAATGTGGTTTATGGTATTTTCTATGCCACGTCCTTTCTTGACCTCTATCGCAACCCGAAGAGCTTGACTACTTCACTCCACAACAAGACGGTCATTGTCAGTAAGGATGAGCAGTATTTGTTTCTGGTCCGTGTAGTGGTACCCTACCAGGGGCCATCCTCTGACTACGTTGTAGTGAAGATGATCCCGGACAGCAGGCTTCCACCCCGTCACCTGCATGTGGTTCATACGGGCAAAACCTCCGTGGTCATCAAGTGGGAATCACCGTATGACTCTCCTGACCAGGACTTGTTGTATGCAATTGCAGTCAAAGATCTCATAAGAAAGACTGACAGGAGCTACAAAGTAAAATCCCGTAACAGCACTGTGGAATACACCCTTAACAAGTTGGAGCCTGGCGGGAAATACCACATCATTGTCCAACTGGGGAACATGAGCAAAGATTCCAGCATAAAAATTACCACAGTTTCATTATCAGCACCTGATGCCTTAAAAATCATAACAGAAAATGATCATGTTCTTCTGTTTTGGAAAAGCCTGGCTTTAAAGGAAAAGCATTTTAATGAAAGCAGGGGCTATGAGATACACATGTTTGATAGTGCCATGAATATCACAGCTTACCTTGGGAATACTACTGACAATTTCTTTAAAATTTCCAACCTGAAGATGGGTCATAATTACACGTTCACCGTCCAAGCAAGATGCCTTTTTGGCAACCAGATCTGTGGGGAGCCTGCCATCCTGCTGTACGATGAGCTGGGGTCTGGTGCAGATGCATCTGCAACGCAGGCTGCCAGATCTACGGATGTTGCTGCTGTGGTGGTGCCCATCTTATTCCTGATACTGCTGAGCCTGGGGGTGGGGTTTGCCATCCTGTACACGAAGCACCGGAGGCTGCAGAGCAGCTTCACCGCCTTCGCCAACAGCCACTACAGCTCCAGGCTGGGGTCCGCAATCTTCTCCTCTGGGGATGACCTGGGGGAAGATGATGAAGATGCCCCTATGATAACTGGATTTTCAGATGACGTCCCCATGGTGATAGCCTGAAGAGCTTCGAGACCGGCGCTACGTCTTC,GAAGTGCCATTCCGCCTGACCTGAAGACTAATGGCTATGTGGTGAACCTTTTCTGGGCATTTGACACCCACAAGCAAGAGAGGAGAACTTTGAACTTCCGAGGAAGCATATTGTCACACAAAGTTGGCAATCTGACAGCTCATACATCCTATGAGATTTCTGCCTGGGCCAAGACTGACTTGGGGGATAGCCCTCTGGCATTTGAGCATGTTATGACCAGAGGGGTTCGCCCACCTGCACCTAGCCTCAAGGCCAAAGCCATCAACCAGACTGCAGTGGAATGTACCTGGACCGGCCCCCGGAATGTGGTTTATGGTATTTTCTATGCCACGTCCTTTCTTGACCTCTATCGCAACCCGAAGAGCTTGACTACTTCACTCCACAACAAGACGGTCATTGTCAGTAAGGATGAGCAGTATTTGTTTCTGGTCCGTGTAGTGGTACCCTACCAGGGGCCATCCTCTGACTACGTTGTAGTGAAGATGATCCCGGACAGCAGGCTTCCACCCCGTCACCTGCATGTGGTTCATACGGGCAAAACCTCCGTGGTCATCAAGTGGGAATCACCGTATGACTCTCCTGACCAGGACTTGTTGTATGCAATTGCAGTCAAAGATCTCATAAGAAAGACTGACAGGAGCTACAAAGTAAAATCCCGTAACAGCACTGTGGAATACACCCTTAACAAGTTGGAGCCTGGCGGGAAATACCACATCATTGTCCAACTGGGGAACATGAGCAAAGATTCCAGCATAAAAATTACCACAGTTTCATTATCAGCACCTGATGCCTTAAAAATCATAACAGAAAATGATCATGTTCTTCTGTTTTGGAAAAGCCTGGCTTTAAAGGAAAAGCATTTTAATGAAAGCAGGGGCTATGAGATACACATGTTTGATAGTGCCATGAATATCACAGCTTACCTTGGGAATACTACTGACAATTTCTTTAAAATTTCCAACCTGAAGATGGGTCATAATTACACGTTCACCGTCCAAGCAAGATGCCTTTTTGGCAACCAGATCTGTGGGGAGCCTGCCATCCTGCTGTACGATGAGCTGGGGTCTGGTGCAGATGCATCTGCAACGCAGGCTGCCAGATCTACGGATGTTGCTGCTGTGGTGGTGCCCATCTTATTCCTGATACTGCTGAGCCTGGGGGTGGGGTTTGCCATCCTGTACACGAAGCACCGGAGGCTGCAGAGCAGCTTCACCGCCTTCGCCAACAGCCACTACAGCTCCAGGCTGGGGTCCGCAATCTTCTCCTCTGGGGATGACCTGGGGGAAGATGATGAAGATGCCCCTATGATAACTGGATTTTCAGATGACGTCCCCATGGTGATAGCCTGAAGAGCTTCGAGACCGGCGCTACGTCTTCAGGCTAGGTGGAGGCTCAGTG,C3,Pass,Pass,885,Gene Fragments,pSHPs0325B569010MU
BBF10K_000657_1,840,883,GAAGACTAGGAGGGTCTCAAATGGGTGGGGAAGGAGGCGCTGATGATAGTGTCGTCCATTTCGTATTCGTTCATGGTGCTAGCCACGGAGCTTGGTGTTGGTACAAGCTGACAACTTTATTAGTCGCTGCAGGGTTCAAGGCTACGTCTGTGGATTTAACGGGTGCGGGAATCAATTTAACTGACTCGAATACCGTGTTCGACTTTGACCATTATAATCGCCCCCTGTTCTCTTTATTATCAGATCTGCCATCACACCACAAAATCGTTCTGGTCGGTCATTCCATAGGAGGAGGTTCAGTGACCGAGGCCCTGTGTAAATTTACGGACAAGATTTCGATGGTAGTGTATCTGGCTGCGGACATGGTTCAGCCAGGCAGCACGAGTTCGACTCATGATTCGATTATGACTGTAGGAGAAGAAGATATCTGGGAATACATATATGGTGAAGGAGCCGACAAGCCCCCGACGGGCGTCTTGATGAAAGAGGAATTTCGCCGCCACTACTACTACAGTCAAAGTCCTTTAGAGGACGTATCCCTTGCGTCCAAATTACTGCGGCCTGCACCCGTGCGTGCATTGGGCGGAGCGGATAAACTGAGTCCAAACCCAGAAGCAGAGAAAGTGCCTCGCGTGTACATTAAAACAGCTAAAGACAATCTTTTCGACCCACTGCGGCAGGACCGCCTTGTCGAGAAATGGCCGCCCTCCCAGCTTTATATCCTTGAAGAGAGTGACCATAGCGCGTTCTTCTCTGTGCCTACAACTTTGTTTGCCTACCTTCTTAGAGCGGTATCCTTTTTGCAACTGTAAAGAGCTTCGAGACCGGCGCTACGTCTTC,GAAGTGCCATTCCGCCTGACCTGAAGACTAGGAGGGTCTCAAATGGGTGGGGAAGGAGGCGCTGATGATAGTGTCGTCCATTTCGTATTCGTTCATGGTGCTAGCCACGGAGCTTGGTGTTGGTACAAGCTGACAACTTTATTAGTCGCTGCAGGGTTCAAGGCTACGTCTGTGGATTTAACGGGTGCGGGAATCAATTTAACTGACTCGAATACCGTGTTCGACTTTGACCATTATAATCGCCCCCTGTTCTCTTTATTATCAGATCTGCCATCACACCACAAAATCGTTCTGGTCGGTCATTCCATAGGAGGAGGTTCAGTGACCGAGGCCCTGTGTAAATTTACGGACAAGATTTCGATGGTAGTGTATCTGGCTGCGGACATGGTTCAGCCAGGCAGCACGAGTTCGACTCATGATTCGATTATGACTGTAGGAGAAGAAGATATCTGGGAATACATATATGGTGAAGGAGCCGACAAGCCCCCGACGGGCGTCTTGATGAAAGAGGAATTTCGCCGCCACTACTACTACAGTCAAAGTCCTTTAGAGGACGTATCCCTTGCGTCCAAATTACTGCGGCCTGCACCCGTGCGTGCATTGGGCGGAGCGGATAAACTGAGTCCAAACCCAGAAGCAGAGAAAGTGCCTCGCGTGTACATTAAAACAGCTAAAGACAATCTTTTCGACCCACTGCGGCAGGACCGCCTTGTCGAGAAATGGCCGCCCTCCCAGCTTTATATCCTTGAAGAGAGTGACCATAGCGCGTTCTTCTCTGTGCCTACAACTTTGTTTGCCTACCTTCTTAGAGCGGTATCCTTTTTGCAACTGTAAAGAGCTTCGAGACCGGCGCTACGTCTTCAGGCTAGGTGGAGGCTCAGTG,D1,Pass,Pass,1000,Gene Fragments,pSHPs0325B569010MU
BBF10K_000663_2,816,859,GAAGACTATTTCAAGTTGTTCCGTCTAGAAGATTTTCACTGCCGTGTCCTTCTCCGCTGGCAGCATATTATGTTCTGAAAAAATCAAACCCGTCGCCGTACATGTTTTTTATGCAGGATAATGACTTTACGCTGTTTGGCGCATCTCCGGAATCATCACTGAAATATGATGCAACAAGCCGTCAGATTGAAATCTATCCGATTGCAGGCACAAGACCGAGAGGCAGACGCGCAGATGGCTCACTGGATAGAGATCTGGATTCAAGAATTGAACTGGAAATGCGCACGGATCATAAAGAACTGTCAGAACATCTGATGCTGGTTGATCTGGCAAGAAATGATCTTGCGAGAATTTGCACACCGGGATCAAGATATGTTGCAGATCTGACAAAAGTTGACCGCTATTCATATGTCATGCATCTGGTTAGCAGAGTTGTTGGCGAACTTAGACATGATCTTGATGCACTGCATGCGTATAGAGCGTGCATGAATATGGGCACACTTTCAGGCGCACCGAAAGTTAGAGCAATGCAACTGATTGCAGAAGCTGAAGGCAGACGTAGAGGCTCATATGGCGGAGCAGTTGGCTATTTTACAGCGCATGGCGATCTGGATACATGCATTGTTATTAGATCAGCGCTGGTCGAAAATGGCATTGCAACAGTTCAAGCAGGCGCAGGCGTCGTTCTGGATAGCGTTCCGCAAAGCGAAGCAGATGAAACAAGAAATAAAGCAAGAGCAGTCCTGAGAGCAATTGCGACAGCACATCATGCACAAGAAACGTTCTAAAGAGCTTCGAGACCGGCGCTACGTCTTC,GAAGTGCCATTCCGCCTGACCTGAAGACTATTTCAAGTTGTTCCGTCTAGAAGATTTTCACTGCCGTGTCCTTCTCCGCTGGCAGCATATTATGTTCTGAAAAAATCAAACCCGTCGCCGTACATGTTTTTTATGCAGGATAATGACTTTACGCTGTTTGGCGCATCTCCGGAATCATCACTGAAATATGATGCAACAAGCCGTCAGATTGAAATCTATCCGATTGCAGGCACAAGACCGAGAGGCAGACGCGCAGATGGCTCACTGGATAGAGATCTGGATTCAAGAATTGAACTGGAAATGCGCACGGATCATAAAGAACTGTCAGAACATCTGATGCTGGTTGATCTGGCAAGAAATGATCTTGCGAGAATTTGCACACCGGGATCAAGATATGTTGCAGATCTGACAAAAGTTGACCGCTATTCATATGTCATGCATCTGGTTAGCAGAGTTGTTGGCGAACTTAGACATGATCTTGATGCACTGCATGCGTATAGAGCGTGCATGAATATGGGCACACTTTCAGGCGCACCGAAAGTTAGAGCAATGCAACTGATTGCAGAAGCTGAAGGCAGACGTAGAGGCTCATATGGCGGAGCAGTTGGCTATTTTACAGCGCATGGCGATCTGGATACATGCATTGTTATTAGATCAGCGCTGGTCGAAAATGGCATTGCAACAGTTCAAGCAGGCGCAGGCGTCGTTCTGGATAGCGTTCCGCAAAGCGAAGCAGATGAAACAAGAAATAAAGCAAGAGCAGTCCTGAGAGCAATTGCGACAGCACATCATGCACAAGAAACGTTCTAAAGAGCTTCGAGACCGGCGCTACGTCTTCAGGCTAGGTGGAGGCTCAGTG,D2,Pass,Pass,1000,Gene Fragments,pSHPs0325B569010MU
BBF10K_000658_1,769,812,GAAGACTAGGAGGGTCTCAAATGAAAGATGAATTCCAATGGAAAGGTTTGCCAGTCGTGAAGTCTGGACTGGATGTCGGAGGGATGCCAACTGGCACTCGTTATCACCGTTCACCTGCATGGCCAGAGGAACAGCCGGGAGAGACGCACGCGCCGGCCCCGTTCGGTGCAGGAGACAAACGCTACACATTCTCCCAGACCGAGATGTTAGTAAACGGCCTTAAGCCGTATACGGAGCCCACCGCTGGTGTTCCTCCTCAATTGCTTTCCCGCGCTGTAACGCATGTACGTTCCTATATTGAGACTATCATTGGCACCCATCGTTCACCAGTTCTGACATACCATCAGGCCTGTGAGTTATTGGAGCGCACGACCTCCTGCGGACCTTTCGTTCAGGGCTTGAAGGGTGATTATTGGGATGAAGAACAGCAGCAGTATACCGGCGTTCTTGCAAATCATCTGGAACAGGCCTGGGACAAAGCTAACAAAGGAATTGCCCCCCGCAATGCATATAAGTTAGCCCTTAAGGACGAACTTCGTCCCATCGAAAAAAACAAAGCTGGCAAACGTCGCCTGTTATGGGGCTGCGACGCCGCTACCACGCTTATTGCTACAGCAGCATTCAAAGCTGTCGCCACGCGCTTACAGGTAGTCACGCCCATGACACCGGTGGCAGTGGGTATTAACATGGACTCGGTGCAAATGCAGGTCATGAATGACTCCCTTAAGGGCGGCGTCCTTTATTGTCTGGATTATAGCAAGACGTCTTC,GAAGTGCCATTCCGCCTGACCTGAAGACTAGGAGGGTCTCAAATGAAAGATGAATTCCAATGGAAAGGTTTGCCAGTCGTGAAGTCTGGACTGGATGTCGGAGGGATGCCAACTGGCACTCGTTATCACCGTTCACCTGCATGGCCAGAGGAACAGCCGGGAGAGACGCACGCGCCGGCCCCGTTCGGTGCAGGAGACAAACGCTACACATTCTCCCAGACCGAGATGTTAGTAAACGGCCTTAAGCCGTATACGGAGCCCACCGCTGGTGTTCCTCCTCAATTGCTTTCCCGCGCTGTAACGCATGTACGTTCCTATATTGAGACTATCATTGGCACCCATCGTTCACCAGTTCTGACATACCATCAGGCCTGTGAGTTATTGGAGCGCACGACCTCCTGCGGACCTTTCGTTCAGGGCTTGAAGGGTGATTATTGGGATGAAGAACAGCAGCAGTATACCGGCGTTCTTGCAAATCATCTGGAACAGGCCTGGGACAAAGCTAACAAAGGAATTGCCCCCCGCAATGCATATAAGTTAGCCCTTAAGGACGAACTTCGTCCCATCGAAAAAAACAAAGCTGGCAAACGTCGCCTGTTATGGGGCTGCGACGCCGCTACCACGCTTATTGCTACAGCAGCATTCAAAGCTGTCGCCACGCGCTTACAGGTAGTCACGCCCATGACACCGGTGGCAGTGGGTATTAACATGGACTCGGTGCAAATGCAGGTCATGAATGACTCCCTTAAGGGCGGCGTCCTTTATTGTCTGGATTATAGCAAGACGTCTTCAGGCTAGGTGGAGGCTCAGTG,E1,Pass,Pass,1000,Gene Fragments,pSHPs0325B569010MU
BBF10K_000664_1,1348,1391,GAAGACTAGGAGGGTCTCAAATGCAAGGCCTACACGCTATTCAACTTCAACTTGAAGAAGAAATGTTTAACGGCGGTATCCGTCGCTTTGAAGCGGACCAACAACGCCAGATTGCATCCGGTAATGAATCAGACACGGCATGGAATCGCCGCTTATTGTCCGAGTTAATCGCGCCAATGGCTGAAGGTATTCAGGCATACAAGGAAGAGTATGAAGGTAAAAGAGGCCGTGCACCGCGTGCATTAGCTTTCATTAACTGCGTAGAAAACGAAGTGGCAGCATATATCACGATGAAAATCGTTATGGATATGCTGAACACGGATGTAACCTTGCAGGCTATAGCCATGAATGTAGCTGACCGCATTGAGGACCAAGTACGTTTTAGCAAGCTGGAAGGTCACGCCGCCAAATACTTTGAAAAAGTTAAGAAGTCACTTAAGGCAAGTAAGACTAAATCATATCGCCATGCGCACAACGTAGCGGTAGTGGCTGAGAAGTCAGTAGCTGACCGTGACGCTGATTTCTCCCGCTGGGAGGCATGGCCTAAAGACACCTTGCTGCAAATTGGGATGACCTTGCTTGAAATCTTAGAGAATAGCGTATTCTTCAACGGGCAACCTGTCTTCCTCCGCACCTTGCGCACTAATGGCGGCAAACATGGTGTTTACTACCTACAGACTAGTGAACACGTAGGTGAGTGGATAACTGCATTCAAAGAGCACGTAGCGCAACTGAGTCCTGCCTATGCTCCTTGCGTCATCCCTCCGCGTCCGTGGGTATCACCTTTTAACGGCGGTTTCCACACTGAGAAAGTAGCAAGCCGTATTCGTCTGGTAAAAGGAAACCGCGAACACGTCCGCAAGCTGACCAAAAAGCAAATGCCAGAGGTTTACAAGGCTGTTAACGCGTTGCAGGCGACTAAATGGCAGGTTAACAAGGAAGTTTTACAGGTTGTGGAAGACGTCATCCGTCTAGACCTAGGTTATGGTGTACCTTCCTTTAAACCACTCATTGACCGCGAGAACAAGCCAGCTAATCCAGTGCCGCTAGAATTTCAGCACCTACGGGGCCGTGAACTGAAAGAAATGCTTACGCCGGAACAATGGCAAGCCTTTATCAACTGGAAAGGTGAATGTACTAAGCTGTACACCGCTGAAACTAAGCGCGGAAGCAAATCGGCGGCAACCGTTCGCATGGTTGGTCAGGCCCGTAAATATAGCCAGTTCGACGCAATCTACTTCGTGTATGCACTGGACAGCCGCAGCCGCGTCTACGCGCAATCTAGCACACTCTCACCGCAATCAAATGACTTGGGCAAGGCCTTGCTCCGTTTTACCGAAACGTCTTC,GAAGTGCCATTCCGCCTGACCTGAAGACTAGGAGGGTCTCAAATGCAAGGCCTACACGCTATTCAACTTCAACTTGAAGAAGAAATGTTTAACGGCGGTATCCGTCGCTTTGAAGCGGACCAACAACGCCAGATTGCATCCGGTAATGAATCAGACACGGCATGGAATCGCCGCTTATTGTCCGAGTTAATCGCGCCAATGGCTGAAGGTATTCAGGCATACAAGGAAGAGTATGAAGGTAAAAGAGGCCGTGCACCGCGTGCATTAGCTTTCATTAACTGCGTAGAAAACGAAGTGGCAGCATATATCACGATGAAAATCGTTATGGATATGCTGAACACGGATGTAACCTTGCAGGCTATAGCCATGAATGTAGCTGACCGCATTGAGGACCAAGTACGTTTTAGCAAGCTGGAAGGTCACGCCGCCAAATACTTTGAAAAAGTTAAGAAGTCACTTAAGGCAAGTAAGACTAAATCATATCGCCATGCGCACAACGTAGCGGTAGTGGCTGAGAAGTCAGTAGCTGACCGTGACGCTGATTTCTCCCGCTGGGAGGCATGGCCTAAAGACACCTTGCTGCAAATTGGGATGACCTTGCTTGAAATCTTAGAGAATAGCGTATTCTTCAACGGGCAACCTGTCTTCCTCCGCACCTTGCGCACTAATGGCGGCAAACATGGTGTTTACTACCTACAGACTAGTGAACACGTAGGTGAGTGGATAACTGCATTCAAAGAGCACGTAGCGCAACTGAGTCCTGCCTATGCTCCTTGCGTCATCCCTCCGCGTCCGTGGGTATCACCTTTTAACGGCGGTTTCCACACTGAGAAAGTAGCAAGCCGTATTCGTCTGGTAAAAGGAAACCGCGAACACGTCCGCAAGCTGACCAAAAAGCAAATGCCAGAGGTTTACAAGGCTGTTAACGCGTTGCAGGCGACTAAATGGCAGGTTAACAAGGAAGTTTTACAGGTTGTGGAAGACGTCATCCGTCTAGACCTAGGTTATGGTGTACCTTCCTTTAAACCACTCATTGACCGCGAGAACAAGCCAGCTAATCCAGTGCCGCTAGAATTTCAGCACCTACGGGGCCGTGAACTGAAAGAAATGCTTACGCCGGAACAATGGCAAGCCTTTATCAACTGGAAAGGTGAATGTACTAAGCTGTACACCGCTGAAACTAAGCGCGGAAGCAAATCGGCGGCAACCGTTCGCATGGTTGGTCAGGCCCGTAAATATAGCCAGTTCGACGCAATCTACTTCGTGTATGCACTGGACAGCCGCAGCCGCGTCTACGCGCAATCTAGCACACTCTCACCGCAATCAAATGACTTGGGCAAGGCCTTGCTCCGTTTTACCGAAACGTCTTCAGGCTAGGTGGAGGCTCAGTG,E2,Pass,Pass,1000,Gene Fragments,pSHPs0325B569010MU
BBF10K_000658_2,769,812,GAAGACTACAAGTGGGATTCTACGCAGAATCCTGCCGTAACGGCCGCCTCGTTGGCAATTTTAGAACGCTTCGCTGAGCCGCACCCCATCGTGTCGTGTGCTATTGAAGCGCTGTCGTCGCCTGCCGAAGGATATGTCAACGACATCAAGTTTGTGACTCGTGGGGGCCTGCCTTCCGGGATGCCCTTTACGAGTGTGGTCAATTCCATCAACCATATGATTTACGTGGCAGCAGCCATTTTGCAAGCGTATGAGTCCCACAACGTGCCGTATACACATAACGTGGGACAAGTGGAGACGGTACATACTTACGGAGATGACTGCATGTACAGTGTTTGTCCAGCGACTGCATCGATCTTCCATGCAGTCCTTGCAAACCTTACATCATATGGTTTAAAGCCGACTGCCGCTGATAAGTCGGATGCAATTAAGCCAACAAATACTCCGGTTTTCTTGAAGCGCACATTTACTCAAACGCCGCATGGCGTCCGCGCCGATGACGACATTACATCTATCACTCGCCAATTCTATTGGCTGAAGGCAAACCGTACCTCAGACCCCTCGCATCCTCCAGCGTTCGACCGTCAGGCTCGTTCGGCACAGCTGGAGAACGCATTAGCGTATGCATCCCAACACGGACCAGTCGTGTTTGACACAGTACGCCAAATCGCTATTAAGACTGCGCAGGGACATGGTTTGGTTTTGGTCAATACGAACTATGATCAAGCATTAGCCACATACAGAGCTTCGAGACCGGCGCTACGTCTTC,GAAGTGCCATTCCGCCTGACCTGAAGACTACAAGTGGGATTCTACGCAGAATCCTGCCGTAACGGCCGCCTCGTTGGCAATTTTAGAACGCTTCGCTGAGCCGCACCCCATCGTGTCGTGTGCTATTGAAGCGCTGTCGTCGCCTGCCGAAGGATATGTCAACGACATCAAGTTTGTGACTCGTGGGGGCCTGCCTTCCGGGATGCCCTTTACGAGTGTGGTCAATTCCATCAACCATATGATTTACGTGGCAGCAGCCATTTTGCAAGCGTATGAGTCCCACAACGTGCCGTATACACATAACGTGGGACAAGTGGAGACGGTACATACTTACGGAGATGACTGCATGTACAGTGTTTGTCCAGCGACTGCATCGATCTTCCATGCAGTCCTTGCAAACCTTACATCATATGGTTTAAAGCCGACTGCCGCTGATAAGTCGGATGCAATTAAGCCAACAAATACTCCGGTTTTCTTGAAGCGCACATTTACTCAAACGCCGCATGGCGTCCGCGCCGATGACGACATTACATCTATCACTCGCCAATTCTATTGGCTGAAGGCAAACCGTACCTCAGACCCCTCGCATCCTCCAGCGTTCGACCGTCAGGCTCGTTCGGCACAGCTGGAGAACGCATTAGCGTATGCATCCCAACACGGACCAGTCGTGTTTGACACAGTACGCCAAATCGCTATTAAGACTGCGCAGGGACATGGTTTGGTTTTGGTCAATACGAACTATGATCAAGCATTAGCCACATACAGAGCTTCGAGACCGGCGCTACGTCTTCAGGCTAGGTGGAGGCTCAGTG,F1,Pass,Pass,1000,Gene Fragments,pSHPs0325B569010MU
BBF10K_000664_2,1348,1391,GAAGACTACGAAGGGCAGCGTCTTGATAGCGCTGAGGCGCTTAAGTGGTTTTTGGTGAACGGGGCTAATAACTGGGGTTGGGATAAGAAAACTTTTGACGTGCGCACCGCTAACGTGCTGGATAGTGAATTTCAAGACATGTGCCGCGACATTGCAGCGGATCCGCTGACCTTCACTCAATGGGTAAATGCCGACTCCCCTTACGGCTTCCTTGCATGGTGCTTTGAATATGCGCGTTATCTGGATGCACTGGATGAAGGCACGCAAGACCAATTCATGACGCACCTCCCAGTCCATCAAGATGGTAGTTGTTCTGGTATCCAGCACTACAGTGCTATGCTACGCGATGCAGTAGGTGCGAAAGCAGTAAACCTTAAGCCCTCTGACTCTCCTCAAGATATTTATGGTGCCGTTGCGCAGGTAGTAATTCAGAAGAATTATGCATACATGAATGCAGAGGATGCGGAAACCTTCACTTCTGGCAGCGTGACTTTAACAGGTGCGGAGCTGCGTAGTATGGCTAGTGCGTGGGATATGATAGGAATCACTCGCGGCCTGACCAAAAAGCCCGTAATGACACTACCTTATGGCAGCACACGTCTAACCTGCCGTGAGTCAGTGATTGATTATATCGTTGATTTAGAAGAAAAAGAGGCCCAACGGGCTATTGCGGAAGGGCGTACCGCCAATCCTGTACACCCTTTTGATAATGACCGTAAAGACAGCCTGACACCTAGCGCAGCTTATAACTATATGACAGCTTTAATCTGGCCTTCTATTTCGGAAGTGGTTAAAGCCCCTATAGTGGCAATGAAAATGATTCGTCAGCTTGCCCGTTTCGCAGCTAAAAGGAATGAAGGCTTAGAGTATACCCTGCCTACTGGCTTCATCTTGCAACAAAAGATTATGGCTACTGATATGCTCCGCGTATCTACTTGCTTGATGGGAGAAATCAAGATGAGTCTACAGATTGAAACAGACGTAGTGGATGAAACGGCAATGATGGGCGCTGCTGCTCCTAACTTTGTGCATGGTCATGATGCCAGCCACCTTATCTTAACAGTCTGCGACCTTGTTGATAAAGGGATTACATCTATCGCAGTTATTCATGACTCTTTTGGCACTCATGCAGGCCGTACAGCCGACCTTCGTGATAGCTTAAGGGCAGAAATGGTGAAGATGTATCAAGGCCGTAATGCACTGCAAAGCCTGCTAGATGAGCACGAAGAACGCTGGTTAGTTGATACCGGAATACAAGTACCAGAGCAAGGGGAGTTTGACCTTAACGAAATCTTAGTTTCAGACTATTGCTTCGCATAAAGAGCTTCGAGACCGGCGCTACGTCTTC,GAAGTGCCATTCCGCCTGACCTGAAGACTACGAAGGGCAGCGTCTTGATAGCGCTGAGGCGCTTAAGTGGTTTTTGGTGAACGGGGCTAATAACTGGGGTTGGGATAAGAAAACTTTTGACGTGCGCACCGCTAACGTGCTGGATAGTGAATTTCAAGACATGTGCCGCGACATTGCAGCGGATCCGCTGACCTTCACTCAATGGGTAAATGCCGACTCCCCTTACGGCTTCCTTGCATGGTGCTTTGAATATGCGCGTTATCTGGATGCACTGGATGAAGGCACGCAAGACCAATTCATGACGCACCTCCCAGTCCATCAAGATGGTAGTTGTTCTGGTATCCAGCACTACAGTGCTATGCTACGCGATGCAGTAGGTGCGAAAGCAGTAAACCTTAAGCCCTCTGACTCTCCTCAAGATATTTATGGTGCCGTTGCGCAGGTAGTAATTCAGAAGAATTATGCATACATGAATGCAGAGGATGCGGAAACCTTCACTTCTGGCAGCGTGACTTTAACAGGTGCGGAGCTGCGTAGTATGGCTAGTGCGTGGGATATGATAGGAATCACTCGCGGCCTGACCAAAAAGCCCGTAATGACACTACCTTATGGCAGCACACGTCTAACCTGCCGTGAGTCAGTGATTGATTATATCGTTGATTTAGAAGAAAAAGAGGCCCAACGGGCTATTGCGGAAGGGCGTACCGCCAATCCTGTACACCCTTTTGATAATGACCGTAAAGACAGCCTGACACCTAGCGCAGCTTATAACTATATGACAGCTTTAATCTGGCCTTCTATTTCGGAAGTGGTTAAAGCCCCTATAGTGGCAATGAAAATGATTCGTCAGCTTGCCCGTTTCGCAGCTAAAAGGAATGAAGGCTTAGAGTATACCCTGCCTACTGGCTTCATCTTGCAACAAAAGATTATGGCTACTGATATGCTCCGCGTATCTACTTGCTTGATGGGAGAAATCAAGATGAGTCTACAGATTGAAACAGACGTAGTGGATGAAACGGCAATGATGGGCGCTGCTGCTCCTAACTTTGTGCATGGTCATGATGCCAGCCACCTTATCTTAACAGTCTGCGACCTTGTTGATAAAGGGATTACATCTATCGCAGTTATTCATGACTCTTTTGGCACTCATGCAGGCCGTACAGCCGACCTTCGTGATAGCTTAAGGGCAGAAATGGTGAAGATGTATCAAGGCCGTAATGCACTGCAAAGCCTGCTAGATGAGCACGAAGAACGCTGGTTAGTTGATACCGGAATACAAGTACCAGAGCAAGGGGAGTTTGACCTTAACGAAATCTTAGTTTCAGACTATTGCTTCGCATAAAGAGCTTCGAGACCGGCGCTACGTCTTCAGGCTAGGTGGAGGCTCAGTG,F2,Pass,Pass,1000,Gene Fragments,pSHPs0325B569010MU
BBF10K_000659_1,1368,1411,GAAGACTAGGAGGGTCTCAAATGGATGCAAAAAGACGCACAAATGCAGATTGCCTGGAAGATATTAAAGAAGTTATTGCAGGCGGAGTTTCATCATCAATGAGAGCAGCAGCAGTTCCGGTTCCGCTGGTTGTTAGACGCGCAGAAGGCTGCCTGATTAGAGATGTTGAAGATGGCGAATTTGTCGACTTTAATATGGGCTATGGACCGAACCTGTTTGGCTATGCAGATCCGGATGTTGCAGCAGCACTGGCAGATCAATTTACAAGAGGCCATATGACAGGCCTGCCGCATGAACTGGATGCAGAAGCAGGCGCACTGGTTGCAGAACTGGTTCCTGGCGTTGAACAAGTTAGATTTGCGAATTCAGGCACAGAAGCAGTTACATCAGCACTGAGACTGGCAAGAGCATCAACAGGCAGATCACTTGTTGTTACATTTGAAGGCCATTATCATGGCTGGTCAGAAACAGTTCTGAGAGCAGGCAAAAATACACTGCAAATTCAAGGCACAAGACCGACAGATGTTGTCCCTGGCGCACCGGGAATGATTCCGGAAGCACTTGCACATACAGCACAACTGCCGTGGAATGATGCAGCAGCGGTTGAAGAACTTTTTGCAAGAGATGGCGATAGAATTGCAGCAGTTATTCTGGAACCGGTCCTGGTTAATGCAGGCGTTATTCCGCCTCTTCCGGGATTTCTGCAACTGCTGAGAGATCTGACAGCAAGATCAGGCGCAATGCTGGTTTTTGATGAAGTCATTACAGGCTTTAGAGTTGCGAGAGGCGGAGCACAAGAACTGTATGGCGTCGAACCGGATTTAACAGTTCTTTCAAAAGTTATGGGAGGCGGTTTTCCGGTTGCAGCATTTGGCGGAAGAAAAGCAGCAATGAGAATGCTGGCAACAAATGAAGCACATCATGCTGGCGTTTATGCAGGCAATCATGCTGCACTTAGAGCAGTTGTTACAGTCCTGACAAAAATTAGAGCACTTCCGGGACTGTATGAAGAACTGGAAGCAGTTGGCGCAGGCGCAGAAGAAGCAGTCAGAGAAGTTTTTGCGGTTGAAAAAAGACCGGTCCATATTTCAAGAGTTGGCTCACTGATGTCAGTTGCACTGCTTAGAAAACCGCTGGAAAAAGGCGATTCACTTAGAGATCTGGCAGGCGCTGCAGATTTTTCAAGACATAGAAGATTTCAAGCACTGGCGCAAAGAGAAGGCGTTTATTTTCATCCGAATGCACTGGAACCGTGGTTTCTGTCAACAGCGCATACAGGCGACGTTCTGGATAAAGCAGTCGGAGCACTGCGCAGAGCACTTACAGATCTTGGCGGATAAAGAGCTTCGAGACCGGCGCTACGTCTTC,GAAGTGCCATTCCGCCTGACCTGAAGACTAGGAGGGTCTCAAATGGATGCAAAAAGACGCACAAATGCAGATTGCCTGGAAGATATTAAAGAAGTTATTGCAGGCGGAGTTTCATCATCAATGAGAGCAGCAGCAGTTCCGGTTCCGCTGGTTGTTAGACGCGCAGAAGGCTGCCTGATTAGAGATGTTGAAGATGGCGAATTTGTCGACTTTAATATGGGCTATGGACCGAACCTGTTTGGCTATGCAGATCCGGATGTTGCAGCAGCACTGGCAGATCAATTTACAAGAGGCCATATGACAGGCCTGCCGCATGAACTGGATGCAGAAGCAGGCGCACTGGTTGCAGAACTGGTTCCTGGCGTTGAACAAGTTAGATTTGCGAATTCAGGCACAGAAGCAGTTACATCAGCACTGAGACTGGCAAGAGCATCAACAGGCAGATCACTTGTTGTTACATTTGAAGGCCATTATCATGGCTGGTCAGAAACAGTTCTGAGAGCAGGCAAAAATACACTGCAAATTCAAGGCACAAGACCGACAGATGTTGTCCCTGGCGCACCGGGAATGATTCCGGAAGCACTTGCACATACAGCACAACTGCCGTGGAATGATGCAGCAGCGGTTGAAGAACTTTTTGCAAGAGATGGCGATAGAATTGCAGCAGTTATTCTGGAACCGGTCCTGGTTAATGCAGGCGTTATTCCGCCTCTTCCGGGATTTCTGCAACTGCTGAGAGATCTGACAGCAAGATCAGGCGCAATGCTGGTTTTTGATGAAGTCATTACAGGCTTTAGAGTTGCGAGAGGCGGAGCACAAGAACTGTATGGCGTCGAACCGGATTTAACAGTTCTTTCAAAAGTTATGGGAGGCGGTTTTCCGGTTGCAGCATTTGGCGGAAGAAAAGCAGCAATGAGAATGCTGGCAACAAATGAAGCACATCATGCTGGCGTTTATGCAGGCAATCATGCTGCACTTAGAGCAGTTGTTACAGTCCTGACAAAAATTAGAGCACTTCCGGGACTGTATGAAGAACTGGAAGCAGTTGGCGCAGGCGCAGAAGAAGCAGTCAGAGAAGTTTTTGCGGTTGAAAAAAGACCGGTCCATATTTCAAGAGTTGGCTCACTGATGTCAGTTGCACTGCTTAGAAAACCGCTGGAAAAAGGCGATTCACTTAGAGATCTGGCAGGCGCTGCAGATTTTTCAAGACATAGAAGATTTCAAGCACTGGCGCAAAGAGAAGGCGTTTATTTTCATCCGAATGCACTGGAACCGTGGTTTCTGTCAACAGCGCATACAGGCGACGTTCTGGATAAAGCAGTCGGAGCACTGCGCAGAGCACTTACAGATCTTGGCGGATAAAGAGCTTCGAGACCGGCGCTACGTCTTCAGGCTAGGTGGAGGCTCAGTG,G1,Pass,Pass,1000,Gene Fragments,pSHPs0325B569010MU
BBF10K_000666_1,1353,1396,GAAGACTAGGAGGGTCTCAAATGGCGACACGGAGCAGCAGGAGGGAGTCGCGACTCCCGTTCCTATTCACCCTGGTCGCACTGCTGCCGCCCGGAGCTCTCTGCGAAGTCTGGACGCAGAGGCTGCACGGCGGCAGCGCGCCCTTGCCCCAGGACCGGGGCTTCCTCGTGGTGCAGGGCGACCCGCGCGAGCTGCGGCTGTGGGCGCGCGGGGATGCCAGGGGGGCGAGCCGCGCGGACGAGAAGCCGCTCCGGAGGAAACGGAGCGCTGCCCTGCAGCCCGAGCCCATCAAGGTGTACGGACAGGTTAGTCTGAATGATTCCCACAATCAGATGGTGGTGCACTGGGCTGGAGAGAAAAGCAACGTGATCGTGGCCTTGGCCCGAGATAGCCTGGCATTGGCGAGGCCCAAGAGCAGTGATGTGTACGTGTCTTACGACTATGGAAAATCATTCAAGAAAATTTCAGACAAGTTAAACTTTGGCTTGGGAAATAGGAGTGAAGCTGTTATCGCCCAGTTCTACCACAGCCCTGCGGACAACAAGCGGTACATCTTTGCAGACGCTTATGCCCAGTACCTCTGGATCACGTTTGACTTCTGCAACACTCTTCAAGGCTTTTCCATCCCATTTCGGGCAGCTGATCTCCTCCTACACAGTAAGGCCTCCAACCTTCTCTTGGGCTTTGACAGGTCCCACCCCAACAAGCAGCTGTGGAAGTCAGATGACTTTGGCCAGACCTGGATCATGATTCAGGAACATGTCAAGTCCTTTTCTTGGGGAATTGATCCCTATGACAAACCAAATACCATCTACATTGAACGACATGAACCCTCTGGCTACTCCACTGTCTTCCGAAGTACAGATTTCTTCCAGTCCCGGGAAAACCAGGAAGTGATCCTTGAGGAAGTGAGAGATTTTCAGCTTCGGGACAAGTACATGTTTGCTACAAAGGTGGTGCATCTCTTGGGCAGTGAACAGCAGTCTTCTGTCCAGCTCTGGGTCTCCTTTGGCCGGAAGCCCATGAGAGCAGCCCAGTTTGTCACAAGACATCCTATTAATGAATATTACATCGCAGATGCCTCCGAGGACCAGGTGTTTGTGTGTGTCAGCCACAGTAACAACCGCACCAATTTATACATCTCAGAGGCAGAGGGGCTGAAGTTCTCCCTGTCCTTGGAGAACGTGCTCTATTACAGCCCAGGAGGGGCCGGCAGTGACACCTTGGTGAGGTATTTTGCAAATGAACCATTTGCTGACTTCCACCGAGTGGAAGGATTGCAAGGAGTCTACATTGCTACTCTGATTAATGGTTCTATGAATGAGGAGAACATGAGATCGGTCATACGTCTTC,GAAGTGCCATTCCGCCTGACCTGAAGACTAGGAGGGTCTCAAATGGCGACACGGAGCAGCAGGAGGGAGTCGCGACTCCCGTTCCTATTCACCCTGGTCGCACTGCTGCCGCCCGGAGCTCTCTGCGAAGTCTGGACGCAGAGGCTGCACGGCGGCAGCGCGCCCTTGCCCCAGGACCGGGGCTTCCTCGTGGTGCAGGGCGACCCGCGCGAGCTGCGGCTGTGGGCGCGCGGGGATGCCAGGGGGGCGAGCCGCGCGGACGAGAAGCCGCTCCGGAGGAAACGGAGCGCTGCCCTGCAGCCCGAGCCCATCAAGGTGTACGGACAGGTTAGTCTGAATGATTCCCACAATCAGATGGTGGTGCACTGGGCTGGAGAGAAAAGCAACGTGATCGTGGCCTTGGCCCGAGATAGCCTGGCATTGGCGAGGCCCAAGAGCAGTGATGTGTACGTGTCTTACGACTATGGAAAATCATTCAAGAAAATTTCAGACAAGTTAAACTTTGGCTTGGGAAATAGGAGTGAAGCTGTTATCGCCCAGTTCTACCACAGCCCTGCGGACAACAAGCGGTACATCTTTGCAGACGCTTATGCCCAGTACCTCTGGATCACGTTTGACTTCTGCAACACTCTTCAAGGCTTTTCCATCCCATTTCGGGCAGCTGATCTCCTCCTACACAGTAAGGCCTCCAACCTTCTCTTGGGCTTTGACAGGTCCCACCCCAACAAGCAGCTGTGGAAGTCAGATGACTTTGGCCAGACCTGGATCATGATTCAGGAACATGTCAAGTCCTTTTCTTGGGGAATTGATCCCTATGACAAACCAAATACCATCTACATTGAACGACATGAACCCTCTGGCTACTCCACTGTCTTCCGAAGTACAGATTTCTTCCAGTCCCGGGAAAACCAGGAAGTGATCCTTGAGGAAGTGAGAGATTTTCAGCTTCGGGACAAGTACATGTTTGCTACAAAGGTGGTGCATCTCTTGGGCAGTGAACAGCAGTCTTCTGTCCAGCTCTGGGTCTCCTTTGGCCGGAAGCCCATGAGAGCAGCCCAGTTTGTCACAAGACATCCTATTAATGAATATTACATCGCAGATGCCTCCGAGGACCAGGTGTTTGTGTGTGTCAGCCACAGTAACAACCGCACCAATTTATACATCTCAGAGGCAGAGGGGCTGAAGTTCTCCCTGTCCTTGGAGAACGTGCTCTATTACAGCCCAGGAGGGGCCGGCAGTGACACCTTGGTGAGGTATTTTGCAAATGAACCATTTGCTGACTTCCACCGAGTGGAAGGATTGCAAGGAGTCTACATTGCTACTCTGATTAATGGTTCTATGAATGAGGAGAACATGAGATCGGTCATACGTCTTCAGGCTAGGTGGAGGCTCAGTG,G2,Pass,Pass,988,Gene Fragments,pSHPs0325B569010MU
BBF10K_000660_1,1365,1408,GAAGACTAGGAGGGTCTCAAATGGATGCGGAAAGACGCACAAATACGGATTATCTGAAAAGCATCAAAGAAGTTGTTGCAGGCGGAGTTTCATCATCAATGAGAGCAACAGCAGTTCCGGTTCCGCTGGTTGTTAGACGCGCACATGGCTGCTCAATTAGAGATGTTGAAGATTCAGAACTGGTCGACTTTAATATGGGCTATGGACCGCATCTTTTTGGCTATGCAGATCCGGATGTTGCAGAAGCAGTTGCAGATCAATTTACACAAGGCCATATGACAGGCCTGCCGCATGCACTTGATGCGGAAGCAGGCGGACTGGTTGCAGAACTTGTTCCTGGCGTTGAACAAATTAGATTTGCGAATTCAGGCACAGAAGCGGTTGCGTCAGTTCTGAGACTGGCAAGAACAGTTACAGGCAGATCACTTGTTGTTACATTTGAAGGCCATTATCATGGCTGGTCAGAAACAGTTCTTAGAGCAGGCAAAACAACACTGCAAATTGCAGGCACAAGACCGACAGATGTTGTCCCTGGCGCACCGGGAATGATTCCGGAAGCACTGGCACATACAGCACAACTGCCGTGGAATGATACAGATGCAGTTAGAGAATTTTTTGCAAGAAATGGCGATAGAACAGCAGCAGTTATTCTGGAACCGGTCCTGGCAAATGCAGGCGTTATTCCTCCGGCACCGGGATTTCTGGAACTGCTTAGAGATCTGACATCAGCATGCGGAGCACTGCTGGTTTTTGATGAAGTTATTACAGGCTTTAGAGTTGCAAGAGGCGGAGCACAAGAAAGATATGGCGTCGAACCGGATCTGACAGTTCTGTCAAAAGTTATGGGAGGCGGATTTCCGGTTGCAGCATTTGGCGGAAGAAAAGAAGCAATGAGACTGCTGGCAACAAATGAAGCACATCATGCTGGCGTTTATGCAGGCAATCATGCAGCACTGAGAGCAGTTGTCGCAATGCTGACAAAAATTAGAGCAAGACCGGGACTGTATGATGAACTGGAAGCAATTGGCGCAGATGCAGAAGCGGCACTTAGAGAAGTCTTTGCAGCAGAAAAAAGACCGGTTCATATTTCAAGAGTTGGCACACTGATGTGCGTTGCACTGCTGAGAAAACCGCCTGAAAGACATGGAACACTGAGAGATCTGGCAGATGCGGTTGATTTTTCAAGACATAGAAGATTTCAAACACTGGCGCAAAGAGAAGGCGTTTATTTTCATCCGAATGCACTGGAACCGTGGTTTCTGTCAACAGCGCATACAGGCGAAGTTCTGGATAAAGCAGCAGGCGCACTGCATAGAGCACTTACAGAACTGGGCTAAAGAGCTTCGAGACCGGCGCTACGTCTTC,GAAGTGCCATTCCGCCTGACCTGAAGACTAGGAGGGTCTCAAATGGATGCGGAAAGACGCACAAATACGGATTATCTGAAAAGCATCAAAGAAGTTGTTGCAGGCGGAGTTTCATCATCAATGAGAGCAACAGCAGTTCCGGTTCCGCTGGTTGTTAGACGCGCACATGGCTGCTCAATTAGAGATGTTGAAGATTCAGAACTGGTCGACTTTAATATGGGCTATGGACCGCATCTTTTTGGCTATGCAGATCCGGATGTTGCAGAAGCAGTTGCAGATCAATTTACACAAGGCCATATGACAGGCCTGCCGCATGCACTTGATGCGGAAGCAGGCGGACTGGTTGCAGAACTTGTTCCTGGCGTTGAACAAATTAGATTTGCGAATTCAGGCACAGAAGCGGTTGCGTCAGTTCTGAGACTGGCAAGAACAGTTACAGGCAGATCACTTGTTGTTACATTTGAAGGCCATTATCATGGCTGGTCAGAAACAGTTCTTAGAGCAGGCAAAACAACACTGCAAATTGCAGGCACAAGACCGACAGATGTTGTCCCTGGCGCACCGGGAATGATTCCGGAAGCACTGGCACATACAGCACAACTGCCGTGGAATGATACAGATGCAGTTAGAGAATTTTTTGCAAGAAATGGCGATAGAACAGCAGCAGTTATTCTGGAACCGGTCCTGGCAAATGCAGGCGTTATTCCTCCGGCACCGGGATTTCTGGAACTGCTTAGAGATCTGACATCAGCATGCGGAGCACTGCTGGTTTTTGATGAAGTTATTACAGGCTTTAGAGTTGCAAGAGGCGGAGCACAAGAAAGATATGGCGTCGAACCGGATCTGACAGTTCTGTCAAAAGTTATGGGAGGCGGATTTCCGGTTGCAGCATTTGGCGGAAGAAAAGAAGCAATGAGACTGCTGGCAACAAATGAAGCACATCATGCTGGCGTTTATGCAGGCAATCATGCAGCACTGAGAGCAGTTGTCGCAATGCTGACAAAAATTAGAGCAAGACCGGGACTGTATGATGAACTGGAAGCAATTGGCGCAGATGCAGAAGCGGCACTTAGAGAAGTCTTTGCAGCAGAAAAAAGACCGGTTCATATTTCAAGAGTTGGCACACTGATGTGCGTTGCACTGCTGAGAAAACCGCCTGAAAGACATGGAACACTGAGAGATCTGGCAGATGCGGTTGATTTTTCAAGACATAGAAGATTTCAAACACTGGCGCAAAGAGAAGGCGTTTATTTTCATCCGAATGCACTGGAACCGTGGTTTCTGTCAACAGCGCATACAGGCGAAGTTCTGGATAAAGCAGCAGGCGCACTGCATAGAGCACTTACAGAACTGGGCTAAAGAGCTTCGAGACCGGCGCTACGTCTTCAGGCTAGGTGGAGGCTCAGTG,H1,Pass,Pass,1000,Gene Fragments,pSHPs0325B569010MU
BBF10K_000666_2,1355,1398,GAAGACTATCATCACCTTTGACAAAGGGGGAACCTGGGAGTTTCTTCAGGCTCCAGCCTTCACGGGATATGGAGAGAAAATCAATTGTGAGCTTTCCCAGGGCTGTTCCCTTCATCTGGCTCAGCGCCTCAGTCAGCTCCTCAACCTCCAGCTCCGGAGAATGCCCATCCTGTCCAAGGAGTCGGCTCCAGGCCTCATCATCGCCACTGGCTCAGTGGGAAAGAACTTGGCTAGCAAGACAAACGTGTACATCTCTAGCAGTGCTGGAGCCAGGTGGCGAGAGGCACTTCCTGGACCTCACTACTACACATGGGGAGACCACGGCGGAATCATCACGGCCATTGCCCAGGGCATGGAAACCAACGAGCTAAAATACAGTACCAATGAAGGGGAGACCTGGAAAACATTCATCTTCTCTGAGAAGCCAGTGTTTGTGTATGGCCTCCTCACAGAACCTGGGGAGAAGAGCACTGTCTTCACCATCTTTGGCTCGAACAAAGAGAATGTCCACAGCTGGCTGATCCTCCAGGTCAATGCCACGGATGCCTTGGGAGTTCCCTGCACAGAGAATGACTACAAGCTGTGGTCACCATCTGATGAGCGGGGGAATGAGTGTTTGCTGGGACACAAGACTGTTTTCAAACGGCGGACCCCCCATGCCACATGCTTCAATGGAGAGGACTTTGACAGGCCGGTGGTCGTGTCCAACTGCTCCTGCACCCGGGAGGACTATGAGTGTGACTTCGGTTTCAAGATGAGTGAAGATTTGTCATTAGAGGTTTGTGTTCCAGATCCGGAATTTTCTGGAAAGTCATACTCCCCTCCTGTGCCTTGCCCTGTGGGTTCTACTTACAGGAGAACGAGAGGCTACCGGAAGATTTCTGGGGACACTTGTAGCGGAGGAGATGTTGAAGCGCGACTGGAAGGAGAGCTGGTCCCCTGTCCCCTGGCAGAAGAGAACGAGTTCATTCTGTATGCTGTGAGGAAATCCATCTACCGCTATGACCTGGCCTCGGGAGCCACCGAGCAGTTGCCTCTCACCGGGCTACGGGCAGCAGTGGCCCTGGACTTTGACTATGAGCACAACTGTTTGTATTGGTCCGACCTGGCCTTGGACGTCATCCAGCGCCTCTGTTTGAATGGAAGCACAGGGCAAGAGGTGATCATCAATTCTGGCCTGGAGACAGTAGAAGCTTTGGCTTTTGAACCCCTCAGCCAGCTGCTTTACTGGGTAGATGCAGGCTTCAAAAAGATTGAGGTAGCTAATCCAGATGGCGACTTCCGACTCACAATCGTCAATTCCTCTGTGCTTGATCGTCCCAGGGCTCTGGTCCTCGTGCCCCAAGAACGTCTTC,GAAGTGCCATTCCGCCTGACCTGAAGACTATCATCACCTTTGACAAAGGGGGAACCTGGGAGTTTCTTCAGGCTCCAGCCTTCACGGGATATGGAGAGAAAATCAATTGTGAGCTTTCCCAGGGCTGTTCCCTTCATCTGGCTCAGCGCCTCAGTCAGCTCCTCAACCTCCAGCTCCGGAGAATGCCCATCCTGTCCAAGGAGTCGGCTCCAGGCCTCATCATCGCCACTGGCTCAGTGGGAAAGAACTTGGCTAGCAAGACAAACGTGTACATCTCTAGCAGTGCTGGAGCCAGGTGGCGAGAGGCACTTCCTGGACCTCACTACTACACATGGGGAGACCACGGCGGAATCATCACGGCCATTGCCCAGGGCATGGAAACCAACGAGCTAAAATACAGTACCAATGAAGGGGAGACCTGGAAAACATTCATCTTCTCTGAGAAGCCAGTGTTTGTGTATGGCCTCCTCACAGAACCTGGGGAGAAGAGCACTGTCTTCACCATCTTTGGCTCGAACAAAGAGAATGTCCACAGCTGGCTGATCCTCCAGGTCAATGCCACGGATGCCTTGGGAGTTCCCTGCACAGAGAATGACTACAAGCTGTGGTCACCATCTGATGAGCGGGGGAATGAGTGTTTGCTGGGACACAAGACTGTTTTCAAACGGCGGACCCCCCATGCCACATGCTTCAATGGAGAGGACTTTGACAGGCCGGTGGTCGTGTCCAACTGCTCCTGCACCCGGGAGGACTATGAGTGTGACTTCGGTTTCAAGATGAGTGAAGATTTGTCATTAGAGGTTTGTGTTCCAGATCCGGAATTTTCTGGAAAGTCATACTCCCCTCCTGTGCCTTGCCCTGTGGGTTCTACTTACAGGAGAACGAGAGGCTACCGGAAGATTTCTGGGGACACTTGTAGCGGAGGAGATGTTGAAGCGCGACTGGAAGGAGAGCTGGTCCCCTGTCCCCTGGCAGAAGAGAACGAGTTCATTCTGTATGCTGTGAGGAAATCCATCTACCGCTATGACCTGGCCTCGGGAGCCACCGAGCAGTTGCCTCTCACCGGGCTACGGGCAGCAGTGGCCCTGGACTTTGACTATGAGCACAACTGTTTGTATTGGTCCGACCTGGCCTTGGACGTCATCCAGCGCCTCTGTTTGAATGGAAGCACAGGGCAAGAGGTGATCATCAATTCTGGCCTGGAGACAGTAGAAGCTTTGGCTTTTGAACCCCTCAGCCAGCTGCTTTACTGGGTAGATGCAGGCTTCAAAAAGATTGAGGTAGCTAATCCAGATGGCGACTTCCGACTCACAATCGTCAATTCCTCTGTGCTTGATCGTCCCAGGGCTCTGGTCCTCGTGCCCCAAGAACGTCTTCAGGCTAGGTGGAGGCTCAGTG,H2,Pass,Pass,1000,Gene Fragments,pSHPs0325B569010MU
