Plate,Well,customer_line_item_id,line_item_number,order_item_id,Insert Sequence,Insert Length,Frag Analysis Status,synthesized sequence,synthesized sequence length,Yield (ng),Product Type
pSHPs0220B292296MU,A1,Bovine Kappa Casein_1,1,OI_5a79fec65d51e30030d8504b,GAAGACATAATGATGAAAAGCTTCTTTTTGGTCGTAACGATTTTGGCATTGACATTACCTTTCTTGGGTGCCCAGGAACAAAATCAAGAACAGCCCATCAGGTGCGAGAAAGACGAACGCTTTTTTAGTGACAAAATAGCCAAATACATTCCGATCCAGTACGTCCTATCCAGATACCCGTCCTACGGCTTGAATTACTACCAACAAAAACCAGTAGCTTTAATCAACAATCAATTCTTACCTTATCCTTATTATGCCAAGCCGGCTGCCGTCAGAAGCCCTGCACAGATACTACAATGGCAAGTTCTTAGTAACACAGTGCCTGCTAAATCTTGTCAGGCACAGCCGACAACAATGGCGCGTCATCCTCACCCCCATCTTAGTTTCATGGCAATCCCACCTAAGAAAAACCAGGATAAGACGGAAATCCCCACAATTAATACAATCGCATCTGGTGAGCCCACCAGCACGCCAACGACGGAGGCTGTAGAGTCAACAGTTGCAACGTTAGAGGACTCTCCAGAGGTCATTGAGTCACCCCCCGAAATTAATACTGTTCAAGTAACCAGTACAGCCGTATGAATCGTCTTC,591,Pass,GAAGTGCCATTCCGCCTGACCTGAAGACATAATGATGAAAAGCTTCTTTTTGGTCGTAACGATTTTGGCATTGACATTACCTTTCTTGGGTGCCCAGGAACAAAATCAAGAACAGCCCATCAGGTGCGAGAAAGACGAACGCTTTTTTAGTGACAAAATAGCCAAATACATTCCGATCCAGTACGTCCTATCCAGATACCCGTCCTACGGCTTGAATTACTACCAACAAAAACCAGTAGCTTTAATCAACAATCAATTCTTACCTTATCCTTATTATGCCAAGCCGGCTGCCGTCAGAAGCCCTGCACAGATACTACAATGGCAAGTTCTTAGTAACACAGTGCCTGCTAAATCTTGTCAGGCACAGCCGACAACAATGGCGCGTCATCCTCACCCCCATCTTAGTTTCATGGCAATCCCACCTAAGAAAAACCAGGATAAGACGGAAATCCCCACAATTAATACAATCGCATCTGGTGAGCCCACCAGCACGCCAACGACGGAGGCTGTAGAGTCAACAGTTGCAACGTTAGAGGACTCTCCAGAGGTCATTGAGTCACCCCCCGAAATTAATACTGTTCAAGTAACCAGTACAGCCGTATGAATCGTCTTCAGGCTAGGTGGAGGCTCAGTG,634,727,non-clonal
pSHPs0220B292296MU,B1,Bovine Casein Kinase FAM20C_1,2,OI_5a79fec65d51e30030d8504c,GAAGACATAATGAGGGCGGGCGCAAGGCCATCTGGCGAACCGGGGTGCTCTTGCGCTCAGCCAGCTGCCGAGGCAGCGGCTCCTGGGTGGGCACAAGCGAGAGGGCACCCGGGGGGCGAACTGGAAGCAGCCGCTAGTGCCGCCGGTGACGCCGGCTGGCCCAATAAACACACTTTGCGTATCTTACAGGACTTCAGTAGTGATCCGTCTAGTAATCTGACCAGTCACAGTTTGGAAAAGTTGCCTCCTGCTGCTGAGGCTGCTGAGGGGGCGCCCCCGGGGCAGGACCCTGGCGTTAGGCGTCCTCCCGACCCAGCCCACAGGCCGTTACCTCGTGACCCTGGCCCTCGTGGCCCTGTGCTACCCCCTGGTTTAAGCGGTGACGGCTCTCTATTGACGCGTCTGTTCCAGCATCCGCTTTATCAGGTCCCCATTCCACCGCTAACAGAAGGCGACGTTTTATTCAATGTGAACTCCGATATTCGTTTCAACCCGAAAGCGGCGACCGCCGAGAATCCCGACTGGCCGCATGAGGGGCCTGAGGACGAGTTTCTACCCACGGGCGAAGCCGCGGTTGACTCCTATCCTAATTGGCTTAAGTTTCACATCGGCATCAATAGATATGAGCTGTATTCTCGTCATAATCCCGCAGTCGGTGCACTATTGCAGGACCTGGGAACCCAAAAAATAACGTCAGTTGCAATGAAAAGCGGGGGAACACAACTAAAATTGATAATGACTTTCCAAAACTATGGGCAGGCACTATTTAAACCGATGAAACAGACTCGTGAACAAGAAACGCCGCCAGACTTCTTTTACTTCAGCGACTACGAAAGGCATAATGCGGAGATCGCAGCGTTCCACCTAGATCGTATCCTGGACTTCAGACGTGTGCCGCCCGTGGCTGGGAGGTTGGTAAACATGACAAAAGAAATCAGGGACGTTACGAGGGATAAGAAATTATGGAGGACTTTCTTCATAAGCCCGGCCAATAATGTCTGCTTTTATGGTGAATGCAGTTATTATTGTAGCACGGAACATGCTCTGTGTGGGAAGCCGGACCAAATCGAGGGCAGTCTAGCTGCTTTTCTTCCAGATTTAGCCCTAGCTAAGAGAAAGACATGGAGAAACCCTTGGAGGAGGTCATATCACAAGCGTAAAAAGGCCGAATGGGAGGTCGATCCTGATTACTGCGAGGAGGTGCGTCAGACCCCTCCCTACGACAGTTCTCATAGATTATTGGATGTGATGGACATGACCATTTTCGATTTTCTGATGGGTAATATGGATAGACACCACTACGAAACCTTCGAAAAATTTGGCAACGAAACATTTATCATTCATTTGGATAATGGACGTGGTTTCGGAAAGCACAGTCACGACGAGCTATCCATTCTAGTACCGCTACAACAATGTTGTCGTATCAGGAGGTCCACGTACCTTCGTTTACAGTTGCTTGCGCAGGAGGAACACCGTCTTAGTTTATTGATGGCCGAAGCGCTAAGGGCCGACCGTGTAGCGCCGGTCTTGTTTCAACCGCACCTTGAGGCATTGGATAGGAGGTTGCGTATAGTCCTACGTGCCGTAGGCGACTGCGTTGAGAAAGATGGACTTCACTCAGTGGTTGAGGACGATCTTGGGCCGGAGCACCGTGCGGCTGCGGGAAGGTGAATCGTCTTC,1680,Pass,GAAGTGCCATTCCGCCTGACCTGAAGACATAATGAGGGCGGGCGCAAGGCCATCTGGCGAACCGGGGTGCTCTTGCGCTCAGCCAGCTGCCGAGGCAGCGGCTCCTGGGTGGGCACAAGCGAGAGGGCACCCGGGGGGCGAACTGGAAGCAGCCGCTAGTGCCGCCGGTGACGCCGGCTGGCCCAATAAACACACTTTGCGTATCTTACAGGACTTCAGTAGTGATCCGTCTAGTAATCTGACCAGTCACAGTTTGGAAAAGTTGCCTCCTGCTGCTGAGGCTGCTGAGGGGGCGCCCCCGGGGCAGGACCCTGGCGTTAGGCGTCCTCCCGACCCAGCCCACAGGCCGTTACCTCGTGACCCTGGCCCTCGTGGCCCTGTGCTACCCCCTGGTTTAAGCGGTGACGGCTCTCTATTGACGCGTCTGTTCCAGCATCCGCTTTATCAGGTCCCCATTCCACCGCTAACAGAAGGCGACGTTTTATTCAATGTGAACTCCGATATTCGTTTCAACCCGAAAGCGGCGACCGCCGAGAATCCCGACTGGCCGCATGAGGGGCCTGAGGACGAGTTTCTACCCACGGGCGAAGCCGCGGTTGACTCCTATCCTAATTGGCTTAAGTTTCACATCGGCATCAATAGATATGAGCTGTATTCTCGTCATAATCCCGCAGTCGGTGCACTATTGCAGGACCTGGGAACCCAAAAAATAACGTCAGTTGCAATGAAAAGCGGGGGAACACAACTAAAATTGATAATGACTTTCCAAAACTATGGGCAGGCACTATTTAAACCGATGAAACAGACTCGTGAACAAGAAACGCCGCCAGACTTCTTTTACTTCAGCGACTACGAAAGGCATAATGCGGAGATCGCAGCGTTCCACCTAGATCGTATCCTGGACTTCAGACGTGTGCCGCCCGTGGCTGGGAGGTTGGTAAACATGACAAAAGAAATCAGGGACGTTACGAGGGATAAGAAATTATGGAGGACTTTCTTCATAAGCCCGGCCAATAATGTCTGCTTTTATGGTGAATGCAGTTATTATTGTAGCACGGAACATGCTCTGTGTGGGAAGCCGGACCAAATCGAGGGCAGTCTAGCTGCTTTTCTTCCAGATTTAGCCCTAGCTAAGAGAAAGACATGGAGAAACCCTTGGAGGAGGTCATATCACAAGCGTAAAAAGGCCGAATGGGAGGTCGATCCTGATTACTGCGAGGAGGTGCGTCAGACCCCTCCCTACGACAGTTCTCATAGATTATTGGATGTGATGGACATGACCATTTTCGATTTTCTGATGGGTAATATGGATAGACACCACTACGAAACCTTCGAAAAATTTGGCAACGAAACATTTATCATTCATTTGGATAATGGACGTGGTTTCGGAAAGCACAGTCACGACGAGCTATCCATTCTAGTACCGCTACAACAATGTTGTCGTATCAGGAGGTCCACGTACCTTCGTTTACAGTTGCTTGCGCAGGAGGAACACCGTCTTAGTTTATTGATGGCCGAAGCGCTAAGGGCCGACCGTGTAGCGCCGGTCTTGTTTCAACCGCACCTTGAGGCATTGGATAGGAGGTTGCGTATAGTCCTACGTGCCGTAGGCGACTGCGTTGAGAAAGATGGACTTCACTCAGTGGTTGAGGACGATCTTGGGCCGGAGCACCGTGCGGCTGCGGGAAGGTGAATCGTCTTCAGGCTAGGTGGAGGCTCAGTG,1723,766,non-clonal
pSHPs0220B292296MU,C1,ILOV_1,3,OI_5a79fec65d51e30030d8504d,GAAGACATAATGGGATCCCCGGAATTTATAGAGAAGAATTTCGTCATCACTGATCCTAGGCTTCCCGATAATCCCATTATCTTTGCATCAGACGGCTTTCTTGAATTGACAGAGTATTCGCGCGAGGAAATATTGGGGCGTAATGCCCGGTTTCTTCAGGGGCCAGAGACAGATCAAGCGACTGTCCAGAAGATACGCGACGCAATTCGCGATCAGCGTGAGACTACTGTGCAGTTGATAAACTACACTAAAAGCGGAAAGAAATTCTGGAACTTACTCCATCTGCAACCTGTGCGTGATCAGAAGGGAGAGCTTCAATACTTCATCGGTGTGCAGCTCGATGGAAGTGATCATGTATGAATCGTCTTC,369,Pass,GAAGTGCCATTCCGCCTGACCTGAAGACATAATGGGATCCCCGGAATTTATAGAGAAGAATTTCGTCATCACTGATCCTAGGCTTCCCGATAATCCCATTATCTTTGCATCAGACGGCTTTCTTGAATTGACAGAGTATTCGCGCGAGGAAATATTGGGGCGTAATGCCCGGTTTCTTCAGGGGCCAGAGACAGATCAAGCGACTGTCCAGAAGATACGCGACGCAATTCGCGATCAGCGTGAGACTACTGTGCAGTTGATAAACTACACTAAAAGCGGAAAGAAATTCTGGAACTTACTCCATCTGCAACCTGTGCGTGATCAGAAGGGAGAGCTTCAATACTTCATCGGTGTGCAGCTCGATGGAAGTGATCATGTATGAATCGTCTTCAGGCTAGGTGGAGGCTCAGTG,412,566,non-clonal
pSHPs0220B292296MU,D1,pOpen3_1,4,OI_5a79fec65d51e30030d8504e,CGTCTCACCATTTATTATTTCCTTCCTCTTTTCTACAGTATTTAAAGATACCCCAAGAAGCTAATTATAACAAGACGAACTCCAATTCACTGTTCCTTGCATTCTAAAACCTTAAATACAGAAAACAGCCTTTTCAAAGTTGTTTTCAAAGTTGGCGTATAACATAGTATCGACGGAGCCGATTTTGAAACCACAATTATGATAGAATTTGACGTCGATCTTGATTTTCCATGAAATACGCCTCCTAATATATTGTGTAACTCTATCATATTATATTATTTTTCTAAAATCAATAAATATAAACGGAAATGTCAGGTTAAACATATTTACTTTTATAATGATAAGTGGTAAAATTAATTTATTAAGGATTCCCTTAGATTATTTACTAAGGGCGCACTTATACGCAGTAACTTCGTTACTTCGTATTTATGCTATAAAACTTAACTGTTAGTTAGTTTTATCGTCAAGCGTGTTTGTTAAAATTCGCTACGCTCATGTTTGAAAAGAAAGAGAGGTGATACAATTGGCAATCTTCGCCGCCTTTTCCTCAATCTCTCTTCGTTCGTCTGGAAGGCAGTACACCTTGATAGGTGGGCTGCCCTTCCTGGTTGGCTTGGTTTCATCAGCCATCCGCTTGCCCTCATCTGTTACGCCGGCGGTAGCCGGCCAGCCTCGCAGAGCAGGATTCCCGTTGAGCACCGCCAGGTGCGAATAAGGGACAGTGAAGAAGGAACACCCGCTCGCGGGTGGGCCTACTTCACCTATCCTGCCCGGCTGACGCCGTTGGATACACCAAGGAAAGTCTACACGAACCCTTTGGCAAAATCCTGTATATCGTGCGAAAAAGGATGGATATACCGAAAAAATCGCTATAATGACCCCGAAGCAGGGTTATGCAGCGGAAAAGGCGGTAATATTGTTCTGGATATTACCAGCAAGGCCGATAGTTTGAGTTCTTCTACTCAGGCAAGTGATGTTATTACTAATCAAAGAAGTATTGCTACAACGGTTAATTTGCGTGATGGACAGACTCTTTTACTCGGTGGCCTCACTGATTAGCAATGGCACCTGCACCAATCCGTAAAACGACGGCCAGTAGTCAAAAGCCTCCGACCGGAGGCTTTTGACTTGGTCAGGTGGAGTGAATTCGCGGCCGCTTCTAGAGGGAGCTGTCTTCAACATCGCCGCGTGGATCCGGCTTACTAAAAGCCAGATAACAGTATGCGTATTTGCGCGCTGATTTTTGCGGTATAAGAATATATACTGATATGTATACCCGAAGTATGTCAAAAAGAGGTGAGACG,1304,Pass,GAAGTGCCATTCCGCCTGACCTCGTCTCACCATTTATTATTTCCTTCCTCTTTTCTACAGTATTTAAAGATACCCCAAGAAGCTAATTATAACAAGACGAACTCCAATTCACTGTTCCTTGCATTCTAAAACCTTAAATACAGAAAACAGCCTTTTCAAAGTTGTTTTCAAAGTTGGCGTATAACATAGTATCGACGGAGCCGATTTTGAAACCACAATTATGATAGAATTTGACGTCGATCTTGATTTTCCATGAAATACGCCTCCTAATATATTGTGTAACTCTATCATATTATATTATTTTTCTAAAATCAATAAATATAAACGGAAATGTCAGGTTAAACATATTTACTTTTATAATGATAAGTGGTAAAATTAATTTATTAAGGATTCCCTTAGATTATTTACTAAGGGCGCACTTATACGCAGTAACTTCGTTACTTCGTATTTATGCTATAAAACTTAACTGTTAGTTAGTTTTATCGTCAAGCGTGTTTGTTAAAATTCGCTACGCTCATGTTTGAAAAGAAAGAGAGGTGATACAATTGGCAATCTTCGCCGCCTTTTCCTCAATCTCTCTTCGTTCGTCTGGAAGGCAGTACACCTTGATAGGTGGGCTGCCCTTCCTGGTTGGCTTGGTTTCATCAGCCATCCGCTTGCCCTCATCTGTTACGCCGGCGGTAGCCGGCCAGCCTCGCAGAGCAGGATTCCCGTTGAGCACCGCCAGGTGCGAATAAGGGACAGTGAAGAAGGAACACCCGCTCGCGGGTGGGCCTACTTCACCTATCCTGCCCGGCTGACGCCGTTGGATACACCAAGGAAAGTCTACACGAACCCTTTGGCAAAATCCTGTATATCGTGCGAAAAAGGATGGATATACCGAAAAAATCGCTATAATGACCCCGAAGCAGGGTTATGCAGCGGAAAAGGCGGTAATATTGTTCTGGATATTACCAGCAAGGCCGATAGTTTGAGTTCTTCTACTCAGGCAAGTGATGTTATTACTAATCAAAGAAGTATTGCTACAACGGTTAATTTGCGTGATGGACAGACTCTTTTACTCGGTGGCCTCACTGATTAGCAATGGCACCTGCACCAATCCGTAAAACGACGGCCAGTAGTCAAAAGCCTCCGACCGGAGGCTTTTGACTTGGTCAGGTGGAGTGAATTCGCGGCCGCTTCTAGAGGGAGCTGTCTTCAACATCGCCGCGTGGATCCGGCTTACTAAAAGCCAGATAACAGTATGCGTATTTGCGCGCTGATTTTTGCGGTATAAGAATATATACTGATATGTATACCCGAAGTATGTCAAAAAGAGGTGAGACGAGGCTAGGTGGAGGCTCAGTG,1347,961,non-clonal
pSHPs0220B292296MU,E1,pOpen3_2,5,OI_5a79fec65d51e30030d8504f,CGTCTCAGAGGTATGCTATGAAGCAGCGTATTACAGTGACAGTTGACAGCGACAGCTATCAGTTGCTCAAGGCATATATGATGTCAATATCTCCGGTCTGGTAAGCACAACCATGCAGAATGAAGCCCGTCGTCTGCGTGCCGAACGCTGGAAAGCGGAAAATCAGGAAGGGATGGCTGAGGTCGCCCGGTTTATTGAAATGAACGGCTCTTTTGCTGACGAGAACAGGGGCTGGTGAAATGCAGTTTAAGGTTTACACCTATAAAAGAGAGAGCCGTTATCGTCTGTTTGTGGATGTACAGAGTGATATTATTGACACGCCCGGGCGACGGATGGTGATCCCCCTGGCCAGTGCACGTCTGCTGTCAGATAAAGTCTCCCGTGAACTTTACCCGGTGGTGCATATCGGGGATGAAAGCTGGCGCATGATGACCACCGATATGGCCAGTGTGCCGGTGTCCGTTATCGGGGAAGAAGTGGCTGATCTCAGCCACCGCGAAAATGACATCAAAAACGCCATTAACCTGATGTTCTGGGGAATATAAGCGATGTTGAAGACAACGCTTACTAGTTCCTGCAGGGCTCGAGGTGTCAATCGTCGGAGCCGCTGAGCAATAACTAGCATAACCCCTTGGGGCCTCTAAACGGGTCTTGAGGGGTTTTTTGCATGGTCATAGCTGTTTCCTGTCGGCTTGGCAGGTGGCCATTGCCTGGCGTACCGTTCCTGTCTAAAATCCCTTTAATCGGCCTCCTGTTTAGCTCCCGCTCTGATTCTAACGAGGAAAGCACGTTATACGTGCTCGTCAACGATGAATTTGATAATGTCAATGAAAAAGTAAAGAGTTTTGCTTAATCGCAAAGCTCTTTTTATTATTATCTTTTAAAAGCTTTTCTTAAAAGATTGTTTTCTTTGTCATTAAATTTTAATCCCTCCCCCATTAAGAAATTAATCAGTGTTATAACCCTAGTAAAAATTTTATTAGGGTCTTTTCTTGTGGATAAACCTCTAATTAAATTTTAATCCCCCCCTTGTTAAAATTTAATAGGGATTGAAATTAATATTTTTGTATCCTCTTTATCCCTCATTAAATTTTAATTAGTCTACGTGTTAATTATTAATTCCAGTCTAAATAAATTTAAATCAGTACTCATTAAATATTGATACCTCCCTGATTATATTTTTTTCACTATTTCTAAATAAAAAAAACTGCTGAAATACTTCAGCAGTTTATTGCACTTTTCTTAGTTCGATTTTTTCGAAAACATATCCAGCTTCTTCAAGGACTTGAGACG,1293,Pass,GAAGTGCCATTCCGCCTGACCTCGTCTCAGAGGTATGCTATGAAGCAGCGTATTACAGTGACAGTTGACAGCGACAGCTATCAGTTGCTCAAGGCATATATGATGTCAATATCTCCGGTCTGGTAAGCACAACCATGCAGAATGAAGCCCGTCGTCTGCGTGCCGAACGCTGGAAAGCGGAAAATCAGGAAGGGATGGCTGAGGTCGCCCGGTTTATTGAAATGAACGGCTCTTTTGCTGACGAGAACAGGGGCTGGTGAAATGCAGTTTAAGGTTTACACCTATAAAAGAGAGAGCCGTTATCGTCTGTTTGTGGATGTACAGAGTGATATTATTGACACGCCCGGGCGACGGATGGTGATCCCCCTGGCCAGTGCACGTCTGCTGTCAGATAAAGTCTCCCGTGAACTTTACCCGGTGGTGCATATCGGGGATGAAAGCTGGCGCATGATGACCACCGATATGGCCAGTGTGCCGGTGTCCGTTATCGGGGAAGAAGTGGCTGATCTCAGCCACCGCGAAAATGACATCAAAAACGCCATTAACCTGATGTTCTGGGGAATATAAGCGATGTTGAAGACAACGCTTACTAGTTCCTGCAGGGCTCGAGGTGTCAATCGTCGGAGCCGCTGAGCAATAACTAGCATAACCCCTTGGGGCCTCTAAACGGGTCTTGAGGGGTTTTTTGCATGGTCATAGCTGTTTCCTGTCGGCTTGGCAGGTGGCCATTGCCTGGCGTACCGTTCCTGTCTAAAATCCCTTTAATCGGCCTCCTGTTTAGCTCCCGCTCTGATTCTAACGAGGAAAGCACGTTATACGTGCTCGTCAACGATGAATTTGATAATGTCAATGAAAAAGTAAAGAGTTTTGCTTAATCGCAAAGCTCTTTTTATTATTATCTTTTAAAAGCTTTTCTTAAAAGATTGTTTTCTTTGTCATTAAATTTTAATCCCTCCCCCATTAAGAAATTAATCAGTGTTATAACCCTAGTAAAAATTTTATTAGGGTCTTTTCTTGTGGATAAACCTCTAATTAAATTTTAATCCCCCCCTTGTTAAAATTTAATAGGGATTGAAATTAATATTTTTGTATCCTCTTTATCCCTCATTAAATTTTAATTAGTCTACGTGTTAATTATTAATTCCAGTCTAAATAAATTTAAATCAGTACTCATTAAATATTGATACCTCCCTGATTATATTTTTTTCACTATTTCTAAATAAAAAAAACTGCTGAAATACTTCAGCAGTTTATTGCACTTTTCTTAGTTCGATTTTTTCGAAAACATATCCAGCTTCTTCAAGGACTTGAGACGAGGCTAGGTGGAGGCTCAGTG,1336,946,non-clonal
pSHPs0220B292296MU,F1,pOpen3_3,6,OI_5a79fec65d51e30030d85050,CGTCTCAGACTGTTTTAATTGTTTCTAAATATCTTTTCTTAATCCATTCAAATGCAAATTCACTCGGTACAAGTAATAAACAATTTTTATTTTCAATTTTGATCTTAGTGTTTTTAAACCAGGTATCAAAAGAAGGCTTAGAGACACGATTTTGCATTTCGCTTTTTAAAGTACTGTCGACTTTTTCCTCTTCAGTTGTCATTGATATACTCTCAAAAGATGTTGTAGGATTAGGTATTTGTTTTTTGATTTCTTTTCGAATTTCTCCTTTACTGAGTATATCTTCATACATTGTGTCATATTGTAAGGCCTCTGGAATATTAATTGTTTCTGACTCATCCATCATTTTTTTAACAAATTCATCGTGCTCTTTTTTCAAAACCTTTGGCAGACCCTCTTTTTCCTTTTTTAAAGCCTTCTTTACATGTGCTTCCTCGTCATCTGGAATTTCAATATTAGGGTTTCCATTTAAAAGTTCTTCTGAAAGCAAAGGAACCTTACGTCTAATCTTAAAAATCGGGGATTCCTCTGTGTTATCCTTGGTTTTATTACGGACGTTTACCTTCCAAATAAAACCGTACCTTTCAAGCAGTTTCAAGTAGCCTCTAACTGTAACAGGAGTCTTGTCCATTTTTTTAGCGATTGTTTGTAGACTAGGAAAGCAAAAGTCTTTGCTGCCGTATGCATAACGAGTTAGGTGAGCATAGAGCGCAATTCCTTCAGCACCTAAAAAATAGCCCCAAAAATCAAAGAAGTAATTATTTAAGATTGTATAATGACCTTCTATGTAAGGTATATGCGTACCAAATTTGTCTAAAGAAAAGTTTTTTATTTGTTCTTCTGTCCATATCTTCTCTTCCGTTTCAGCAACATAATAAACTTCTTCTTTCCCTTTTTTGATTCTCTTCCTGGCGATTTTATTTCCAGTGGTTTGCTGTCGATAATACACTAATTCATCTGTATTTCCTTTTAGGTTTACTTCACTCATAATGTCCCTCCGTGAGACG,1007,Pass,GAAGTGCCATTCCGCCTGACCTCGTCTCAGACTGTTTTAATTGTTTCTAAATATCTTTTCTTAATCCATTCAAATGCAAATTCACTCGGTACAAGTAATAAACAATTTTTATTTTCAATTTTGATCTTAGTGTTTTTAAACCAGGTATCAAAAGAAGGCTTAGAGACACGATTTTGCATTTCGCTTTTTAAAGTACTGTCGACTTTTTCCTCTTCAGTTGTCATTGATATACTCTCAAAAGATGTTGTAGGATTAGGTATTTGTTTTTTGATTTCTTTTCGAATTTCTCCTTTACTGAGTATATCTTCATACATTGTGTCATATTGTAAGGCCTCTGGAATATTAATTGTTTCTGACTCATCCATCATTTTTTTAACAAATTCATCGTGCTCTTTTTTCAAAACCTTTGGCAGACCCTCTTTTTCCTTTTTTAAAGCCTTCTTTACATGTGCTTCCTCGTCATCTGGAATTTCAATATTAGGGTTTCCATTTAAAAGTTCTTCTGAAAGCAAAGGAACCTTACGTCTAATCTTAAAAATCGGGGATTCCTCTGTGTTATCCTTGGTTTTATTACGGACGTTTACCTTCCAAATAAAACCGTACCTTTCAAGCAGTTTCAAGTAGCCTCTAACTGTAACAGGAGTCTTGTCCATTTTTTTAGCGATTGTTTGTAGACTAGGAAAGCAAAAGTCTTTGCTGCCGTATGCATAACGAGTTAGGTGAGCATAGAGCGCAATTCCTTCAGCACCTAAAAAATAGCCCCAAAAATCAAAGAAGTAATTATTTAAGATTGTATAATGACCTTCTATGTAAGGTATATGCGTACCAAATTTGTCTAAAGAAAAGTTTTTTATTTGTTCTTCTGTCCATATCTTCTCTTCCGTTTCAGCAACATAATAAACTTCTTCTTTCCCTTTTTTGATTCTCTTCCTGGCGATTTTATTTCCAGTGGTTTGCTGTCGATAATACACTAATTCATCTGTATTTCCTTTTAGGTTTACTTCACTCATAATGTCCCTCCGTGAGACGAGGCTAGGTGGAGGCTCAGTG,1050,802,non-clonal
pSHPs0220B292296MU,G1,pOpen3_4,7,OI_5a79fec65d51e30030d85051,CGTCTCATCCGCGATCACCTAAAGGAACAGTGTAAAAGAGGATTTTCACTTGTATGGGGTTTAATAAAATGTTAAAATGGAGATAGTTAAATACAAGTATAAATCCGCCTTTTCCCCTTCTCAAATTTAACTTCTCAGTTTGGCCGCTGTTAGTTAAATTGAGATTCCGTTAGGTGGATTTTTTTTGTTTGTTTTTTCATCAAAAACAAACAGAGTTCTTCATATTCTGAAATAATCTTATCATATTTTTACTGGATTTAAAATATTTTTATTCCCATGTCTTTCTTAATTCTCTAATATATATTCAATGCTCCTAATATTTTTTTTAAAAAAACAGACTCGTTTGGAGTCTGTCTCAGCCTTTGTTGGTTCTTTTTTTTAATTCATATTCATAAAAAGTTTTTTGGCTCTCAGGTAATGTCTCAACCATCTTATCAATAGCTCTCTCAATAGTATCCTCTAAGTAATATGAATTATTCTCACCAATAAAAAACGCCCGGCGGCAACCGAGCGTTCTGAACAAATCCAGATGGAGTTCTGAGGTCATTACTGGATCTATCAACGGGAGTCCAAGCGAGCTCGGTACTAAAACAATTCATCCAGTAAAATATAATATTTTATTTTCTCCCAATCAGGCTTGATCCCCAGTAAGTCAAAAAATAGCTCGACATACTGTTCTTCCCCGATATCCTCCCTGATCGACCGGACGCAGAAGGCAATGTCATACCACTTGTCCGCCCTGCCGCTTCTCCCAAGATCAATAAAGCCACTTACTTTGCCATCTTTCACAAAGATGTTGCTGTCTCCCAGGTCGCCGTGGGAAAAGACAAGTTCCTCTTCGGGCTTTTCCGTCTTTAAAAAATCATACAGCTCGCGCGGATCTTTAAATGGAGTGTCCTCTTCCCAGTTTTCGCAATCCACATCGGCCAGATCGTTATTCAGTAAGTAATCCAATTCGGCTAAGCGGCCGTCTAAGCTATTCGTATAGGGACAATCCGATATGTCGATGGAGTGAAAGAGCCTGATGCACTCCGCATACAGCTCGATAGTCTTTTCAGGGCTTTGTTCATCTTCATACCCTTCCGAGCAAAGGACGCCATCGGCCTCACTCATGAGCAGATTGCTCCAGCCATCATGCCGTTCAAAGTGCAGGACCTTTGGAACAGGCAGCTTTCCTTCCAGCCATAGCATCATGTCCTTTTCCCGTTCCACATCATAGGTGGTCCCTTTATACCGGCTGTCCGTCATTTTTAAATATAGGATTTCATTTTCTCCCACCAGCTTATATACCTTAGCAGGAGACATTCCTTCCGTATCTTTTACGCAGCGGTATTCTTCGATCAGTTTTTTCAATTCCGGTGATATTCTCATTTTAGCCATTGAGACG,1387,Pass,GAAGTGCCATTCCGCCTGACCTCGTCTCATCCGCGATCACCTAAAGGAACAGTGTAAAAGAGGATTTTCACTTGTATGGGGTTTAATAAAATGTTAAAATGGAGATAGTTAAATACAAGTATAAATCCGCCTTTTCCCCTTCTCAAATTTAACTTCTCAGTTTGGCCGCTGTTAGTTAAATTGAGATTCCGTTAGGTGGATTTTTTTTGTTTGTTTTTTCATCAAAAACAAACAGAGTTCTTCATATTCTGAAATAATCTTATCATATTTTTACTGGATTTAAAATATTTTTATTCCCATGTCTTTCTTAATTCTCTAATATATATTCAATGCTCCTAATATTTTTTTTAAAAAAACAGACTCGTTTGGAGTCTGTCTCAGCCTTTGTTGGTTCTTTTTTTTAATTCATATTCATAAAAAGTTTTTTGGCTCTCAGGTAATGTCTCAACCATCTTATCAATAGCTCTCTCAATAGTATCCTCTAAGTAATATGAATTATTCTCACCAATAAAAAACGCCCGGCGGCAACCGAGCGTTCTGAACAAATCCAGATGGAGTTCTGAGGTCATTACTGGATCTATCAACGGGAGTCCAAGCGAGCTCGGTACTAAAACAATTCATCCAGTAAAATATAATATTTTATTTTCTCCCAATCAGGCTTGATCCCCAGTAAGTCAAAAAATAGCTCGACATACTGTTCTTCCCCGATATCCTCCCTGATCGACCGGACGCAGAAGGCAATGTCATACCACTTGTCCGCCCTGCCGCTTCTCCCAAGATCAATAAAGCCACTTACTTTGCCATCTTTCACAAAGATGTTGCTGTCTCCCAGGTCGCCGTGGGAAAAGACAAGTTCCTCTTCGGGCTTTTCCGTCTTTAAAAAATCATACAGCTCGCGCGGATCTTTAAATGGAGTGTCCTCTTCCCAGTTTTCGCAATCCACATCGGCCAGATCGTTATTCAGTAAGTAATCCAATTCGGCTAAGCGGCCGTCTAAGCTATTCGTATAGGGACAATCCGATATGTCGATGGAGTGAAAGAGCCTGATGCACTCCGCATACAGCTCGATAGTCTTTTCAGGGCTTTGTTCATCTTCATACCCTTCCGAGCAAAGGACGCCATCGGCCTCACTCATGAGCAGATTGCTCCAGCCATCATGCCGTTCAAAGTGCAGGACCTTTGGAACAGGCAGCTTTCCTTCCAGCCATAGCATCATGTCCTTTTCCCGTTCCACATCATAGGTGGTCCCTTTATACCGGCTGTCCGTCATTTTTAAATATAGGATTTCATTTTCTCCCACCAGCTTATATACCTTAGCAGGAGACATTCCTTCCGTATCTTTTACGCAGCGGTATTCTTCGATCAGTTTTTTCAATTCCGGTGATATTCTCATTTTAGCCATTGAGACGAGGCTAGGTGGAGGCTCAGTG,1430,1082,non-clonal
pSHPs0220B292296MU,H1,pGLO-open_1,8,OI_5a79fec65d51e30030d85052,GCGATGATGAAGACTAGGAGTCGATGCATAATGTGCCTGTCAAATGGACGAAGCAGGGATTCTGCAAACCCTATGCTACTCCGTCAAGCCGTCAATTGTCTGATTCGTTACCAATTATGACAACTTGACGGCTACATCATTCACTTTTTCTTCACAACCGGCACGGAACTCGCTCGGGCTGGCCCCGGTGCATTTTTTAAATACCCGCGAGAAATAGAGTTGATCGTCAAAACCAACATTGCGACCGACGGTGGCGATAGGCATCCGGGTGGTGCTCAAAAGCAGCTTCGCCTGGCTGATACGTTGGTCCTCGCGCCAGCTTAAGACGCTAATCCCTAACTGCTGGCGGAAAAGATGTGACAGACGCGACGGCGACAAGCAAACATGCTGTGCGACGCTGGCGATATCAAAATTGCTGTCTGCCAGGTGATCGCTGATGTACTGACAAGCCTCGCGTACCCGATTATCCATCGGTGGATGGAGCGACTCGTTAATCGCTTCCATGCGCCGCAGTAACAATTGCTCAAGCAGATTTATCGCCAGCAGCTCCGAATAGCGCCCTTCCCCTTGCCCGGCGTTAATGATTTGCCCAAACAGGTCGCTGAAATGCGGCTGGTGCGCTTCATCCGGGCGAAAGAACCCCGTATTGGCAAATATTGACGGCCAGTTAAGCCATTCATGCCAGTAGGCGCGCGGACGAAAGTAAACCCACTGGTGATACCATTCGCGAGCCTCCGGATGACGACCGTAGTGATGAATCTCTCCTGGCGGGAACAGCAAAATATCACCCGGTCGGCAAACAAATTCTCGTCCCTGATTTTTCACCACCCCCTGACCGCGAATGGTGAGATTGAGAATATAACCTTTCATTCCCAGCGGTCGGTCGATAAAAAAATCGAGATAACCGTTGGCCTCAATCGGCGTTAAACCCGCCACCAGATGGGCATTAAACGAGTATCCCGGCAGCAGGGGATCATTTTGCGCTTCAGCCATACTTTTCATACTCCCGCCATTCAGAGAAGAAACCAATTGTCCATATTGCATCAGACATTGCCGTCACTGCGTCTTTTACTGGCTCTTCTCGCTAACCAAACCGGTAACCCCGCTTATTAAAAGCATTCTGTAACAAAGCGGGACCAAAGCCATGACAAAAACGCGTAACAAAAGTGTCTATAATCACGGCAGAAAAGTCCACATTGATTATTTGCACGGCGTCACACTTTGCTATGCCATAGCATTTTTATCCATAAGATTAGCGGATCCTACCTGACGCTTTTTATCGCAACTCTCTACTGTTTCTCCATTACTTAGTCTTCATCATCGC,1324,Pass,GAAGTGCCATTCCGCCTGACCTGCGATGATGAAGACTAGGAGTCGATGCATAATGTGCCTGTCAAATGGACGAAGCAGGGATTCTGCAAACCCTATGCTACTCCGTCAAGCCGTCAATTGTCTGATTCGTTACCAATTATGACAACTTGACGGCTACATCATTCACTTTTTCTTCACAACCGGCACGGAACTCGCTCGGGCTGGCCCCGGTGCATTTTTTAAATACCCGCGAGAAATAGAGTTGATCGTCAAAACCAACATTGCGACCGACGGTGGCGATAGGCATCCGGGTGGTGCTCAAAAGCAGCTTCGCCTGGCTGATACGTTGGTCCTCGCGCCAGCTTAAGACGCTAATCCCTAACTGCTGGCGGAAAAGATGTGACAGACGCGACGGCGACAAGCAAACATGCTGTGCGACGCTGGCGATATCAAAATTGCTGTCTGCCAGGTGATCGCTGATGTACTGACAAGCCTCGCGTACCCGATTATCCATCGGTGGATGGAGCGACTCGTTAATCGCTTCCATGCGCCGCAGTAACAATTGCTCAAGCAGATTTATCGCCAGCAGCTCCGAATAGCGCCCTTCCCCTTGCCCGGCGTTAATGATTTGCCCAAACAGGTCGCTGAAATGCGGCTGGTGCGCTTCATCCGGGCGAAAGAACCCCGTATTGGCAAATATTGACGGCCAGTTAAGCCATTCATGCCAGTAGGCGCGCGGACGAAAGTAAACCCACTGGTGATACCATTCGCGAGCCTCCGGATGACGACCGTAGTGATGAATCTCTCCTGGCGGGAACAGCAAAATATCACCCGGTCGGCAAACAAATTCTCGTCCCTGATTTTTCACCACCCCCTGACCGCGAATGGTGAGATTGAGAATATAACCTTTCATTCCCAGCGGTCGGTCGATAAAAAAATCGAGATAACCGTTGGCCTCAATCGGCGTTAAACCCGCCACCAGATGGGCATTAAACGAGTATCCCGGCAGCAGGGGATCATTTTGCGCTTCAGCCATACTTTTCATACTCCCGCCATTCAGAGAAGAAACCAATTGTCCATATTGCATCAGACATTGCCGTCACTGCGTCTTTTACTGGCTCTTCTCGCTAACCAAACCGGTAACCCCGCTTATTAAAAGCATTCTGTAACAAAGCGGGACCAAAGCCATGACAAAAACGCGTAACAAAAGTGTCTATAATCACGGCAGAAAAGTCCACATTGATTATTTGCACGGCGTCACACTTTGCTATGCCATAGCATTTTTATCCATAAGATTAGCGGATCCTACCTGACGCTTTTTATCGCAACTCTCTACTGTTTCTCCATTACTTAGTCTTCATCATCGCAGGCTAGGTGGAGGCTCAGTG,1367,1099,non-clonal
pSHPs0220B292296MU,A2,pGLO-open_2,9,OI_5a79fec65d51e30030d85053,GCGATGATGAAGACTATACTACCCGTTTTTTTGGGCTAGAAATAATTTTGTTTAACTTTAAGAAGGAGATATACATATGGCTAGCAAAGGAGAAGAACTTTTCACTGGAGTTGTCCCAATTCTTGTTGAATTAGATGGTGATGTTAATGGGCACAAATTTTCTGTCAGTGGAGAGGGTGAAGGTGATGCTACATACGGAAAGCTTACCCTTAAATTTATTTGCACTACTGGAAAACTACCTGTTCCATGGCCAACACTTGTCACTACTTTCTCTTATGGTGTTCAATGCTTTTCCCGTTATCCGGATCATATGAAACGGCATGACTTTTTCAAGAGTGCCATGCCCGAAGGTTATGTACAGGAACGCACTATATCTTTCAAAGATGACGGGAACTACAAGACGCGTGCTGAAGTCAAGTTTGAAGGTGATACCCTTGTTAATCGTATCGAGTTAAAAGGTATTGATTTTAAAGAAGATGGAAACATTCTCGGACACAAACTCGAGTACAACTATAACTCACACAATGTATACATCACGGCAGACAAACAAAAGAATGGAATCAAAGCTAACTTCAAAATTCGCCACAACATTGAAGATGGATCCGTTCAACTAGCAGACCATTATCAACAAAATACTCCAATTGGCGACGGCCCTGTCCTTTTACCAGACAACCATTACCTGTCGACACAATCTGCCCTTTCGAAAGATCCCAACGAAAAGCGTGACCACATGGTCCTTCTTGAGTTTGTAACTGCTGCTGGGATTACACATGGCATGGATGAGCTCTACAAATAATGGCTGTTTTGGCGGATGAGAGAAGATTTTCAGCCTGATACAGATTAAATCAGAACGCAGAAGCGGTCTGATAAAACAGAATTTGCCTGGCGGCAGTAGCGCGGTGGTCCCACCTGACCCCATGCCGAACTCAGAAGTGAAACGCCGTAGCGCCGATGGTAGTGTGGGGTCCCCCATGCGAGAGTAGGGAACTGCCAGGCATCAAATAAAACGAAAGGCTCAGTGCAAAGACTGGGCCTTTCGTTTTATCTGTTGTTTGTCGGTGAACGCTCTCCTGAGTAGGACAAATCCGCCGGGAGCGGATTTGTGCGCGCTTAGTCTTCATCATCGC,1127,Pass,GAAGTGCCATTCCGCCTGACCTGCGATGATGAAGACTATACTACCCGTTTTTTTGGGCTAGAAATAATTTTGTTTAACTTTAAGAAGGAGATATACATATGGCTAGCAAAGGAGAAGAACTTTTCACTGGAGTTGTCCCAATTCTTGTTGAATTAGATGGTGATGTTAATGGGCACAAATTTTCTGTCAGTGGAGAGGGTGAAGGTGATGCTACATACGGAAAGCTTACCCTTAAATTTATTTGCACTACTGGAAAACTACCTGTTCCATGGCCAACACTTGTCACTACTTTCTCTTATGGTGTTCAATGCTTTTCCCGTTATCCGGATCATATGAAACGGCATGACTTTTTCAAGAGTGCCATGCCCGAAGGTTATGTACAGGAACGCACTATATCTTTCAAAGATGACGGGAACTACAAGACGCGTGCTGAAGTCAAGTTTGAAGGTGATACCCTTGTTAATCGTATCGAGTTAAAAGGTATTGATTTTAAAGAAGATGGAAACATTCTCGGACACAAACTCGAGTACAACTATAACTCACACAATGTATACATCACGGCAGACAAACAAAAGAATGGAATCAAAGCTAACTTCAAAATTCGCCACAACATTGAAGATGGATCCGTTCAACTAGCAGACCATTATCAACAAAATACTCCAATTGGCGACGGCCCTGTCCTTTTACCAGACAACCATTACCTGTCGACACAATCTGCCCTTTCGAAAGATCCCAACGAAAAGCGTGACCACATGGTCCTTCTTGAGTTTGTAACTGCTGCTGGGATTACACATGGCATGGATGAGCTCTACAAATAATGGCTGTTTTGGCGGATGAGAGAAGATTTTCAGCCTGATACAGATTAAATCAGAACGCAGAAGCGGTCTGATAAAACAGAATTTGCCTGGCGGCAGTAGCGCGGTGGTCCCACCTGACCCCATGCCGAACTCAGAAGTGAAACGCCGTAGCGCCGATGGTAGTGTGGGGTCCCCCATGCGAGAGTAGGGAACTGCCAGGCATCAAATAAAACGAAAGGCTCAGTGCAAAGACTGGGCCTTTCGTTTTATCTGTTGTTTGTCGGTGAACGCTCTCCTGAGTAGGACAAATCCGCCGGGAGCGGATTTGTGCGCGCTTAGTCTTCATCATCGCAGGCTAGGTGGAGGCTCAGTG,1170,1057,non-clonal
pSHPs0220B292296MU,B2,pGLO-open_3,10,OI_5a79fec65d51e30030d85054,GAAGACTACGCTTTTCTACAAACTCTTTGTTTATTTTTCTAAATACATTCAAATATGTATCCGCTCATGAGACAATAACCCTGATAAATGCTTCAATAATATTGAAAAAGGAAGAGTATGAGTATTCAACATTTCCGTGTCGCCCTTATTCCCTTTTTTGCGGCATTTTGCCTTCCTGTTTTTGCTCACCCAGAAACGCTGGTGAAAGTAAAAGATGCTGAAGATCAGTTGGGTGCACGAGTGGGTTACATCGAACTGGATCTCAACAGCGGTAAGATCCTTGAGAGTTTTCGCCCCGAAGAACGTTTTCCAATGATGAGCACTTTTAAAGTTCTGCTATGTGGCGCGGTATTATCCCGTGTTGACGCCGGGCAAGAGCAACTCGGTCGCCGCATACACTATTCTCAGAATGACTTGGTTGAGTACTCACCAGTCACAGAAAAGCATCTTACGGATGGCATGACAGTAAGAGAATTATGCAGTGCTGCCATAACCATGAGTGATAACACTGCGGCCAACTTACTTCTGACAACGATCGGAGGACCGAAGGAGCTAACCGCTTTTTTGCACAACATGGGGGATCATGTAACTCGCCTTGATCGTTGGGAACCGGAGCTGAATGAAGCCATACCAAACGACGAGCGTGACACCACGATGCCTGCGGCAATGGCAACAACGTTGCGCAAACTATTAACTGGCGAACTACTTACTCTAGCTTCCCGGCAACAATTAATAGACTGGATGGAGGCGGATAAAGTTGCAGGACCACTTCTGCGCTCGGCCCTTCCGGCTGGCTGGTTTATTGCTGATAAATCTGGAGCCGGTGAGCGTGGGAGCCGCGGTATCATTGCAGCACTGGGGCCAGATGGTAAGCCCTCCCGTATCGTAGTTATCTACACGACGGGGAGTCAGGCAACTATGGATGAACGAAATAGACAGATCGCTGAGATAGGTGCCTCACTGATTAAGCATTGGTAATAGTCTTC,986,Pass,GAAGTGCCATTCCGCCTGACCTGAAGACTACGCTTTTCTACAAACTCTTTGTTTATTTTTCTAAATACATTCAAATATGTATCCGCTCATGAGACAATAACCCTGATAAATGCTTCAATAATATTGAAAAAGGAAGAGTATGAGTATTCAACATTTCCGTGTCGCCCTTATTCCCTTTTTTGCGGCATTTTGCCTTCCTGTTTTTGCTCACCCAGAAACGCTGGTGAAAGTAAAAGATGCTGAAGATCAGTTGGGTGCACGAGTGGGTTACATCGAACTGGATCTCAACAGCGGTAAGATCCTTGAGAGTTTTCGCCCCGAAGAACGTTTTCCAATGATGAGCACTTTTAAAGTTCTGCTATGTGGCGCGGTATTATCCCGTGTTGACGCCGGGCAAGAGCAACTCGGTCGCCGCATACACTATTCTCAGAATGACTTGGTTGAGTACTCACCAGTCACAGAAAAGCATCTTACGGATGGCATGACAGTAAGAGAATTATGCAGTGCTGCCATAACCATGAGTGATAACACTGCGGCCAACTTACTTCTGACAACGATCGGAGGACCGAAGGAGCTAACCGCTTTTTTGCACAACATGGGGGATCATGTAACTCGCCTTGATCGTTGGGAACCGGAGCTGAATGAAGCCATACCAAACGACGAGCGTGACACCACGATGCCTGCGGCAATGGCAACAACGTTGCGCAAACTATTAACTGGCGAACTACTTACTCTAGCTTCCCGGCAACAATTAATAGACTGGATGGAGGCGGATAAAGTTGCAGGACCACTTCTGCGCTCGGCCCTTCCGGCTGGCTGGTTTATTGCTGATAAATCTGGAGCCGGTGAGCGTGGGAGCCGCGGTATCATTGCAGCACTGGGGCCAGATGGTAAGCCCTCCCGTATCGTAGTTATCTACACGACGGGGAGTCAGGCAACTATGGATGAACGAAATAGACAGATCGCTGAGATAGGTGCCTCACTGATTAAGCATTGGTAATAGTCTTCAGGCTAGGTGGAGGCTCAGTG,1029,1054,non-clonal
pSHPs0220B292296MU,C2,pGLO-open_4,11,OI_5a79fec65d51e30030d85055,GAAGACTAGTAACTGTCAGACCAAGTTTACTCATATATACTTTAGATTGATTTACGCGCCCTGTAGCGGCGCATTAAGCGCGGCGGGTGTGGTGGTTACGCGCAGCGTGACCGCTACACTTGCCAGCGCCCTAGCGCCCGCTCCTTTCGCTTTCTTCCCTTCCTTTCTCGCCACGTTCGCCGGCTTTCCCCGTCAAGCTCTAAATCGGGGGCTCCCTTTAGGGTTCCGATTTAGTGCTTTACGGCACCTCGACCCCAAAAAACTTGATTTGGGTGATGGTTCACGTAGTGGGCCATCGCCCTGATAGACGGTTTTTCGCCCTTTGACGTTGGAGTCCACGTTCTTTAATAGTGGACTCTTGTTCCAAACTGGAACAACACTCAACCCTATCTCGGGCTATTCTTTTGATTTATAAGGGATTTTGCCGATTTCGGCCTATTGGTTAAAAAATGAGCTGATTTAACAAAAATTTAACGCGAATTTTAACAAAATATTAACGTTTACAATTTAAAAGGATCTAGGTGAAGATCCTTTTTGATAATCTCATGACCAAAATCCCTTAACGTGAGTTTTCGTTCCACTGAGCGTCAGACCCCGTAGAAAAGATCAAAGGATCTTCTTGAGATCCTTTTTTTCTGCGCGTAATCTGCTGCTTGCAAACAAAAAAACCACCGCTACCAGCGGTGGTTTGTTTGCCGGATCAAGAGCTACCAACTCTTTTTCCGAAGGTAACTGGCTTCAGCAGAGCGCAGATACCAAATACTGTCCTTCTAGTGTAGCCGTAGTTAGGCCACCACTTCAAGAACTCTGTAGCACCGCCTACATACCTCGCTCTGCTAATCCTGTTACCAGTGGCTGCTGCCAGTGGCGATAAGTCGTGTCTTACCGGGTTGGACTCAAGACGATAGTTACCGGATAAGGCGCAGCGGTCGGGCTGAACGGGGGGTTCGTGCACACAGCCCAGCTTGGAGCGAACGACCTACACCGAACTGAGATACCTACAGCGTGAGCATTGAGAAAGCGCCACGCTTCCCGAAGGGAGAAAGGCGGACAGGTATCCGGTAAGCGGCAGGGTCGGAACAGGAGAGCGCACGAGGGAGCTTCCAGGGGGAAACGCCTGGTATCTTTATAGTCCTGTCGGGTTTCGCCACCTCTGACTTGAGCGTCGATTTTTGTGATGCTCGTCAGGGGGGCGGAGCCTATGGAAAAACGTAGTCTTC,1220,Pass,GAAGTGCCATTCCGCCTGACCTGAAGACTAGTAACTGTCAGACCAAGTTTACTCATATATACTTTAGATTGATTTACGCGCCCTGTAGCGGCGCATTAAGCGCGGCGGGTGTGGTGGTTACGCGCAGCGTGACCGCTACACTTGCCAGCGCCCTAGCGCCCGCTCCTTTCGCTTTCTTCCCTTCCTTTCTCGCCACGTTCGCCGGCTTTCCCCGTCAAGCTCTAAATCGGGGGCTCCCTTTAGGGTTCCGATTTAGTGCTTTACGGCACCTCGACCCCAAAAAACTTGATTTGGGTGATGGTTCACGTAGTGGGCCATCGCCCTGATAGACGGTTTTTCGCCCTTTGACGTTGGAGTCCACGTTCTTTAATAGTGGACTCTTGTTCCAAACTGGAACAACACTCAACCCTATCTCGGGCTATTCTTTTGATTTATAAGGGATTTTGCCGATTTCGGCCTATTGGTTAAAAAATGAGCTGATTTAACAAAAATTTAACGCGAATTTTAACAAAATATTAACGTTTACAATTTAAAAGGATCTAGGTGAAGATCCTTTTTGATAATCTCATGACCAAAATCCCTTAACGTGAGTTTTCGTTCCACTGAGCGTCAGACCCCGTAGAAAAGATCAAAGGATCTTCTTGAGATCCTTTTTTTCTGCGCGTAATCTGCTGCTTGCAAACAAAAAAACCACCGCTACCAGCGGTGGTTTGTTTGCCGGATCAAGAGCTACCAACTCTTTTTCCGAAGGTAACTGGCTTCAGCAGAGCGCAGATACCAAATACTGTCCTTCTAGTGTAGCCGTAGTTAGGCCACCACTTCAAGAACTCTGTAGCACCGCCTACATACCTCGCTCTGCTAATCCTGTTACCAGTGGCTGCTGCCAGTGGCGATAAGTCGTGTCTTACCGGGTTGGACTCAAGACGATAGTTACCGGATAAGGCGCAGCGGTCGGGCTGAACGGGGGGTTCGTGCACACAGCCCAGCTTGGAGCGAACGACCTACACCGAACTGAGATACCTACAGCGTGAGCATTGAGAAAGCGCCACGCTTCCCGAAGGGAGAAAGGCGGACAGGTATCCGGTAAGCGGCAGGGTCGGAACAGGAGAGCGCACGAGGGAGCTTCCAGGGGGAAACGCCTGGTATCTTTATAGTCCTGTCGGGTTTCGCCACCTCTGACTTGAGCGTCGATTTTTGTGATGCTCGTCAGGGGGGCGGAGCCTATGGAAAAACGTAGTCTTCAGGCTAGGTGGAGGCTCAGTG,1263,1063,non-clonal
pSHPs0220B292296MU,D2,pGLO-open_5,12,OI_5a79fec65d51e30030d85056,GAAGACTAAACGCCAGCAACGCGGCCTTTTTACGGTTCCTGGCCTTTTGCTGGCCTTTTGCTCACATGTTCTTTCCTGCGTTATCCCCTGATTCTGTGGATAACCGTATTACCGCCTTTGAGTGAGCTGATACCGCTCGCCGCAGCCGAACGACCGAGCGCAGCGAGTCAGTGAGCGAGGAAGCGGAAGAGCGCCTGATGCGGTATTTTCTCCTTACGCATCTGTGCGGTATTTCACACCGCATATGGTGCACTCTCAGTACAATCTGCTCTGATGCCGCATAGTTAAGCCAGTATACACTCCGCTATCGCTACGTGACTGGGTCATGGCTGCGCCCCGACACCCGCCAACACCCGCTGACGCGCCCTGACGGGCTTGTCTGCTCCCGGCATCCGCTTACAGACAAGCTGTGACCGTCTCCGGGAGCTGCATGTGTCAGAGGTTTTCACCGTCATCACCGAAACGCGCGAGGCAGCAAGGAGATGGCGCCCAACAGTCCCCCGGCCACGGGGCCTGCCACCATACCCACGCCGAAACAAGCGCTCATGAGCCCGAAGTGGCGAGCCCGATCTTCCCCATCGGTGATGTCGGCGATATAGGCGCCAGCAACCGCACCTGTGGCGCCGGTGATGCCGGCCACGATGCGTCCGGCGTAGAGGATCTAATTCTCATGTTTGACAGCTTATCGGAGTAGTCTTC,699,Pass,GAAGTGCCATTCCGCCTGACCTGAAGACTAAACGCCAGCAACGCGGCCTTTTTACGGTTCCTGGCCTTTTGCTGGCCTTTTGCTCACATGTTCTTTCCTGCGTTATCCCCTGATTCTGTGGATAACCGTATTACCGCCTTTGAGTGAGCTGATACCGCTCGCCGCAGCCGAACGACCGAGCGCAGCGAGTCAGTGAGCGAGGAAGCGGAAGAGCGCCTGATGCGGTATTTTCTCCTTACGCATCTGTGCGGTATTTCACACCGCATATGGTGCACTCTCAGTACAATCTGCTCTGATGCCGCATAGTTAAGCCAGTATACACTCCGCTATCGCTACGTGACTGGGTCATGGCTGCGCCCCGACACCCGCCAACACCCGCTGACGCGCCCTGACGGGCTTGTCTGCTCCCGGCATCCGCTTACAGACAAGCTGTGACCGTCTCCGGGAGCTGCATGTGTCAGAGGTTTTCACCGTCATCACCGAAACGCGCGAGGCAGCAAGGAGATGGCGCCCAACAGTCCCCCGGCCACGGGGCCTGCCACCATACCCACGCCGAAACAAGCGCTCATGAGCCCGAAGTGGCGAGCCCGATCTTCCCCATCGGTGATGTCGGCGATATAGGCGCCAGCAACCGCACCTGTGGCGCCGGTGATGCCGGCCACGATGCGTCCGGCGTAGAGGATCTAATTCTCATGTTTGACAGCTTATCGGAGTAGTCTTCAGGCTAGGTGGAGGCTCAGTG,742,935,non-clonal
pSHPs0220B292296MU,E2,GFP-AgeIM_1,13,OI_5a79fec65d51e30030d85057,CGTCTCTGGAGGCGATGGAGGGAGACCGGAGAGCGAGAGACCCTGGCACGACAGGTTTCCCGACTGGAAAGCGGGCAGTGAGCGCAACGCAATTAATGTGAGTTAGCTCACTCATTAGGCACCCCAGGCTTGACAATTAATCATCGGCTCGTATAATGTGTGGAATTTCACACATACTAGAGAAAGAGGAGAAATACTAGGGATCTTAGCTACTAGAGAAAGAGGAGAAATACTAGATGCGTAAAGGCGACGAGCTGTTCACTGGTGTCGTCCCTATTCTGGTGGAACTGGATGGTGATGTCAACGGTCATAAGTTTTCCGTGCGTGGCGAGGGTGAAGGTGACGCAACTAATGGTAAACTGACGCTGAAGTTCATCTGTACTACTGGTAAACTGCCGGTTCCTTGGCCGACTCTGGTAACGACGCTGACTTATGGTGTTCAGTGCTTTGCTCGTTATCCGGACCATATGAAGCAGCATGACTTCTTCAAGTCCGCCATGCCGGAAGGCTATGTGCAGGAACGCACGATTTCCTTTAAGGATGACGGCACGTACAAAACGCGTGCGGAAGTGAAATTTGAAGGCGATACCCTGGTAAACCGCATTGAGCTGAAAGGCATTGACTTTAAAGAGGACGGCAATATCCTGGGCCATAAGCTGGAATACAATTTTAACAGCCACAATGTTTACATCACCGCCGATAAACAAAAAAATGGCATTAAAGCGAATTTTAAAATTCGCCACAACGTGGAGGATGGCAGCGTGCAGCTCGCTGATCACTACCAGCAAAACACTCCAATCGGTGATGGTCCTGTTCTGCTGCCAGACAATCACTATCTGAGCACGCAAAGCGTTCTGTCTAAAGATCCGAACGAGAAACGCGATCATATGGTTCTGCTGGAGTTCGTAACCGCAGCGGGCATCACGCATGGTATGGATGAACTGTACAAATGACGCGGTGAGACG,965,Pass,GAAGTGCCATTCCGCCTGACCTCGTCTCTGGAGGCGATGGAGGGAGACCGGAGAGCGAGAGACCCTGGCACGACAGGTTTCCCGACTGGAAAGCGGGCAGTGAGCGCAACGCAATTAATGTGAGTTAGCTCACTCATTAGGCACCCCAGGCTTGACAATTAATCATCGGCTCGTATAATGTGTGGAATTTCACACATACTAGAGAAAGAGGAGAAATACTAGGGATCTTAGCTACTAGAGAAAGAGGAGAAATACTAGATGCGTAAAGGCGACGAGCTGTTCACTGGTGTCGTCCCTATTCTGGTGGAACTGGATGGTGATGTCAACGGTCATAAGTTTTCCGTGCGTGGCGAGGGTGAAGGTGACGCAACTAATGGTAAACTGACGCTGAAGTTCATCTGTACTACTGGTAAACTGCCGGTTCCTTGGCCGACTCTGGTAACGACGCTGACTTATGGTGTTCAGTGCTTTGCTCGTTATCCGGACCATATGAAGCAGCATGACTTCTTCAAGTCCGCCATGCCGGAAGGCTATGTGCAGGAACGCACGATTTCCTTTAAGGATGACGGCACGTACAAAACGCGTGCGGAAGTGAAATTTGAAGGCGATACCCTGGTAAACCGCATTGAGCTGAAAGGCATTGACTTTAAAGAGGACGGCAATATCCTGGGCCATAAGCTGGAATACAATTTTAACAGCCACAATGTTTACATCACCGCCGATAAACAAAAAAATGGCATTAAAGCGAATTTTAAAATTCGCCACAACGTGGAGGATGGCAGCGTGCAGCTCGCTGATCACTACCAGCAAAACACTCCAATCGGTGATGGTCCTGTTCTGCTGCCAGACAATCACTATCTGAGCACGCAAAGCGTTCTGTCTAAAGATCCGAACGAGAAACGCGATCATATGGTTCTGCTGGAGTTCGTAACCGCAGCGGGCATCACGCATGGTATGGATGAACTGTACAAATGACGCGGTGAGACGAGGCTAGGTGGAGGCTCAGTG,1008,905,non-clonal
pSHPs0220B292296MU,F2,RFP-AgeIM_1,14,OI_5a79fec65d51e30030d85058,CGTCTCTGGAGGCGATGGAGGGAGACCGGAGCTGGCACGACAGGTTTCCCGACTGGAAAGCGGGCAGTGAGCGCAACGCAATTAATGTGAGTTAGCTCACTCATTAGGCACCCCAGGCTTTACACTTTATGCTTCCGGCTCGTATGTTGTGTGGAATTGTGAGCGGATAACAATTTCACACATACTAGAGAAAGAGGAGAAATACTAGATGGCTTCCTCCGAAGATGTTATCAAAGAGTTCATGCGTTTCAAAGTTCGTATGGAAGGTTCCGTTAACGGTCACGAGTTCGAAATCGAAGGTGAAGGTGAAGGTCGTCCGTACGAAGGTACCCAGACCGCTAAACTGAAAGTTACCAAAGGTGGTCCGCTGCCGTTCGCTTGGGACATCCTGTCCCCGCAGTTCCAGTACGGTTCCAAAGCTTACGTTAAACACCCGGCTGACATCCCGGACTACCTGAAACTGTCCTTCCCGGAAGGTTTCAAATGGGAACGTGTTATGAACTTCGAGGACGGTGGTGTTGTTACCGTTACCCAGGACTCCTCCCTGCAAGACGGTGAGTTCATCTACAAAGTTAAACTGCGTGGTACCAACTTCCCGTCCGACGGTCCGGTTATGCAGAAAAAAACCATGGGTTGGGAAGCTTCCACCGAACGTATGTACCCGGAGGACGGTGCTCTGAAAGGTGAAATCAAAATGCGTCTGAAACTGAAAGACGGTGGTCACTACGACGCTGAAGTTAAAACCACCTACATGGCTAAAAAACCGGTTCAGTTACCGGGTGCTTACAAAACCGACATCAAACTGGACATCACCTCCCACAACGAGGACTACACCATCGTTGAACAGTACGAACGTGCTGAAGGTCGTCACTCCACCGGTGCTTAACGCGGTGAGACG,898,Pass,GAAGTGCCATTCCGCCTGACCTCGTCTCTGGAGGCGATGGAGGGAGACCGGAGCTGGCACGACAGGTTTCCCGACTGGAAAGCGGGCAGTGAGCGCAACGCAATTAATGTGAGTTAGCTCACTCATTAGGCACCCCAGGCTTTACACTTTATGCTTCCGGCTCGTATGTTGTGTGGAATTGTGAGCGGATAACAATTTCACACATACTAGAGAAAGAGGAGAAATACTAGATGGCTTCCTCCGAAGATGTTATCAAAGAGTTCATGCGTTTCAAAGTTCGTATGGAAGGTTCCGTTAACGGTCACGAGTTCGAAATCGAAGGTGAAGGTGAAGGTCGTCCGTACGAAGGTACCCAGACCGCTAAACTGAAAGTTACCAAAGGTGGTCCGCTGCCGTTCGCTTGGGACATCCTGTCCCCGCAGTTCCAGTACGGTTCCAAAGCTTACGTTAAACACCCGGCTGACATCCCGGACTACCTGAAACTGTCCTTCCCGGAAGGTTTCAAATGGGAACGTGTTATGAACTTCGAGGACGGTGGTGTTGTTACCGTTACCCAGGACTCCTCCCTGCAAGACGGTGAGTTCATCTACAAAGTTAAACTGCGTGGTACCAACTTCCCGTCCGACGGTCCGGTTATGCAGAAAAAAACCATGGGTTGGGAAGCTTCCACCGAACGTATGTACCCGGAGGACGGTGCTCTGAAAGGTGAAATCAAAATGCGTCTGAAACTGAAAGACGGTGGTCACTACGACGCTGAAGTTAAAACCACCTACATGGCTAAAAAACCGGTTCAGTTACCGGGTGCTTACAAAACCGACATCAAACTGGACATCACCTCCCACAACGAGGACTACACCATCGTTGAACAGTACGAACGTGCTGAAGGTCGTCACTCCACCGGTGCTTAACGCGGTGAGACGAGGCTAGGTGGAGGCTCAGTG,941,970,non-clonal
pSHPs0220B292296MU,G2,sacB-AgeI_1,15,OI_5a79fec65d51e30030d85059,CGTCTCTGGAGGCGATGGAGGGAGACCGGAGATACGCAAACCGCCTCTCCCCGCGCGTTGGCCGATTCATTAATGCAGCTGGCACGACAGGTTTCCCGACTGGAAAGCGGGCAGTGAGCGCAACGCAATTAATGTGAGTTAGCTCACTCATTAGGCACCCCAGGCTTTACACTTTATGCTTCCGGCTCGTATGTTGTGTGGAATTGTGAGCGGATAACAATTTCACACATACTAGAGAAAGAGGAGAAATACTAGATGAAAACTATTGACTTATTCTGCGGTGCTGGTGGGTTAGGCGAAGGATTTCGTCAGGCTGGTTTTTCTGCGCTTTACGCAAATGACCACGAAACCCCAGCCTTAGCGACGTATAAGGAAAATCATCCAGATGCTGTCTGTTCCACAGATAGTATTGAAACGGTAGATCCAAAGAAAATCCGTGAGGACTTGGGCGTTGCCCCGGGGCAAGTTGATGTAGTAATGGGCGGGCCACCTTGCCAGGGATTCTCGACCTATGGCCAGCGTCGTGATGACGACGCTCGTAATCAACTTTACGTTCCTTACTTTGGGTTTGTGGAAGAATTTCGTCCAAAGGCCTTTTTGATCGAGAACGTTGTAGGTCTGTTGTCCATGAGTGGTGGGGCGGTCCTGGCTGACATGGTAGCACGTGCTGAAGCTCTGGGGTATGCTGCCGATGTTGTAACCTTGGACGCATGCGAATACGGCGTACCGCAGCACCGTCGCCGCGTGTTCATCTTTGGTGCGGCGGATGGGCAGCGCATCGACCCGCCCCAGCCGTCGCACGTAAACGGAAAGCGCAGTGGCGTAGTCTTGAATGACCAGCCATCTTTGTTTTTCGATGGGCCAAGCATCCAACCAGCTTTAACGGTGCGCGACGCCATTAGCGACCTTGAGACG,915,Pass,GAAGTGCCATTCCGCCTGACCTCGTCTCTGGAGGCGATGGAGGGAGACCGGAGATACGCAAACCGCCTCTCCCCGCGCGTTGGCCGATTCATTAATGCAGCTGGCACGACAGGTTTCCCGACTGGAAAGCGGGCAGTGAGCGCAACGCAATTAATGTGAGTTAGCTCACTCATTAGGCACCCCAGGCTTTACACTTTATGCTTCCGGCTCGTATGTTGTGTGGAATTGTGAGCGGATAACAATTTCACACATACTAGAGAAAGAGGAGAAATACTAGATGAAAACTATTGACTTATTCTGCGGTGCTGGTGGGTTAGGCGAAGGATTTCGTCAGGCTGGTTTTTCTGCGCTTTACGCAAATGACCACGAAACCCCAGCCTTAGCGACGTATAAGGAAAATCATCCAGATGCTGTCTGTTCCACAGATAGTATTGAAACGGTAGATCCAAAGAAAATCCGTGAGGACTTGGGCGTTGCCCCGGGGCAAGTTGATGTAGTAATGGGCGGGCCACCTTGCCAGGGATTCTCGACCTATGGCCAGCGTCGTGATGACGACGCTCGTAATCAACTTTACGTTCCTTACTTTGGGTTTGTGGAAGAATTTCGTCCAAAGGCCTTTTTGATCGAGAACGTTGTAGGTCTGTTGTCCATGAGTGGTGGGGCGGTCCTGGCTGACATGGTAGCACGTGCTGAAGCTCTGGGGTATGCTGCCGATGTTGTAACCTTGGACGCATGCGAATACGGCGTACCGCAGCACCGTCGCCGCGTGTTCATCTTTGGTGCGGCGGATGGGCAGCGCATCGACCCGCCCCAGCCGTCGCACGTAAACGGAAAGCGCAGTGGCGTAGTCTTGAATGACCAGCCATCTTTGTTTTTCGATGGGCCAAGCATCCAACCAGCTTTAACGGTGCGCGACGCCATTAGCGACCTTGAGACGAGGCTAGGTGGAGGCTCAGTG,958,972,non-clonal
pSHPs0220B292296MU,H2,sacB-AgeI_2,16,OI_5a79fec65d51e30030d8505a,CGTCTCAACCTTCCCGATGAAGTCTTAGTGCCTCGTGATACTCAGAAACCCATGGAGTACCCCGAACCGCCAAAGACAGAATACCAGCGTCTTATGCGTGGTAACAGCACCGAGCTTACCCACCATTCAGCCAAGCGTATGCTTGGCATTCGCCGTTTGCGCTTAGCAATGCTTCACCCCGGCGACTATGGAACGAAAATCGAAGAACGCCTTGCGGATGGTGGCTTAAACGACGAACTGATTGATCTTATGATGGGCGGGGCAGGGATGCGCGACGCTGCGGAATGTCGCACTCAGGACCGTGAAAAGGAGGCGGCCCTGCGCGAGGTGTTGAAAGGAGGGCATACCACACCGGCCAAAGTGATGGAGTTCCTGGACTCGCAGGGTTTTGCCAACAAGTACCGCCGCTTACGCTGGGATGCTCCCTCTCACACAGTCGTCGCTCACATGGCGCGTGATTGTTCAGACTTCGTGCACCCAGGCATCGACCGTTTCGTGTCCGTGCGTGAAGCTGCACGCTTTCAGTCGTTTCCAGACACGTACCGCTTCCCTGGCTCACAGTTCCGCCAGTTTCGCCAAATCGGCAACGCGGTGCCCCCATTGTTGGGCCGCGCCATGGCTGAAACGATTAAAGTTGCCATTAGTTAACGCGGCTATGGCAGCAAGGGGGTTTAAGATATGAACATCAAAAAGTTTGCAAAACAAGCAACAGTATTAACCTTTACTACCGCACTGCTGGCAGGAGGCGCAACTCAAGCGTTTGCGAAAGAAACGAACCAAAAGCCATATAAGGAAACATACGGCATTTCCCATATTACACGCCATGATATGCTGCAAATCCCTGAACAGCAAAAAAATGAAAAATATCAAGTTCCTGAGTTCGATTCGTCCACAATTAAAAATATCTCTTCTGCAAAAGGCCTGGACGTTTGGGACAGCTGGCCATTACAAAACGCTGACGGCACTGTCGCAAACTATCACGGCTACCACATCGTCTTTGCATTAGCCGGAGATCCTAAAAATGCGGATGACACATCGATTTACATGTTCTATCAAAAAGTCGGCGAAACTTCTATTGACAGCTGGAAAAACGCTGGCCGCGTCTTTAAAGACAGCGACAAATTCGATGCAAATGATTCTATCCTAAAAGACCAAACACAAGAATGGTCAGGTTCAGCCACATTTACATCTGACGGAAAAATCCGTTTATTCTACACTGATTTCTCCGGTAAACATTACGGCAAACAAACACTGACAACTGCACAAGTTAACGTATCAGCATCAGACAGCTCTTTGAACATCAACGGTGTAGTGAGACG,1319,Pass,GAAGTGCCATTCCGCCTGACCTCGTCTCAACCTTCCCGATGAAGTCTTAGTGCCTCGTGATACTCAGAAACCCATGGAGTACCCCGAACCGCCAAAGACAGAATACCAGCGTCTTATGCGTGGTAACAGCACCGAGCTTACCCACCATTCAGCCAAGCGTATGCTTGGCATTCGCCGTTTGCGCTTAGCAATGCTTCACCCCGGCGACTATGGAACGAAAATCGAAGAACGCCTTGCGGATGGTGGCTTAAACGACGAACTGATTGATCTTATGATGGGCGGGGCAGGGATGCGCGACGCTGCGGAATGTCGCACTCAGGACCGTGAAAAGGAGGCGGCCCTGCGCGAGGTGTTGAAAGGAGGGCATACCACACCGGCCAAAGTGATGGAGTTCCTGGACTCGCAGGGTTTTGCCAACAAGTACCGCCGCTTACGCTGGGATGCTCCCTCTCACACAGTCGTCGCTCACATGGCGCGTGATTGTTCAGACTTCGTGCACCCAGGCATCGACCGTTTCGTGTCCGTGCGTGAAGCTGCACGCTTTCAGTCGTTTCCAGACACGTACCGCTTCCCTGGCTCACAGTTCCGCCAGTTTCGCCAAATCGGCAACGCGGTGCCCCCATTGTTGGGCCGCGCCATGGCTGAAACGATTAAAGTTGCCATTAGTTAACGCGGCTATGGCAGCAAGGGGGTTTAAGATATGAACATCAAAAAGTTTGCAAAACAAGCAACAGTATTAACCTTTACTACCGCACTGCTGGCAGGAGGCGCAACTCAAGCGTTTGCGAAAGAAACGAACCAAAAGCCATATAAGGAAACATACGGCATTTCCCATATTACACGCCATGATATGCTGCAAATCCCTGAACAGCAAAAAAATGAAAAATATCAAGTTCCTGAGTTCGATTCGTCCACAATTAAAAATATCTCTTCTGCAAAAGGCCTGGACGTTTGGGACAGCTGGCCATTACAAAACGCTGACGGCACTGTCGCAAACTATCACGGCTACCACATCGTCTTTGCATTAGCCGGAGATCCTAAAAATGCGGATGACACATCGATTTACATGTTCTATCAAAAAGTCGGCGAAACTTCTATTGACAGCTGGAAAAACGCTGGCCGCGTCTTTAAAGACAGCGACAAATTCGATGCAAATGATTCTATCCTAAAAGACCAAACACAAGAATGGTCAGGTTCAGCCACATTTACATCTGACGGAAAAATCCGTTTATTCTACACTGATTTCTCCGGTAAACATTACGGCAAACAAACACTGACAACTGCACAAGTTAACGTATCAGCATCAGACAGCTCTTTGAACATCAACGGTGTAGTGAGACGAGGCTAGGTGGAGGCTCAGTG,1362,1064,non-clonal
pSHPs0220B292296MU,A3,sacB-AgeI_3,17,OI_5a79fec65d51e30030d8505b,CGTCTCAGTAGAGGATTATAAATCAATCTTTGACGGTGACGGAAAAACGTATCAAAATGTACAGCAGTTCATCGATGAAGGCAACTACAGCTCAGGCGACAACCATACGCTGAGAGATCCTCACTACGTAGAAGATAAAGGCCACAAATACTTAGTATTTGAAGCAAACACTGGAACTGAAGATGGCTACCAAGGCGAAGAATCTTTATTTAACAAAGCATACTATGGCAAAAGCACATCATTCTTCCGTCAAGAAAGTCAAAAACTTCTGCAAAGCGATAAAAAACGCACGGCTGAGTTAGCAAACGGCGCTCTCGGTATGATTGAGCTAAACGATGATTACACACTGAAAAAAGTGATGAAACCGCTGATTGCATCTAACACAGTAACAGATGAAATTGAACGCGCGAACGTCTTTAAAATGAACGGCAAATGGTACCTGTTCACTGACTCCCGCGGATCAAAAATGACGATTGACGGCATTACGTCTAACGATATTTACATGCTTGGTTATGTTTCTAATTCTTTAACTGGCCCATACAAGCCGCTGAACAAAACTGGCCTTGTGTTAAAAATGGATCTTGATCCTAACGATGTAACCTTTACTTACTCACACTTCGCTGTACCTCAAGCGAAAGGAAACAATGTCGTGATTACAAGCTATATGACAAACAGAGGATTCTACGCAGACAAACAATCAACGTTTGCGCCAAGCTTCCTGCTGAACATCAAAGGCAAGAAAACATCTGTTGTCAAAGACAGCATCCTTGAACAAGGACAATTAACAGTTAACAAATAAAAACGCAAAAGAAAATGCCGTAACGCTGATAGTGCTAGTGTAGATCGCTACTAGAGCCAGGCATCAAATAAAACGAAAGGCTCAGTCGAAAGACTGGGCCTTTCGTTTTATCTGTTGTTTGTCGGTGAACGCTCTCTACTAGAGTCACACTGGCTCACCTTCGGGTGGGCCTTTCTGCGTTTATATCCGGTCTCACGCTCATCGCTCGCTAGAGACG,1016,Pass,GAAGTGCCATTCCGCCTGACCTCGTCTCAGTAGAGGATTATAAATCAATCTTTGACGGTGACGGAAAAACGTATCAAAATGTACAGCAGTTCATCGATGAAGGCAACTACAGCTCAGGCGACAACCATACGCTGAGAGATCCTCACTACGTAGAAGATAAAGGCCACAAATACTTAGTATTTGAAGCAAACACTGGAACTGAAGATGGCTACCAAGGCGAAGAATCTTTATTTAACAAAGCATACTATGGCAAAAGCACATCATTCTTCCGTCAAGAAAGTCAAAAACTTCTGCAAAGCGATAAAAAACGCACGGCTGAGTTAGCAAACGGCGCTCTCGGTATGATTGAGCTAAACGATGATTACACACTGAAAAAAGTGATGAAACCGCTGATTGCATCTAACACAGTAACAGATGAAATTGAACGCGCGAACGTCTTTAAAATGAACGGCAAATGGTACCTGTTCACTGACTCCCGCGGATCAAAAATGACGATTGACGGCATTACGTCTAACGATATTTACATGCTTGGTTATGTTTCTAATTCTTTAACTGGCCCATACAAGCCGCTGAACAAAACTGGCCTTGTGTTAAAAATGGATCTTGATCCTAACGATGTAACCTTTACTTACTCACACTTCGCTGTACCTCAAGCGAAAGGAAACAATGTCGTGATTACAAGCTATATGACAAACAGAGGATTCTACGCAGACAAACAATCAACGTTTGCGCCAAGCTTCCTGCTGAACATCAAAGGCAAGAAAACATCTGTTGTCAAAGACAGCATCCTTGAACAAGGACAATTAACAGTTAACAAATAAAAACGCAAAAGAAAATGCCGTAACGCTGATAGTGCTAGTGTAGATCGCTACTAGAGCCAGGCATCAAATAAAACGAAAGGCTCAGTCGAAAGACTGGGCCTTTCGTTTTATCTGTTGTTTGTCGGTGAACGCTCTCTACTAGAGTCACACTGGCTCACCTTCGGGTGGGCCTTTCTGCGTTTATATCCGGTCTCACGCTCATCGCTCGCTAGAGACGAGGCTAGGTGGAGGCTCAGTG,1059,1094,non-clonal
pSHPs0220B292296MU,B3,XFP-AgeIM_2,18,OI_5a79fec65d51e30030d8505c,CGTCTCCGCGGCTATGGCAGCAAGGGGGTTTAAGATATGAAAACTATTGACTTATTCTGCGGTGCTGGTGGGTTAGGCGAAGGATTTCGTCAGGCTGGTTTTTCTGCGCTTTACGCAAATGACCACGAAACCCCAGCCTTAGCGACGTATAAGGAAAATCATCCAGATGCTGTCTGTTCCACAGATAGTATTGAAACGGTAGATCCAAAGAAAATCCGTGAGGACTTGGGCGTTGCCCCGGGGCAAGTTGATGTAGTAATGGGCGGGCCACCTTGCCAGGGATTCTCGACCTATGGCCAGCGTCGTGATGACGACGCTCGTAATCAACTTTACGTTCCTTACTTTGGGTTTGTGGAAGAATTTCGTCCAAAGGCCTTTTTGATCGAGAACGTTGTAGGTCTGTTGTCCATGAGTGGTGGGGCGGTCCTGGCTGACATGGTAGCACGTGCTGAAGCTCTGGGGTATGCTGCCGATGTTGTAACCTTGGACGCATGCGAATACGGCGTACCGCAGCACCGTCGCCGCGTGTTCATCTTTGGTGCGGCGGATGGGCAGCGCATCGACCCGCCCCAGCCGTCGCACGTAAACGGAAAGCGCAGTGGCGTAGTCTTGAATGACCAGCCATCTTTGTTTTTCGATGGGCCAAGCATCCAACCAGCTTTAACGGTGCGCGACGCCATTAGCGACCTTCCCGATGAAGTCTTAGTGCCTCGTGATACTCAGAAACCCATGGAGTACCCCGAACCGCCAAAGACAGAATACCAGCGTCTTATGCGTGGTAACAGCACCGAGCTTACCCACCATTCAGCCAAGCGTATGCTTGGCATTCGCCGTTTGCGCTTAGCAATGCTTCACCCCGGCGACTATGGAACGAAAATCGAAGAACGCCTTGCGGATGGTGGCTTAAACGACGAACTGATTGATCTTATGATGGGCGGGGCAGGGATGCGCGACGCTGCGGAATGTCGCACTCAGGACCGTGAAAAGGAGGCGGCCCTGCGCGAGGTGTTGAAAGGAGGGCATACCACACCGGCCAAAGTGATGGAGTTCCTGGACTCGCAGGGTTTTGCCAACAAGTACCGCCGCTTACGCTGGGATGCTCCCTCTCACACAGTCGTCGCTCACATGGCGCGTGATTGTTCAGACTTCGTGCACCCAGGCATCGACCGTTTCGTGTCCGTGCGTGAAGCTGCACGCTTTCAGTCGTTTCCAGACACGTACCGCTTCCCTGGCTCACAGTTCCGCCAGTTTCGCCAAATCGGCAACGCGGTGCCCCCATTGTTGGGCCGCGCCATGGCTGAAACGATTAAAGTTGCCATTAGTTAAAAACGCAAAAGAAAATGCCGTAACGCTGATAGTGCTAGTGTAGATCGCTACTAGAGCCAGGCATCAAATAAAACGAAAGGCTCAGTCGAAAGACTGGGCCTTTCGTTTTATCTGTTGTTTGTCGGTGAACGCTCTCTACTAGAGTCACACTGGCTCACCTTCGGGTGGGCCTTTCTGCGTTTATATCCGGTCTCACGCTCATCGCTCGCTAGAGACG,1543,Pass,GAAGTGCCATTCCGCCTGACCTCGTCTCCGCGGCTATGGCAGCAAGGGGGTTTAAGATATGAAAACTATTGACTTATTCTGCGGTGCTGGTGGGTTAGGCGAAGGATTTCGTCAGGCTGGTTTTTCTGCGCTTTACGCAAATGACCACGAAACCCCAGCCTTAGCGACGTATAAGGAAAATCATCCAGATGCTGTCTGTTCCACAGATAGTATTGAAACGGTAGATCCAAAGAAAATCCGTGAGGACTTGGGCGTTGCCCCGGGGCAAGTTGATGTAGTAATGGGCGGGCCACCTTGCCAGGGATTCTCGACCTATGGCCAGCGTCGTGATGACGACGCTCGTAATCAACTTTACGTTCCTTACTTTGGGTTTGTGGAAGAATTTCGTCCAAAGGCCTTTTTGATCGAGAACGTTGTAGGTCTGTTGTCCATGAGTGGTGGGGCGGTCCTGGCTGACATGGTAGCACGTGCTGAAGCTCTGGGGTATGCTGCCGATGTTGTAACCTTGGACGCATGCGAATACGGCGTACCGCAGCACCGTCGCCGCGTGTTCATCTTTGGTGCGGCGGATGGGCAGCGCATCGACCCGCCCCAGCCGTCGCACGTAAACGGAAAGCGCAGTGGCGTAGTCTTGAATGACCAGCCATCTTTGTTTTTCGATGGGCCAAGCATCCAACCAGCTTTAACGGTGCGCGACGCCATTAGCGACCTTCCCGATGAAGTCTTAGTGCCTCGTGATACTCAGAAACCCATGGAGTACCCCGAACCGCCAAAGACAGAATACCAGCGTCTTATGCGTGGTAACAGCACCGAGCTTACCCACCATTCAGCCAAGCGTATGCTTGGCATTCGCCGTTTGCGCTTAGCAATGCTTCACCCCGGCGACTATGGAACGAAAATCGAAGAACGCCTTGCGGATGGTGGCTTAAACGACGAACTGATTGATCTTATGATGGGCGGGGCAGGGATGCGCGACGCTGCGGAATGTCGCACTCAGGACCGTGAAAAGGAGGCGGCCCTGCGCGAGGTGTTGAAAGGAGGGCATACCACACCGGCCAAAGTGATGGAGTTCCTGGACTCGCAGGGTTTTGCCAACAAGTACCGCCGCTTACGCTGGGATGCTCCCTCTCACACAGTCGTCGCTCACATGGCGCGTGATTGTTCAGACTTCGTGCACCCAGGCATCGACCGTTTCGTGTCCGTGCGTGAAGCTGCACGCTTTCAGTCGTTTCCAGACACGTACCGCTTCCCTGGCTCACAGTTCCGCCAGTTTCGCCAAATCGGCAACGCGGTGCCCCCATTGTTGGGCCGCGCCATGGCTGAAACGATTAAAGTTGCCATTAGTTAAAAACGCAAAAGAAAATGCCGTAACGCTGATAGTGCTAGTGTAGATCGCTACTAGAGCCAGGCATCAAATAAAACGAAAGGCTCAGTCGAAAGACTGGGCCTTTCGTTTTATCTGTTGTTTGTCGGTGAACGCTCTCTACTAGAGTCACACTGGCTCACCTTCGGGTGGGCCTTTCTGCGTTTATATCCGGTCTCACGCTCATCGCTCGCTAGAGACGAGGCTAGGTGGAGGCTCAGTG,1586,988,non-clonal
pSHPs0220B292296MU,C3,pOpen_linker-ori,19,OI_5a79fec65d51e30030d8505d,GAAGACTAGATGTTGAAGATTAGAGAGCGATGCGCCGTCTCACGCTTACTAGTTCCTGCAGGGCTCGAGGTGTCAATCGTCGGAGCCGCTGAGCAATAACTAGCATAACCCCTTGGGGCCTCTAAACGGGTCTTGAGGGGTTTTTTGCATGGTCATAGCTGTTTCCTGAGAGCTTGGCAGGTGATGACACACATTAACAAATTTCGTGAGGAGTCTCCAGAAGAATGCCATTAATTTCCATAGGCTCCGCCCCCCTGACGAGCATCACAAAAATCGACGCTCAAGTCAGAGGTGGCGAAACCCGACAGGACTATAAAGATACCAGGCGTTTCCCCCTGGAAGCTCCCTCGTGCGCTCTCCTGTTCCGACCCTGCCGCTTACCGGATACCTGTCCGCCTTTCTCCCTTCGGGAAGCGTGGCGCTTTCTCATAGCTCACGCTGTAGGTATCTCAGTTCGGTGTAGGTCGTTCGCTCCAAGCTGGGCTGTGTGCACGAACCCCCCGTTCAGCCCGACCGCTGCGCCTTATCCGGTAACTATCGTCTTGAGTCCAACCCGGTAAGACACGACTTATCGCCACTGGCAGCAGCCACTGGTAACAGGATTAGCAGAGCGAGGTATGTAGGCGGTGCTACAGAGTTCTTGAAGTGGTGGCCTAACTACGGCTACACTAGAAGAACAGTATTTGGTATCTGCGCTCTGCTGAAGCCAGTTACCTTCGGAAAAAGAGTTGGTAGCTCTTGATCCGGCAAACAAACCACCGCTGGTAGCGGTGGTTTTTTTGTTTGCAAGCAGCAGATTACGCGCAGAAAAAAAGGATCTCAAGAAGATCCTTTGATCTTTTCTACGGGGTCTGACGCTCAGTGGAACGAAAACTCACGTTAAGGGATTTTGGTCATGAGATTATCAAAAAGGATCTTCACCTAGATCCTTTTAAATTAAAAATGAAGTTTTAAATCAATCTAAAGTATATATGAGTAAACTTGGTCTGACAGACCGTAGTCTTC,1005,Pass,GAAGTGCCATTCCGCCTGACCTGAAGACTAGATGTTGAAGATTAGAGAGCGATGCGCCGTCTCACGCTTACTAGTTCCTGCAGGGCTCGAGGTGTCAATCGTCGGAGCCGCTGAGCAATAACTAGCATAACCCCTTGGGGCCTCTAAACGGGTCTTGAGGGGTTTTTTGCATGGTCATAGCTGTTTCCTGAGAGCTTGGCAGGTGATGACACACATTAACAAATTTCGTGAGGAGTCTCCAGAAGAATGCCATTAATTTCCATAGGCTCCGCCCCCCTGACGAGCATCACAAAAATCGACGCTCAAGTCAGAGGTGGCGAAACCCGACAGGACTATAAAGATACCAGGCGTTTCCCCCTGGAAGCTCCCTCGTGCGCTCTCCTGTTCCGACCCTGCCGCTTACCGGATACCTGTCCGCCTTTCTCCCTTCGGGAAGCGTGGCGCTTTCTCATAGCTCACGCTGTAGGTATCTCAGTTCGGTGTAGGTCGTTCGCTCCAAGCTGGGCTGTGTGCACGAACCCCCCGTTCAGCCCGACCGCTGCGCCTTATCCGGTAACTATCGTCTTGAGTCCAACCCGGTAAGACACGACTTATCGCCACTGGCAGCAGCCACTGGTAACAGGATTAGCAGAGCGAGGTATGTAGGCGGTGCTACAGAGTTCTTGAAGTGGTGGCCTAACTACGGCTACACTAGAAGAACAGTATTTGGTATCTGCGCTCTGCTGAAGCCAGTTACCTTCGGAAAAAGAGTTGGTAGCTCTTGATCCGGCAAACAAACCACCGCTGGTAGCGGTGGTTTTTTTGTTTGCAAGCAGCAGATTACGCGCAGAAAAAAAGGATCTCAAGAAGATCCTTTGATCTTTTCTACGGGGTCTGACGCTCAGTGGAACGAAAACTCACGTTAAGGGATTTTGGTCATGAGATTATCAAAAAGGATCTTCACCTAGATCCTTTTAAATTAAAAATGAAGTTTTAAATCAATCTAAAGTATATATGAGTAAACTTGGTCTGACAGACCGTAGTCTTCAGGCTAGGTGGAGGCTCAGTG,1048,1092,non-clonal
pSHPs0220B292296MU,D3,pOpen_linker-MspIM,20,OI_5a79fec65d51e30030d8505e,GAAGACTAACCGGTTCACACCAGCTCAAGCTCAAAGTTTTCTTGGGGGGATTGCTGGTTGACTGTTTTCAGGGCCAGAGAGATTTGTTCCGCGATTTTGGTAACGACCGGAACCACCACAGAGTTCCCCATCTGACGATACATTTGAGTGCGAGAAACAGGAATTACAAAATCTTTAGGGAAACCCATGATAGCTTTACACTCGTTCGTCGTAAGCAGGCGGATGCCTGTCTCTCCGTCTTTTACAAACGTCCCTGTCAGACGTTGGATTTTGTGATAAGTAGAAACAAGTGTTTTCACTGCACCTGTGGTGTTCTTGTCGATCAGGGATGGCTTTCCGTCATCTTTCTTAAACAGGTAAGACTTTTGCAGATGCTCGGAAATAGAGTATCCCGTAACATCTGATTCCAGTACCTCACCAATGTCCTTAGAGATCATCGGCGGCTTTGGAAACTCAAAATGAATATTTTGATTAAGGAAGGCTACCAGGTAAAAGCGTTTACGCTTCTGGGGGATGCCGAAGTGGGATGCATCAAGAACAGTATGATGGACCTTATATCCCATATCTTCCAGGGTTTCGATAATTACCTTCAGTGTATTGCCGTCATCATGGTTAATAAGCCCAGGGACGTTCTCAAGGAAAAGGACGGGCGTTTTTTTTGTTTCGATAATGCGAACGATCTCGTGAAACATTGTGCCTTGGGTTGGGTGTTCGAACCCTTCACGCTTCCCGATATGTGAGAAGGGTTGGCAAGGGAAGCCGGCGCACAGAATATCATGCTGAGGAATGGTCGTCGCTTCAACTTTAGTAATATCTCCAAAAGGCACCACGCCGAAATTAGTATAATAGGTAAACTTAGCAAACGGGTCAATTTCAGAAGAAAATACACACTTCCCTCCGTTCACCTCAAAGGACTGGCGGATTCCACCGATTCCAGAAAAAAGATCAATAAACTTAAAGTCCGACGAATAAGCATCTTTACGCTCCTCGATGTGAGTAATCTCTGCCAGTTCTTCAGCGTTCTTAGTAATTTGGTTTTGGTTATACTTGTCAAAGATTTTCTTTTGCAGGGTCTTTTGCGCTGACAGTTCCTCAAAATTAATCTTATCTTTCAGCTTTTCTTGCAGAAAGGAATAATAGGCAGGATGCATTTCAGTTTTACCGGACTCCCACTGTTGCCAGGTTTTATCGGAAACCTCAATAATCTCAGAGGCCTGCTTTTGGGTAAGGTCCAGTTTAGAACGAATCAGCTTCAGAATTTCCGGCTTCATGGTTTTGTCTCCTTGGGTATAGCTAATTCCATAGTCTTC,1310,Pass,GAAGTGCCATTCCGCCTGACCTGAAGACTAACCGGTTCACACCAGCTCAAGCTCAAAGTTTTCTTGGGGGGATTGCTGGTTGACTGTTTTCAGGGCCAGAGAGATTTGTTCCGCGATTTTGGTAACGACCGGAACCACCACAGAGTTCCCCATCTGACGATACATTTGAGTGCGAGAAACAGGAATTACAAAATCTTTAGGGAAACCCATGATAGCTTTACACTCGTTCGTCGTAAGCAGGCGGATGCCTGTCTCTCCGTCTTTTACAAACGTCCCTGTCAGACGTTGGATTTTGTGATAAGTAGAAACAAGTGTTTTCACTGCACCTGTGGTGTTCTTGTCGATCAGGGATGGCTTTCCGTCATCTTTCTTAAACAGGTAAGACTTTTGCAGATGCTCGGAAATAGAGTATCCCGTAACATCTGATTCCAGTACCTCACCAATGTCCTTAGAGATCATCGGCGGCTTTGGAAACTCAAAATGAATATTTTGATTAAGGAAGGCTACCAGGTAAAAGCGTTTACGCTTCTGGGGGATGCCGAAGTGGGATGCATCAAGAACAGTATGATGGACCTTATATCCCATATCTTCCAGGGTTTCGATAATTACCTTCAGTGTATTGCCGTCATCATGGTTAATAAGCCCAGGGACGTTCTCAAGGAAAAGGACGGGCGTTTTTTTTGTTTCGATAATGCGAACGATCTCGTGAAACATTGTGCCTTGGGTTGGGTGTTCGAACCCTTCACGCTTCCCGATATGTGAGAAGGGTTGGCAAGGGAAGCCGGCGCACAGAATATCATGCTGAGGAATGGTCGTCGCTTCAACTTTAGTAATATCTCCAAAAGGCACCACGCCGAAATTAGTATAATAGGTAAACTTAGCAAACGGGTCAATTTCAGAAGAAAATACACACTTCCCTCCGTTCACCTCAAAGGACTGGCGGATTCCACCGATTCCAGAAAAAAGATCAATAAACTTAAAGTCCGACGAATAAGCATCTTTACGCTCCTCGATGTGAGTAATCTCTGCCAGTTCTTCAGCGTTCTTAGTAATTTGGTTTTGGTTATACTTGTCAAAGATTTTCTTTTGCAGGGTCTTTTGCGCTGACAGTTCCTCAAAATTAATCTTATCTTTCAGCTTTTCTTGCAGAAAGGAATAATAGGCAGGATGCATTTCAGTTTTACCGGACTCCCACTGTTGCCAGGTTTTATCGGAAACCTCAATAATCTCAGAGGCCTGCTTTTGGGTAAGGTCCAGTTTAGAACGAATCAGCTTCAGAATTTCCGGCTTCATGGTTTTGTCTCCTTGGGTATAGCTAATTCCATAGTCTTCAGGCTAGGTGGAGGCTCAGTG,1353,1111,non-clonal
pSHPs0220B292296MU,E3,pOpen_linker-kan,21,OI_5a79fec65d51e30030d8505f,GAAGACTATCCACAAGCGAGCTCGGTACTAAAACAATTCATCCAGTAAAATATAATATTTTATTTTCTCCCAATCAGGCTTGATCCCCAGTAAGTCAAAAAATAGCTCGACATACTGTTCTTCCCCGATATCCTCCCTGATCGACCGGACGCAGAAGGCAATGTCATACCACTTGTCCGCCCTGCCGCTTCTCCCAAGATCAATAAAGCCACTTACTTTGCCATCTTTCACAAAGATGTTGCTGTCTCCCAGGTCGCCGTGGGAAAAGACAAGTTCCTCTTCGGGCTTTTCCGTCTTTAAAAAATCATACAGCTCGCGCGGATCTTTAAATGGAGTGTCCTCTTCCCAGTTTTCGCAATCCACATCGGCCAGATCGTTATTCAGTAAGTAATCCAATTCGGCTAAGCGGCCGTCTAAGCTATTCGTATAGGGACAATCCGATATGTCGATGGAGTGAAAGAGCCTGATGCACTCCGCATACAGCTCGATAGTCTTTTCAGGGCTTTGTTCATCTTCATACCCTTCCGAGCAAAGGACGCCATCGGCCTCACTCATGAGCAGATTGCTCCAGCCATCATGCCGTTCAAAGTGCAGGACCTTTGGAACAGGCAGCTTTCCTTCCAGCCATAGCATCATGTCCTTTTCCCGTTCCACATCATAGGTGGTCCCTTTATACCGGCTGTCCGTCATTTTTAAATATAGGATTTCATTTTCTCCCACCAGCTTATATACCTTAGCAGGAGACATTCCTTCCGTATCTTTTACGCAGCGGTATTCTTCGATCAGTTTTTTCAATTCCGGTGATATTCTCATTTTAGCCATTTATTATTTCCTTCCTCTTTTCTACAGTATTTAAAGATACCCCAAGAAGCTAATTATAACAAGACGAACTCCAATTCACTGTTCCTTGCATTCTAAAACCTTAAATACAGAAAACAGCCTTTTCAAAGTTGTTTTCAAAGTTGGCGTATAACATAGTATCGACGGAGCCGATTTTGAAACCACAATTATGATAGAATTTGACGTCCACCTGCACCAGTCAGTAAAACGACGGCCAGTAGTCAAAAGCCTCCGACCGGAGGCTTTTGACTTGGTCAGGTGGAGTGAATTCGCGGCCGCTTCTAGAGGGAGTAGTCTTC,1139,Pass,GAAGTGCCATTCCGCCTGACCTGAAGACTATCCACAAGCGAGCTCGGTACTAAAACAATTCATCCAGTAAAATATAATATTTTATTTTCTCCCAATCAGGCTTGATCCCCAGTAAGTCAAAAAATAGCTCGACATACTGTTCTTCCCCGATATCCTCCCTGATCGACCGGACGCAGAAGGCAATGTCATACCACTTGTCCGCCCTGCCGCTTCTCCCAAGATCAATAAAGCCACTTACTTTGCCATCTTTCACAAAGATGTTGCTGTCTCCCAGGTCGCCGTGGGAAAAGACAAGTTCCTCTTCGGGCTTTTCCGTCTTTAAAAAATCATACAGCTCGCGCGGATCTTTAAATGGAGTGTCCTCTTCCCAGTTTTCGCAATCCACATCGGCCAGATCGTTATTCAGTAAGTAATCCAATTCGGCTAAGCGGCCGTCTAAGCTATTCGTATAGGGACAATCCGATATGTCGATGGAGTGAAAGAGCCTGATGCACTCCGCATACAGCTCGATAGTCTTTTCAGGGCTTTGTTCATCTTCATACCCTTCCGAGCAAAGGACGCCATCGGCCTCACTCATGAGCAGATTGCTCCAGCCATCATGCCGTTCAAAGTGCAGGACCTTTGGAACAGGCAGCTTTCCTTCCAGCCATAGCATCATGTCCTTTTCCCGTTCCACATCATAGGTGGTCCCTTTATACCGGCTGTCCGTCATTTTTAAATATAGGATTTCATTTTCTCCCACCAGCTTATATACCTTAGCAGGAGACATTCCTTCCGTATCTTTTACGCAGCGGTATTCTTCGATCAGTTTTTTCAATTCCGGTGATATTCTCATTTTAGCCATTTATTATTTCCTTCCTCTTTTCTACAGTATTTAAAGATACCCCAAGAAGCTAATTATAACAAGACGAACTCCAATTCACTGTTCCTTGCATTCTAAAACCTTAAATACAGAAAACAGCCTTTTCAAAGTTGTTTTCAAAGTTGGCGTATAACATAGTATCGACGGAGCCGATTTTGAAACCACAATTATGATAGAATTTGACGTCCACCTGCACCAGTCAGTAAAACGACGGCCAGTAGTCAAAAGCCTCCGACCGGAGGCTTTTGACTTGGTCAGGTGGAGTGAATTCGCGGCCGCTTCTAGAGGGAGTAGTCTTCAGGCTAGGTGGAGGCTCAGTG,1182,977,non-clonal
pSHPs0220B292296MU,F3,pOpen_linker-amp,22,OI_5a79fec65d51e30030d85060,GAAGACTATCCATTACCAATGCTTAATCAGTGAGGCACCTATCTCAGCGATCTGTCTATTTCGTTCATCCATAGTTGCCTGACTCCCCGTCGTGTAGATAACTACGATACGGGAGGGCTTACCATCTGGCCCCAGTGCTGCAATGATACCGCGAGAACCACGCTCACCGGCTCCAGATTTATCAGCAATAAACCAGCCAGCCGGAAGGGCCGAGCGCAGAAGTGGTCCTGCAACTTTATCCGCCTCCATCCAGTCTATTAATTGTTGCCGGGAAGCTAGAGTAAGTAGTTCGCCAGTTAATAGTTTGCGCAACGTTGTTGCCATTGCTACAGGCATCGTGGTGTCACGCTCGTCGTTTGGTATGGCTTCATTCAGCTCCGGTTCCCAACGATCAAGGCGAGTTACATGATCCCCCATGTTGTGCAAAAAAGCGGTTAGCTCCTTCGGTCCTCCGATCGTTGTCAGAAGTAAGTTGGCCGCAGTGTTATCACTCATGGTTATGGCAGCACTGCATAATTCTCTTACTGTCATGCCATCCGTAAGATGCTTTTCTGTGACTGGTGAGTACTCAACCAAGTCATTCTGAGAATAGTGTATGCGGCGACCGAGTTGCTCTTGCCCGGCGTCAATACGGGATAATACCGCGCCACATAGCAGAACTTTAAAAGTGCTCATCATTGGAAAACGTTCTTCGGGGCGAAAACTCTCAAGGATCTTACCGCTGTTGAGATCCAGTTCGATGTAACCCACTCGTGCACCCAACTGATCTTCAGCATCTTTTACTTTCACCAGCGTTTCTGGGTGAGCAAAAACAGGAAGGCAAAATGCCGCAAAAAAGGGAATAAGGGCGACACGGAAATGTTGAATACTCATACTCTTCCTTTTTCAATATTATTGAAGCATTTATCAGGGTTATTGTCTCATGAGCGGATACATATTTGAATGTATTTAGAAAAATAAACAAATAGGGGTTCCGCGCACCTGCACCAGTCAGTAAAACGACGGCCAGTAGTCAAAAGCCTCCGACCGGAGGCTTTTGACTTGGTCAGGTGGAGTGAATTCGCGGCCGCTTCTAGAGGGAGTAGTCTTC,1090,Pass,GAAGTGCCATTCCGCCTGACCTGAAGACTATCCATTACCAATGCTTAATCAGTGAGGCACCTATCTCAGCGATCTGTCTATTTCGTTCATCCATAGTTGCCTGACTCCCCGTCGTGTAGATAACTACGATACGGGAGGGCTTACCATCTGGCCCCAGTGCTGCAATGATACCGCGAGAACCACGCTCACCGGCTCCAGATTTATCAGCAATAAACCAGCCAGCCGGAAGGGCCGAGCGCAGAAGTGGTCCTGCAACTTTATCCGCCTCCATCCAGTCTATTAATTGTTGCCGGGAAGCTAGAGTAAGTAGTTCGCCAGTTAATAGTTTGCGCAACGTTGTTGCCATTGCTACAGGCATCGTGGTGTCACGCTCGTCGTTTGGTATGGCTTCATTCAGCTCCGGTTCCCAACGATCAAGGCGAGTTACATGATCCCCCATGTTGTGCAAAAAAGCGGTTAGCTCCTTCGGTCCTCCGATCGTTGTCAGAAGTAAGTTGGCCGCAGTGTTATCACTCATGGTTATGGCAGCACTGCATAATTCTCTTACTGTCATGCCATCCGTAAGATGCTTTTCTGTGACTGGTGAGTACTCAACCAAGTCATTCTGAGAATAGTGTATGCGGCGACCGAGTTGCTCTTGCCCGGCGTCAATACGGGATAATACCGCGCCACATAGCAGAACTTTAAAAGTGCTCATCATTGGAAAACGTTCTTCGGGGCGAAAACTCTCAAGGATCTTACCGCTGTTGAGATCCAGTTCGATGTAACCCACTCGTGCACCCAACTGATCTTCAGCATCTTTTACTTTCACCAGCGTTTCTGGGTGAGCAAAAACAGGAAGGCAAAATGCCGCAAAAAAGGGAATAAGGGCGACACGGAAATGTTGAATACTCATACTCTTCCTTTTTCAATATTATTGAAGCATTTATCAGGGTTATTGTCTCATGAGCGGATACATATTTGAATGTATTTAGAAAAATAAACAAATAGGGGTTCCGCGCACCTGCACCAGTCAGTAAAACGACGGCCAGTAGTCAAAAGCCTCCGACCGGAGGCTTTTGACTTGGTCAGGTGGAGTGAATTCGCGGCCGCTTCTAGAGGGAGTAGTCTTCAGGCTAGGTGGAGGCTCAGTG,1133,1025,non-clonal
pSHPs0220B292296MU,G3,pOpen_linker-ccdB,23,OI_5a79fec65d51e30030d85061,GAAGACTAGGAGCGAGACGGCGCATCGCCGCGTGGATCCGGCTTACTAAAAGCCAGATAACAGTATGCGTATTTGCGCGCTGATTTTTGCGGTATAAGAATATATACTGATATGTATACCCGAAGTATGTCAAAAAGAGGTATGCTATGAAGCAGCGTATTACAGTGACAGTTGACAGCGACAGCTATCAGTTGCTCAAGGCATATATGATGTCAATATCTCCGGTCTGGTAAGCACAACCATGCAGAATGAAGCCCGTCGTCTGCGTGCCGAACGCTGGAAAGCGGAAAATCAGGAAGGGATGGCTGAGGTCGCCCGGTTTATTGAAATGAACGGCTCTTTTGCTGACGAGAACAGGGGCTGGTGAAATGCAGTTTAAGGTTTACACCTATAAAAGAGAGAGCCGTTATCGTCTGTTTGTGGATGTACAGAGTGATATTATTGACACGCCCGGGCGACGGATGGTGATCCCCCTGGCCAGTGCACGTCTGCTGTCAGATAAAGTCTCCCGTGAACTTTACCCGGTGGTGCATATCGGGGATGAAAGCTGGCGCATGATGACCACCGATATGGCCAGTGTGCCGGTTTCCGTTATCGGGGAAGAAGTGGCTGATCTCAGCCACCGCGAAAATGACATCAAAAACGCCATTAACCTGATGTTCTGGGGAATATAAATGTCAGGCTCCCTTATACACAGGGATGTAGTCTTC,710,Pass,GAAGTGCCATTCCGCCTGACCTGAAGACTAGGAGCGAGACGGCGCATCGCCGCGTGGATCCGGCTTACTAAAAGCCAGATAACAGTATGCGTATTTGCGCGCTGATTTTTGCGGTATAAGAATATATACTGATATGTATACCCGAAGTATGTCAAAAAGAGGTATGCTATGAAGCAGCGTATTACAGTGACAGTTGACAGCGACAGCTATCAGTTGCTCAAGGCATATATGATGTCAATATCTCCGGTCTGGTAAGCACAACCATGCAGAATGAAGCCCGTCGTCTGCGTGCCGAACGCTGGAAAGCGGAAAATCAGGAAGGGATGGCTGAGGTCGCCCGGTTTATTGAAATGAACGGCTCTTTTGCTGACGAGAACAGGGGCTGGTGAAATGCAGTTTAAGGTTTACACCTATAAAAGAGAGAGCCGTTATCGTCTGTTTGTGGATGTACAGAGTGATATTATTGACACGCCCGGGCGACGGATGGTGATCCCCCTGGCCAGTGCACGTCTGCTGTCAGATAAAGTCTCCCGTGAACTTTACCCGGTGGTGCATATCGGGGATGAAAGCTGGCGCATGATGACCACCGATATGGCCAGTGTGCCGGTTTCCGTTATCGGGGAAGAAGTGGCTGATCTCAGCCACCGCGAAAATGACATCAAAAACGCCATTAACCTGATGTTCTGGGGAATATAAATGTCAGGCTCCCTTATACACAGGGATGTAGTCTTCAGGCTAGGTGGAGGCTCAGTG,753,873,non-clonal
pSHPs0220B292296MU,H3,Cb S-Linalool Synthase_2,25,OI_5a79fec65d51e30030d85063,GAAGACATCTAGAATGGATCATGTTGAAAATAGAATTTGGATTGAAGAAATTGCTTCTTCTGCTTTGTGGTTTGGTAAATCTTCTTATTTGAGATTGTCTTGTTTTCATAAAATGTCTTTGCAACAATTGGCTGTTAAAAATTATACTTTGAGACAATTGGTTTATAGAGATGAATTGGCTGAAGTTGAAAGATGGTCTAAAGAAAGAGGTTTGTGTGATATGGGTTTTTGTAGAGAAAAAACTGGTTATTGTTATTATGCTTTTGCTGCTTCTACTTGTTTGCCATGGTCATCTGATGTTAGATTGGTTTTGACTAAAGCTGCTGTTGTTATTACTGTTGCTGATGACTTTTTTGATGTTGAAGGTTCTATGGTTGATTTGGAAAAATTGACTGATGCTGTTAGAAGATGGGATGCTGAAGGTTTGGGTTCTCATTCTAAAACTATTTTTGAAGCTTTGGATGATTTGGTTAATGAAGTTAGATTGAAATGTTTTCAACAAAATGGTCAAGATATTAAAAATAATTTGCAACAATTGTGGTATGAAACTTTTCATTCTTGGTTGATGGAAGCTAAATGGGGTAAAGGTTTGACTTCTAAACCATCTGTTGATGTTTATTTGGGTAATGCTATGACTTCTATTGCTGCTCATACTATGGTTTTGACTGCTTCTTGTTTGTTGGGTCCAGGTTTTCCAGTTCATCAATTGTGGTCACAACGCAGACATCAAGATATTACTTCTTTGTTGATGGTTTTGACTAGATTGTTGAATGATATTCAATCTTATTTGAAAGAAGAAGATGAAGGTAAAATTAATTATGTTTGGATGTATATGATTGAAAATAATCAAGCTTCTATTGATGATTCTGTTAGACATGTTCAAACTATTATTAATGTTAAAAAACAAGAATTTATTCAAAGAGTTTTGTCTGATCAACATTGTAATTTGCCAAAATCTTTTAAACAATTGCATTTTTCTTGTTTGAAAGTTTTTAATATGTTTTTTAATTCTTCTAATATTTTTGATACTGATACTGATTTGTTGTTGGATATTCATGAAGCTTTTGTTTCTCCACCACAAGTTCCAAAATTTAAACCACATATTAAACCACCACATCAATTGCCAGCTACTTTGCAACCACCACATCAACCACAACAAATTATGGTTAATAAGAAAAAAGTTGAAATGGTTTATAAATCTTATCATCATCCATTTAAAGTTTTTACTTTGCAGAAAAAACAATCTTCTGGTCATGGTACTATGAATCCAAGAGCTTCTATTTTGGCTGGTCCAAATATTAAATTGTGTTTTTGAATCGTCTTC,1324,Pass,GAAGTGCCATTCCGCCTGACCTGAAGACATCTAGAATGGATCATGTTGAAAATAGAATTTGGATTGAAGAAATTGCTTCTTCTGCTTTGTGGTTTGGTAAATCTTCTTATTTGAGATTGTCTTGTTTTCATAAAATGTCTTTGCAACAATTGGCTGTTAAAAATTATACTTTGAGACAATTGGTTTATAGAGATGAATTGGCTGAAGTTGAAAGATGGTCTAAAGAAAGAGGTTTGTGTGATATGGGTTTTTGTAGAGAAAAAACTGGTTATTGTTATTATGCTTTTGCTGCTTCTACTTGTTTGCCATGGTCATCTGATGTTAGATTGGTTTTGACTAAAGCTGCTGTTGTTATTACTGTTGCTGATGACTTTTTTGATGTTGAAGGTTCTATGGTTGATTTGGAAAAATTGACTGATGCTGTTAGAAGATGGGATGCTGAAGGTTTGGGTTCTCATTCTAAAACTATTTTTGAAGCTTTGGATGATTTGGTTAATGAAGTTAGATTGAAATGTTTTCAACAAAATGGTCAAGATATTAAAAATAATTTGCAACAATTGTGGTATGAAACTTTTCATTCTTGGTTGATGGAAGCTAAATGGGGTAAAGGTTTGACTTCTAAACCATCTGTTGATGTTTATTTGGGTAATGCTATGACTTCTATTGCTGCTCATACTATGGTTTTGACTGCTTCTTGTTTGTTGGGTCCAGGTTTTCCAGTTCATCAATTGTGGTCACAACGCAGACATCAAGATATTACTTCTTTGTTGATGGTTTTGACTAGATTGTTGAATGATATTCAATCTTATTTGAAAGAAGAAGATGAAGGTAAAATTAATTATGTTTGGATGTATATGATTGAAAATAATCAAGCTTCTATTGATGATTCTGTTAGACATGTTCAAACTATTATTAATGTTAAAAAACAAGAATTTATTCAAAGAGTTTTGTCTGATCAACATTGTAATTTGCCAAAATCTTTTAAACAATTGCATTTTTCTTGTTTGAAAGTTTTTAATATGTTTTTTAATTCTTCTAATATTTTTGATACTGATACTGATTTGTTGTTGGATATTCATGAAGCTTTTGTTTCTCCACCACAAGTTCCAAAATTTAAACCACATATTAAACCACCACATCAATTGCCAGCTACTTTGCAACCACCACATCAACCACAACAAATTATGGTTAATAAGAAAAAAGTTGAAATGGTTTATAAATCTTATCATCATCCATTTAAAGTTTTTACTTTGCAGAAAAAACAATCTTCTGGTCATGGTACTATGAATCCAAGAGCTTCTATTTTGGCTGGTCCAAATATTAAATTGTGTTTTTGAATCGTCTTCAGGCTAGGTGGAGGCTCAGTG,1367,587,non-clonal
pSHPs0220B292296MU,A4,Ma R-linalool synthase_1,26,OI_5a79fec65d51e30030d85064,GAAGACATAATGTGCAGCATCTCATCTAAGCTGTATACAATTTCAAGCGCCCAGGAGGAAACCAGGCGTTCAGGAAATTACCATCCTAGTGTGTGGGATTTCGATTTTATACAGTCCCTGGATACCGACCACTACAAAGAGGAGAAACAACTAGAGAGGGAGGAAGAGTTGATAATGGAGGTTAAGAAGCTATTGGGTGCGAAGATGGAGGCAACTAAACAGTTGGAACTAATCGACGATCTACAGAACTTAGGTCTGTCATATTTTTTCAGGGACGAAATAAAGAACATCCTAAACTCAATTTACAAAATATTCCAAAACAACAACTCAACGAAAGTGGGGGATCTACATTTCACTTCTCTGGGATTCCGTCTACTAAGGCAGCACGGATTTAATGTTTCCCAAGGGGTCTTTGACTGCTTTAAGAACGAACACGGTTCTGACTTTGAAAAGACGTTAATCGGCGAGGATACCAAAGGTGTGCTTCAGCTATACGAGGCTTCATTCCTATTGCGTGAAGGAGAGGATACGCTAGAGGTCGCACGTAAGTTCAGTACAGAGTTTCTGGAAGAGAAGTTGAAAGCGGGCATCGATGGTGATAATCTTAGCAGTTCTATCGGGCACTCTTTAGAAATCCCGCTTCACTGGAGAATTCAGAGGTTAGAGGAAAGGTGGTTTCTGGACGCATACTCACGTAGAAAGGATATGAATCCGATAATCTTCGAGCTAGCCAAACTGGACTTTAACATTATACAGGCAACCCAGCAGGAAGAACTGAAGGACCTGTCCAGATGGTGGAACGATAGTTCTCTGCCTCAGAAGTTGCCTTTTGTGAGGGACAGGCTAGTTGAATCCTACTATTGGGCCCTAGGACTTTTCGAGGCGCACAAATTTGGCTACGAACGTAAGACCGCAGCTAAGATAATAACATTAATAACCGCGTTAGACGACGTTTACGATATTTACGGCACTCTTGATGAATTGCAGCTATTTACGCATGTGATAAGACGTTGGGATACAGAGAGTGCAACACAACTGCCATACTATTTACAGTTGTTCTATTTTGTACTTTACAACTTTGTAAGCGAGGTGGCATACCATATCCTAAAAGAGGAGGGTTTTATATCCATACCTTTCCTGCACAGGGCCTGGGTCGACTTGGTGGAGGGGTATCTGCAGGAGGCCAAGTGGTATTACACCAAGTATACACCTACCATGGAAGAATACTTGAATTATGCGAGTATTACTATTGGTGCCCCTGCAGTCATTAGTCAGATCTACTTTATGCTAGCCAAATCCAAAGAAAAGCCAGTCATTGAAAGCTTCTACGAGTACGACGAAATTATAAGGCTTAGTGGGATGTTAGTTAGACTTCCGGACGATCTGGGCACACTACCGTTTGAAATGAAGCGTGGGGATGTTGCCAAGAGTATACAGATATACATGAAGGAACAGAACGCAACGAGAGAAGAAGCAGAGGAACATGTGAGATTTATGATCCGTGAGGCGTGGAAGGAGATGAACACGACCATGGCCGCGAATAGCGATTTGAGGGGCGACGTAGTTATGGCGGCAGCCAATCTTGGGAGGGATGCACAGTTTATGTACCTGGACGGCGACGGTAACCACTCCCAACTTCAACATAGGATTGCGAACCTTTTATTTAAGCCTTACGTATGAATCGTCTTC,1689,Pass,GAAGTGCCATTCCGCCTGACCTGAAGACATAATGTGCAGCATCTCATCTAAGCTGTATACAATTTCAAGCGCCCAGGAGGAAACCAGGCGTTCAGGAAATTACCATCCTAGTGTGTGGGATTTCGATTTTATACAGTCCCTGGATACCGACCACTACAAAGAGGAGAAACAACTAGAGAGGGAGGAAGAGTTGATAATGGAGGTTAAGAAGCTATTGGGTGCGAAGATGGAGGCAACTAAACAGTTGGAACTAATCGACGATCTACAGAACTTAGGTCTGTCATATTTTTTCAGGGACGAAATAAAGAACATCCTAAACTCAATTTACAAAATATTCCAAAACAACAACTCAACGAAAGTGGGGGATCTACATTTCACTTCTCTGGGATTCCGTCTACTAAGGCAGCACGGATTTAATGTTTCCCAAGGGGTCTTTGACTGCTTTAAGAACGAACACGGTTCTGACTTTGAAAAGACGTTAATCGGCGAGGATACCAAAGGTGTGCTTCAGCTATACGAGGCTTCATTCCTATTGCGTGAAGGAGAGGATACGCTAGAGGTCGCACGTAAGTTCAGTACAGAGTTTCTGGAAGAGAAGTTGAAAGCGGGCATCGATGGTGATAATCTTAGCAGTTCTATCGGGCACTCTTTAGAAATCCCGCTTCACTGGAGAATTCAGAGGTTAGAGGAAAGGTGGTTTCTGGACGCATACTCACGTAGAAAGGATATGAATCCGATAATCTTCGAGCTAGCCAAACTGGACTTTAACATTATACAGGCAACCCAGCAGGAAGAACTGAAGGACCTGTCCAGATGGTGGAACGATAGTTCTCTGCCTCAGAAGTTGCCTTTTGTGAGGGACAGGCTAGTTGAATCCTACTATTGGGCCCTAGGACTTTTCGAGGCGCACAAATTTGGCTACGAACGTAAGACCGCAGCTAAGATAATAACATTAATAACCGCGTTAGACGACGTTTACGATATTTACGGCACTCTTGATGAATTGCAGCTATTTACGCATGTGATAAGACGTTGGGATACAGAGAGTGCAACACAACTGCCATACTATTTACAGTTGTTCTATTTTGTACTTTACAACTTTGTAAGCGAGGTGGCATACCATATCCTAAAAGAGGAGGGTTTTATATCCATACCTTTCCTGCACAGGGCCTGGGTCGACTTGGTGGAGGGGTATCTGCAGGAGGCCAAGTGGTATTACACCAAGTATACACCTACCATGGAAGAATACTTGAATTATGCGAGTATTACTATTGGTGCCCCTGCAGTCATTAGTCAGATCTACTTTATGCTAGCCAAATCCAAAGAAAAGCCAGTCATTGAAAGCTTCTACGAGTACGACGAAATTATAAGGCTTAGTGGGATGTTAGTTAGACTTCCGGACGATCTGGGCACACTACCGTTTGAAATGAAGCGTGGGGATGTTGCCAAGAGTATACAGATATACATGAAGGAACAGAACGCAACGAGAGAAGAAGCAGAGGAACATGTGAGATTTATGATCCGTGAGGCGTGGAAGGAGATGAACACGACCATGGCCGCGAATAGCGATTTGAGGGGCGACGTAGTTATGGCGGCAGCCAATCTTGGGAGGGATGCACAGTTTATGTACCTGGACGGCGACGGTAACCACTCCCAACTTCAACATAGGATTGCGAACCTTTTATTTAAGCCTTACGTATGAATCGTCTTCAGGCTAGGTGGAGGCTCAGTG,1732,1193,non-clonal
pSHPs0220B292296MU,B4,Ob Gernaiol synthase_1,27,OI_5a79fec65d51e30030d85065,GAAGACATAATGTCTTGTGCACGGATCACCGTAACATTGCCGTATCGCTCCGCAAAAACATCAATTCAACGGGGAATTACGCATTACCCCGCCCTTATACGCCCACGCTTCTCTGCTTGCACGCCTTTGGCATCGGCAATGCCTCTAAGTTCAACTCCTCTCATCAACGGGGATAACTCTCAGCGTAAAAACACACGTCAACACATGGAGGAGAGCAGCAGCAAGAGGAGAGAATATCTGCTGGAGGAAACGACGCGAAAACTGCAGAGAAACGACACCGAATCGGTGGAGAAACTCAAGCTTATCGACAACATCCAACAGTTGGGAATCGGCTACTATTTTGAGGACGCCATCAACGCCGTACTCCGCTCGCCTTTCTCCACCGGAGAAGAGGACCTCTTCACCGCTGCTCTGCGCTTCCGCTTGCTCCGCCACAACGGCATCGAAATCAGCCCTGAAATATTCCTAAAATTCAAGGACGAGAGGGGAAAATTCGACGAATCGGACACGCTAGGGTTACTGAGCTTGTACGAAGCGTCAAATTTGGGGGTTGCAGGAGAAGAAATATTGGAGGAGGCTATGGAGTTTGCGGAGGCTCGCCTCAGACGGTCGCTGTCAGAGCCGGCGGCGCCGCTTCATGGTGAGGTGGCGCAAGCGCTAGATGTGCCGAGGCATCTGAGAATGGCGAGGTTGGAAGCCAGACGATTCATCGAGCAGTATGGTAAACAGAGCGATCATGATGGAGATCTTTTGGAGCTGGCAATTTTGGATTATAATCAAGTTCAGGCTCAACACCAATCCGAACTCACTGAAATAATCAGGTGGTGGAAGGAGCTCGGTTTGGTGGATAAGTTGAGTTTTGGGCGAGACAGACCATTGGAGTGCTTTTTGTGGACCGTGGGGCTCCTCCCAGAGCCCAAGTATTCGAGCGTTAGAATAGAGTTGGCGAAAGCCATCTCTATTCTCTTAGTGATCGATGATATTTTCGATACCTATGGAGAGATGGATGACCTCATCCTCTTCACCGATGCAATTCGAAGATGGGATCTTGAAGCAATGGAGGGGCTCCCTGAGTACATGAAAATATGCTACATGGCGTTGTACAATACCACCAATGAAGTATGCTACAAAGTGCTCAGGGATACTGGACGGATTGTCCTCCTTAACCTCAAATCTACGTGGATAGACATGATTGAAGGTTTCATGGAGGAAGCAAAATGGTTCAATGGTGGAAGTGCACCAAAATTGGAAGAGTATATAGAGAATGGAGTGTCCACGGCAGGAGCATACATGGCTTTTGCACACATCTTCTTTCTCATAGGAGAAGGTGTTACACACCAAAATTCCCAACTCTTCACCCAAAAACCCTACCCCAAGGTTTTCTCCGCCGCCGGCCGCATTCTTCGCCTCTGGGATGATCTCGGAACCGCCAAGGAGGAGCAAGAGCGAGGAGATCTGGCTTCGTGCGTGCAGTTATTTATGAAAGAGAAGTCGTTGACGGAAGAGGAGGCAAGAAGTCGCATTTTGGAAGAGATAAAAGGATTATGGAGGGATCTGAATGGGGAACTGGTCTACAACAAGAATTTGCCGTTATCCATAATCAAAGTCGCACTTAACATGGCGAGAGCTTCTCAAGTTGTGTACAAGCACGATCAAGACACTTATTTTTCAAGCGTAGACAATTATGTGGATGCCCTCTTCTTCACTCAATGAATCGTCTTC,1722,Pass,GAAGTGCCATTCCGCCTGACCTGAAGACATAATGTCTTGTGCACGGATCACCGTAACATTGCCGTATCGCTCCGCAAAAACATCAATTCAACGGGGAATTACGCATTACCCCGCCCTTATACGCCCACGCTTCTCTGCTTGCACGCCTTTGGCATCGGCAATGCCTCTAAGTTCAACTCCTCTCATCAACGGGGATAACTCTCAGCGTAAAAACACACGTCAACACATGGAGGAGAGCAGCAGCAAGAGGAGAGAATATCTGCTGGAGGAAACGACGCGAAAACTGCAGAGAAACGACACCGAATCGGTGGAGAAACTCAAGCTTATCGACAACATCCAACAGTTGGGAATCGGCTACTATTTTGAGGACGCCATCAACGCCGTACTCCGCTCGCCTTTCTCCACCGGAGAAGAGGACCTCTTCACCGCTGCTCTGCGCTTCCGCTTGCTCCGCCACAACGGCATCGAAATCAGCCCTGAAATATTCCTAAAATTCAAGGACGAGAGGGGAAAATTCGACGAATCGGACACGCTAGGGTTACTGAGCTTGTACGAAGCGTCAAATTTGGGGGTTGCAGGAGAAGAAATATTGGAGGAGGCTATGGAGTTTGCGGAGGCTCGCCTCAGACGGTCGCTGTCAGAGCCGGCGGCGCCGCTTCATGGTGAGGTGGCGCAAGCGCTAGATGTGCCGAGGCATCTGAGAATGGCGAGGTTGGAAGCCAGACGATTCATCGAGCAGTATGGTAAACAGAGCGATCATGATGGAGATCTTTTGGAGCTGGCAATTTTGGATTATAATCAAGTTCAGGCTCAACACCAATCCGAACTCACTGAAATAATCAGGTGGTGGAAGGAGCTCGGTTTGGTGGATAAGTTGAGTTTTGGGCGAGACAGACCATTGGAGTGCTTTTTGTGGACCGTGGGGCTCCTCCCAGAGCCCAAGTATTCGAGCGTTAGAATAGAGTTGGCGAAAGCCATCTCTATTCTCTTAGTGATCGATGATATTTTCGATACCTATGGAGAGATGGATGACCTCATCCTCTTCACCGATGCAATTCGAAGATGGGATCTTGAAGCAATGGAGGGGCTCCCTGAGTACATGAAAATATGCTACATGGCGTTGTACAATACCACCAATGAAGTATGCTACAAAGTGCTCAGGGATACTGGACGGATTGTCCTCCTTAACCTCAAATCTACGTGGATAGACATGATTGAAGGTTTCATGGAGGAAGCAAAATGGTTCAATGGTGGAAGTGCACCAAAATTGGAAGAGTATATAGAGAATGGAGTGTCCACGGCAGGAGCATACATGGCTTTTGCACACATCTTCTTTCTCATAGGAGAAGGTGTTACACACCAAAATTCCCAACTCTTCACCCAAAAACCCTACCCCAAGGTTTTCTCCGCCGCCGGCCGCATTCTTCGCCTCTGGGATGATCTCGGAACCGCCAAGGAGGAGCAAGAGCGAGGAGATCTGGCTTCGTGCGTGCAGTTATTTATGAAAGAGAAGTCGTTGACGGAAGAGGAGGCAAGAAGTCGCATTTTGGAAGAGATAAAAGGATTATGGAGGGATCTGAATGGGGAACTGGTCTACAACAAGAATTTGCCGTTATCCATAATCAAAGTCGCACTTAACATGGCGAGAGCTTCTCAAGTTGTGTACAAGCACGATCAAGACACTTATTTTTCAAGCGTAGACAATTATGTGGATGCCCTCTTCTTCACTCAATGAATCGTCTTCAGGCTAGGTGGAGGCTCAGTG,1765,1169,non-clonal
pSHPs0220B292296MU,C4,Pk geraniol 10-hydroxylase_1,28,OI_5a79fec65d51e30030d85066,GAAGACATAATGGATTTCCTCACCATCATCCTTGGCCTCTTATTCGCCATCACCTTAATCCATGGCTACCAACTCCTCTCCTCCAAGGGCAAAAGGCTTCCTCCCGGCCCGACACCGCTACCCCTAATCGGAAGCCTCCATTTACTCGGCGATCAACCCCACCAATCTTTAGCCAAACTAGCCAAGAAACATGGTGAACTTATGTGCCTTCGACTCGGGTTCATAAACACGATTGTCATTTCCTCGGCAGCCATGGCTAAAGAAGTACTTCAAAAGCAGGATTTAGCGTTTTCGAGTAGAATGTCACCTAATGCCGTCCATGCCCACGACCAGTTCAAATACTCTGTCGTGTGGCTCCCCGTGGCGGCCAGGTGGAGAAGCCTCCGCAAGGTTTTAAACTCAAAAATCTTTTCTGGAAACCGAATGGACGCGAACCAACACCTGAGGGGTCGGAAAAGGCAAGAGCTGATCGCCTATTGTAGGAAGAGGAGCCAAACCGGCGGTGCAGGGGACATGGGACGCGCCCCTTTCAGGAACCCGGTGAATTTGGCTGTCGAACACGATTTCTTCAAAAGAATTGAAGATCCTTATTCGGATTCGGCGAAGGAGTTCAAGGATCTTGTGTGGAATATCATGTTGGAGGCCGGGAAGCCGAATTTGGTGGATTTTTACCCGGTTCTTGAGAAAGTTGATCCCCAAGGGATACGGAAACGTATGACTGTACATTTCGGGAAGGTGATTGAGCTTTTCAGTGGATTGATCAATGAAAGGACTGAAAAGGGAAAGACGCAAGATGCTGGAACCACCGATGTCATTGATGTGCTCCTCAAGATAAGTAAAGAAAATCCAGATGAAATTGACAGGACTCACATCGAACGCTTGTGCTTGGACTTATTCGTCGCCGGAACTGACACCACATCAAACACATTAGAATGGGCAATGGCAGAGTCGCTAAAAAACCCAGAGATAATGAAAAAAGCCAAAGCCGAGCTGGAACAAGTCATCGGAAAAGGGAAAGTACTAGACGAAGCAGATATCCAACGCTTACCTTATCTGAGATGCATGGTGAAGGAGACTCTAAGAATCCATCCACCCGTTCCGTTCCTAATTCCTCGCAAAGTGGAGCAAGACGTGGAAGTTTGCGGCTACACCGTGCCTAAAAACTCACAAGTGTTCGTCAATGCATGGGCAATTGGAAGGGACGCTGAAACGTGGCCTAATCCCCTTGAATTTAAACCGGAGAGGTTTATGGAATCTGAAGTGGACATGAGAGGAAGAGACTTCGAGCTGATTCCGTTCGGCGCCGGGAGAAGGATTTGCCCTGGATTGCCGTTGGCTCTGCGTATGGTTCCGGTGATGTTGGGATCGCTTTTGAACTCGTTCGATTGGAAGCTTGAAGGAGGGGCTGGGCCAAAGGAATTGGATATGGAGGAGAAATTTGGGATCACGTTGCAGAAGGCGCTTCCTCTTATGGCTGTTCCGGTTCCTCTGTGAATCGTCTTC,1503,Pass,GAAGTGCCATTCCGCCTGACCTGAAGACATAATGGATTTCCTCACCATCATCCTTGGCCTCTTATTCGCCATCACCTTAATCCATGGCTACCAACTCCTCTCCTCCAAGGGCAAAAGGCTTCCTCCCGGCCCGACACCGCTACCCCTAATCGGAAGCCTCCATTTACTCGGCGATCAACCCCACCAATCTTTAGCCAAACTAGCCAAGAAACATGGTGAACTTATGTGCCTTCGACTCGGGTTCATAAACACGATTGTCATTTCCTCGGCAGCCATGGCTAAAGAAGTACTTCAAAAGCAGGATTTAGCGTTTTCGAGTAGAATGTCACCTAATGCCGTCCATGCCCACGACCAGTTCAAATACTCTGTCGTGTGGCTCCCCGTGGCGGCCAGGTGGAGAAGCCTCCGCAAGGTTTTAAACTCAAAAATCTTTTCTGGAAACCGAATGGACGCGAACCAACACCTGAGGGGTCGGAAAAGGCAAGAGCTGATCGCCTATTGTAGGAAGAGGAGCCAAACCGGCGGTGCAGGGGACATGGGACGCGCCCCTTTCAGGAACCCGGTGAATTTGGCTGTCGAACACGATTTCTTCAAAAGAATTGAAGATCCTTATTCGGATTCGGCGAAGGAGTTCAAGGATCTTGTGTGGAATATCATGTTGGAGGCCGGGAAGCCGAATTTGGTGGATTTTTACCCGGTTCTTGAGAAAGTTGATCCCCAAGGGATACGGAAACGTATGACTGTACATTTCGGGAAGGTGATTGAGCTTTTCAGTGGATTGATCAATGAAAGGACTGAAAAGGGAAAGACGCAAGATGCTGGAACCACCGATGTCATTGATGTGCTCCTCAAGATAAGTAAAGAAAATCCAGATGAAATTGACAGGACTCACATCGAACGCTTGTGCTTGGACTTATTCGTCGCCGGAACTGACACCACATCAAACACATTAGAATGGGCAATGGCAGAGTCGCTAAAAAACCCAGAGATAATGAAAAAAGCCAAAGCCGAGCTGGAACAAGTCATCGGAAAAGGGAAAGTACTAGACGAAGCAGATATCCAACGCTTACCTTATCTGAGATGCATGGTGAAGGAGACTCTAAGAATCCATCCACCCGTTCCGTTCCTAATTCCTCGCAAAGTGGAGCAAGACGTGGAAGTTTGCGGCTACACCGTGCCTAAAAACTCACAAGTGTTCGTCAATGCATGGGCAATTGGAAGGGACGCTGAAACGTGGCCTAATCCCCTTGAATTTAAACCGGAGAGGTTTATGGAATCTGAAGTGGACATGAGAGGAAGAGACTTCGAGCTGATTCCGTTCGGCGCCGGGAGAAGGATTTGCCCTGGATTGCCGTTGGCTCTGCGTATGGTTCCGGTGATGTTGGGATCGCTTTTGAACTCGTTCGATTGGAAGCTTGAAGGAGGGGCTGGGCCAAAGGAATTGGATATGGAGGAGAAATTTGGGATCACGTTGCAGAAGGCGCTTCCTCTTATGGCTGTTCCGGTTCCTCTGTGAATCGTCTTCAGGCTAGGTGGAGGCTCAGTG,1546,1079,non-clonal
pSHPs0220B292296MU,D4,Apoaequorin plants_1,29,OI_5a79fec65d51e30030d85067,GAAGACATAATGTCTGTCAAACTTACATCAGACTTCGACAACCCAAGATGGATTGGACGACACAAGCATATGTTCAATTTCCTTGATGTCAACCACAATGGAAAAATCTCTCTTGACGAGATGGTCTACAAGGCATCTGATATTGTCATCAATAACCTTGGAGCAACACCTGAGCAAGCCAAACGACACAAAGATGCTGTGGAAGCCTTCTTCGGAGGAGCTGGAATGAAATATGGTGTGGAAACTGATTGGCCTGCATATATTGAAGGATGGAAAAAATTGGCTACTGATGAATTGGAGAAATACGCCAAAAACGAACCAACCCTCATCCGCATATGGGGTGATGCTTTGTTTGATATCGTTGACAAAGATCAAAATGGAGCTATTACACTGGATGAATGGAAAGCATACACCAAAGCTGCTGGTATCATCCAATCATCAGAAGATTGCGAGGAAACATTCAGAGTGTGCGATATTGATGAAAGTGGACAACTCGATGTTGATGAGATGACAAGACAGCATCTGGGATTTTGGTACACCATGGATCCTGCTTGCGAAAAGCTCTACGGTGGAGCTGTCCCCTGAATCGTCTTC,594,Pass,GAAGTGCCATTCCGCCTGACCTGAAGACATAATGTCTGTCAAACTTACATCAGACTTCGACAACCCAAGATGGATTGGACGACACAAGCATATGTTCAATTTCCTTGATGTCAACCACAATGGAAAAATCTCTCTTGACGAGATGGTCTACAAGGCATCTGATATTGTCATCAATAACCTTGGAGCAACACCTGAGCAAGCCAAACGACACAAAGATGCTGTGGAAGCCTTCTTCGGAGGAGCTGGAATGAAATATGGTGTGGAAACTGATTGGCCTGCATATATTGAAGGATGGAAAAAATTGGCTACTGATGAATTGGAGAAATACGCCAAAAACGAACCAACCCTCATCCGCATATGGGGTGATGCTTTGTTTGATATCGTTGACAAAGATCAAAATGGAGCTATTACACTGGATGAATGGAAAGCATACACCAAAGCTGCTGGTATCATCCAATCATCAGAAGATTGCGAGGAAACATTCAGAGTGTGCGATATTGATGAAAGTGGACAACTCGATGTTGATGAGATGACAAGACAGCATCTGGGATTTTGGTACACCATGGATCCTGCTTGCGAAAAGCTCTACGGTGGAGCTGTCCCCTGAATCGTCTTCAGGCTAGGTGGAGGCTCAGTG,637,696,non-clonal
