description,customer_line_item_id,sequence_length,difficulty_label
BBF Synth1_Score,	MMSYN1_0821_1,960,Standard
BBF Synth1_Score,	MMSYN1_0545_1,1090,Standard
BBF Synth1_Score,	MMSYN1_0403_1,924,Standard
BBF Synth1_Score,	MMSYN1_0200_1,564,Standard
BBF Synth1_Score,	MMSYN1_0660_1,345,Standard
BBF Synth1_Score,	MMSYN1_0198_1,378,Standard
BBF Synth1_Score,	MMSYN1_0804_3,1312,Standard
BBF Synth1_Score,	MMSYN1_0637_1,417,Standard
BBF Synth1_Score,	MMSYN1_0670_1,645,Standard
BBF Synth1_Score,	MMSYN1_0617_1,870,Standard
BBF Synth1_Score,	MMSYN1_0528_1,1211,Standard
BBF Synth1_Score,	MMSYN1_0528_2,1212,Standard
BBF Synth1_Score,	MMSYN1_0875_1,615,Standard
BBF Synth1_Score,	MMSYN1_0405_1,1389,Standard
BBF Synth1_Score,	MMSYN1_0501_1,321,Standard
BBF Synth1_Score,	MMSYN1_0540_1,897,Standard
BBF Synth1_Score,	MMSYN1_0113_1,1263,Standard
BBF Synth1_Score,	MMSYN1_0539_1,906,Standard
BBF Synth1_Score,	MMSYN1_0747_1,672,Standard
BBF Synth1_Score,	MMSYN1_0771_1,1100,Standard
BBF Synth1_Score,	MMSYN1_0453_1,1367,Standard
BBF Synth1_Score,	MMSYN1_0798_1,642,Standard
BBF Synth1_Score,	MMSYN1_0779_1,1138,Standard
BBF Synth1_Score,	MMSYN1_0290_1,897,Standard
BBF Synth1_Score,	MMSYN1_0606_1,1233,Standard
BBF Synth1_Score,	MMSYN1_0874_1,714,Standard
BBF Synth1_Score,	MMSYN1_0214_1,840,Standard
BBF Synth1_Score,	MMSYN1_0095_2,1437,Standard
BBF Synth1_Score,	MMSYN1_0221_1,1455,Standard
BBF Synth1_Score,	MMSYN1_0818_1,1449,Standard
BBF Synth1_Score,	MMSYN1_0684_1,885,Standard
BBF Synth1_Score,	MMSYN1_0803_2,1276,Standard
BBF Synth1_Score,	MMSYN1_0106_1,1428,Standard
BBF Synth1_Score,	MMSYN1_0001_1,1371,Standard
BBF Synth1_Score,	MMSYN1_0612_1,1501,Standard
BBF Synth1_Score,	MMSYN1_0147_1,1548,Standard
BBF Synth1_Score,	MMSYN1_0654_1,783,Standard
BBF Synth1_Score,	MMSYN1_0316_1,1004,Standard
BBF Synth1_Score,	MMSYN1_0513_1,351,Standard
BBF Synth1_Score,	MMSYN1_0452_2,985,Standard
BBF Synth1_Score,	MMSYN1_0047_1,1022,Standard
BBF Synth1_Score,	MMSYN1_0414_1,1151,Standard
BBF Synth1_Score,	MMSYN1_0634_2,1227,Standard
BBF Synth1_Score,	MMSYN1_0708_1,1482,Standard
BBF Synth1_Score,	MMSYN1_0644_1,378,Standard
BBF Synth1_Score,	MMSYN1_0688_1,1476,Standard
BBF Synth1_Score,	MMSYN1_0115_1,891,Standard
BBF Synth1_Score,	MMSYN1_0833_1,462,Standard
BBF Synth1_Score,	MMSYN1_0859_2,1000,Standard
BBF Synth1_Score,	MMSYN1_0011_1,1665,Standard
BBF Synth1_Score,	MMSYN1_0729_1,1614,Standard
BBF Synth1_Score,	MMSYN1_0494_1,699,Standard
BBF Synth1_Score,	MMSYN1_0061_1,1287,Standard
BBF Synth1_Score,	MMSYN1_0133_1,1156,Standard
BBF Synth1_Score,	MMSYN1_0697_1,975,Standard
BBF Synth1_Score,	MMSYN1_0878_1,1512,Standard
BBF Synth1_Score,	MMSYN1_0372_1,946,Standard
BBF Synth1_Score,	MMSYN1_0169_2,1570,Difficult
BBF Synth1_Score,	MMSYN1_0248_1,579,Standard
BBF Synth1_Score,	MMSYN1_0314_1,753,Standard
BBF Synth1_Score,	MMSYN1_0039_2,993,Standard
BBF Synth1_Score,	MMSYN1_0478_1,603,Standard
BBF Synth1_Score,	MMSYN1_0352_1,567,Standard
BBF Synth1_Score,	MMSYN1_0447_1,522,Standard
BBF Synth1_Score,	MMSYN1_0410_1,1380,Standard
BBF Synth1_Score,	MMSYN1_0077_1,858,Standard
BBF Synth1_Score,	MMSYN1_0346_1,714,Standard
BBF Synth1_Score,	MMSYN1_0034_1,1361,Standard
BBF Synth1_Score,	MMSYN1_0034_3,1363,Standard
BBF Synth1_Score,	MMSYN1_0215_1,450,Standard
BBF Synth1_Score,	MMSYN1_0401_1,911,Standard
BBF Synth1_Score,	MMSYN1_0116_1,459,Standard
BBF Synth1_Score,	MMSYN1_0430_1,354,Standard
BBF Synth1_Score,	MMSYN1_0493_1,1368,Standard
BBF Synth1_Score,	MMSYN1_0431_1,792,Standard
BBF Synth1_Score,	MMSYN1_0640_1,774,Standard
BBF Synth1_Score,	MMSYN1_0375_1,759,Standard
BBF Synth1_Score,	MMSYN1_0195_1,1574,Standard
BBF Synth1_Score,	MMSYN1_0060_1,843,Standard
BBF Synth1_Score,	MMSYN1_0444_2,967,Standard
BBF Synth1_Score,	MMSYN1_0651_1,660,Standard
BBF Synth1_Score,	MMSYN1_0822_1,693,Standard
BBF Synth1_Score,	MMSYN1_0599_link_MMSYN1_0669_1,478,Standard
BBF Synth1_Score,	MMSYN1_0851_link_MMSYN1_0379_1,514,Standard
BBF Synth1_Score,	MMSYN1_0105_link_MMSYN1_0667_1,535,Standard
BBF Synth1_Score,	MMSYN1_0621_link_MMSYN1_0294_1,541,Standard
BBF Synth1_Score,	MMSYN1_0329_1,777,Standard
BBF Synth1_Score,	MMSYN1_0800_1,462,Standard
BBF Synth1_Score,	MMSYN1_0002_1,1146,Standard
BBF Synth1_Score,	MMSYN1_0378_1,756,Standard
BBF Synth1_Score,	MMSYN1_0795_1,324,Standard
BBF Synth1_Score,	MMSYN1_0026_1,459,Standard
BBF Synth1_Score,	MMSYN1_0666_1,354,Standard
BBF Synth1_Score,	MMSYN1_0027_1,432,Standard
BBF Synth1_Score,	MMSYN1_0515_1,501,Standard
BBF Synth1_Score,	MMSYN1_0076_1,1383,Standard
BBF Synth1_Score,	MMSYN1_0114_1,939,Standard
BBF Synth1_Score,	MMSYN1_0813_1,1017,Standard
BBF Synth1_Score,	MMSYN1_0840_1,660,Standard
BBF Synth1_Score,	MMSYN1_0611_1,1387,Standard
BBF Synth1_Score,	MMSYN1_0007_2,1272,Standard
BBF Synth1_Score,	MMSYN1_0825_1,1018,Standard
BBF Synth1_Score,	MMSYN1_0819_1,951,Standard
BBF Synth1_Score,	MMSYN1_0238_1,645,Standard
BBF Synth1_Score,	MMSYN1_0240_1,1206,Standard
BBF Synth1_Score,	MMSYN1_0804_2,1312,Standard
BBF Synth1_Score,	MMSYN1_0653_1,456,Standard
BBF Synth1_Score,	MMSYN1_0665_1,720,Standard
BBF Synth1_Score,	MMSYN1_0297_1,950,Standard
BBF Synth1_Score,	MMSYN1_0663_1,435,Standard
BBF Synth1_Score,	MMSYN1_0790_1,1446,Standard
BBF Synth1_Score,	MMSYN1_0523_1,1179,Standard
BBF Synth1_Score,	MMSYN1_0908_1,1209,Standard
BBF Synth1_Score,	MMSYN1_0233_1,1740,Standard
BBF Synth1_Score,	MMSYN1_0804_1,1310,Standard
BBF Synth1_Score,	MMSYN1_0402_1,513,Standard
BBF Synth1_Score,	MMSYN1_0616_1,858,Standard
BBF Synth1_Score,	MMSYN1_0834_1,1335,Standard
BBF Synth1_Score,	MMSYN1_0004_1,819,Standard
BBF Synth1_Score,	MMSYN1_0328_1,648,Standard
BBF Synth1_Score,	MMSYN1_0348_1,1326,Standard
BBF Synth1_Score,	MMSYN1_0117_1,780,Standard
BBF Synth1_Score,	MMSYN1_0291_1,573,Standard
BBF Synth1_Score,	MMSYN1_0807_1,516,Standard
BBF Synth1_Score,	MMSYN1_0330_1,636,Standard
BBF Synth1_Score,	MMSYN1_0442_1,456,Standard
BBF Synth1_Score,	MMSYN1_0227_1,1344,Standard
BBF Synth1_Score,	MMSYN1_0380_1,1116,Standard
BBF Synth1_Score,	MMSYN1_0512_1,957,Standard
BBF Synth1_Score,	MMSYN1_0377_1,1320,Standard
BBF Synth1_Score,	MMSYN1_0613_1,1263,Standard
BBF Synth1_Score,	MMSYN1_0363_1,513,Standard
BBF Synth1_Score,	MMSYN1_0413_1,531,Standard
BBF Synth1_Score,	MMSYN1_0381_1,678,Standard
BBF Synth1_Score,	MMSYN1_0344_1,579,Standard
BBF Synth1_Score,	MMSYN1_0668_1,867,Standard
BBF Synth1_Score,	MMSYN1_0434_1,1335,Standard
BBF Synth1_Score,	MMSYN1_0517_1,951,Standard
BBF Synth1_Score,	MMSYN1_0643_1,1245,Standard
BBF Synth1_Score,	MMSYN1_0394_1,1199,Standard
BBF Synth1_Score,	MMSYN1_0545_2,1090,Standard
BBF Synth1_Score,	MMSYN1_0820_1,1599,Standard
BBF Synth1_Score,	MMSYN1_0886_1,1596,Standard
BBF Synth1_Score,	MMSYN1_0006_2,972,Standard
BBF Synth1_Score,	MMSYN1_0126_1,1470,Standard
BBF Synth1_Score,	MMSYN1_0771_2,1101,Standard
BBF Synth1_Score,	MMSYN1_0826_1,969,Standard
BBF Synth1_Score,	MMSYN1_0600_2,936,Standard
BBF Synth1_Score,	MMSYN1_0600_1,935,Standard
BBF Synth1_Score,	MMSYN1_0695_1,1103,Standard
BBF Synth1_Score,	MMSYN1_0387_1,1146,Standard
BBF Synth1_Score,	MMSYN1_0611_2,1387,Standard
BBF Synth1_Score,	MMSYN1_0229_1,987,Standard
BBF Synth1_Score,	MMSYN1_0796_1,882,Standard
BBF Synth1_Score,	MMSYN1_0641_1,1029,Standard
BBF Synth1_Score,	MMSYN1_0655_1,369,Standard
BBF Synth1_Score,	MMSYN1_0142_1,867,Standard
BBF Synth1_Score,	MMSYN1_0287_1,1743,Standard
BBF Synth1_Score,	MMSYN1_0254_1,1773,Standard
BBF Synth1_Score,	MMSYN1_0779_2,1138,Standard
BBF Synth1_Score,	MMSYN1_0541_1,1137,Standard
BBF Synth1_Score,	MMSYN1_0695_2,1104,Standard
BBF Synth1_Score,	MMSYN1_0007_1,1271,Standard
BBF Synth1_Score,	MMSYN1_0536_1,567,Standard
BBF Synth1_Score,	MMSYN1_0364_1,741,Standard
BBF Synth1_Score,	MMSYN1_0814_1,1206,Standard
BBF Synth1_Score,	MMSYN1_0129_1,1617,Standard
BBF Synth1_Score,	MMSYN1_0543_1,621,Standard
BBF Synth1_Score,	MMSYN1_0365_1,402,Standard
BBF Synth1_Score,	MMSYN1_0607_1,1035,Standard
BBF Synth1_Score,	MMSYN1_0793_1,564,Standard
BBF Synth1_Score,	MMSYN1_0361_1,486,Standard
BBF Synth1_Score,	MMSYN1_0726_1,753,Standard
BBF Synth1_Score,	MMSYN1_0642_1,930,Standard
BBF Synth1_Score,	MMSYN1_0095_1,1436,Standard
BBF Synth1_Score,	MMSYN1_0151_1,1206,Standard
BBF Synth1_Score,	MMSYN1_0799_1,1260,Standard
BBF Synth1_Score,	MMSYN1_0773_1,1038,Standard
BBF Synth1_Score,	MMSYN1_0518_1,627,Standard
BBF Synth1_Score,	MMSYN1_0010_1,1635,Standard
BBF Synth1_Score,	MMSYN1_0203_1,912,Standard
BBF Synth1_Score,	MMSYN1_0394_2,1200,Standard
BBF Synth1_Score,	MMSYN1_0727_1,765,Standard
BBF Synth1_Score,	MMSYN1_0427_1,828,Standard
BBF Synth1_Score,	MMSYN1_0732_1,687,Standard
BBF Synth1_Score,	MMSYN1_0289_1,372,Standard
BBF Synth1_Score,	MMSYN1_0300_1,1773,Standard
BBF Synth1_Score,	MMSYN1_0263_1,921,Standard
BBF Synth1_Score,	MMSYN1_0303_1,1501,Standard
BBF Synth1_Score,	MMSYN1_0535_1,1683,Standard
BBF Synth1_Score,	MMSYN1_0825_2,1018,Standard
BBF Synth1_Score,	MMSYN1_0128_1,447,Standard
BBF Synth1_Score,	MMSYN1_0707_1,768,Standard
BBF Synth1_Score,	MMSYN1_0418_1,717,Standard
BBF Synth1_Score,	MMSYN1_0419_1,1023,Standard
BBF Synth1_Score,	MMSYN1_0803_3,1276,Standard
BBF Synth1_Score,	MMSYN1_0297_2,951,Standard
BBF Synth1_Score,	MMSYN1_0006_1,971,Standard
BBF Synth1_Score,	MMSYN1_0638_1,474,Standard
BBF Synth1_Score,	MMSYN1_0609_1,1203,Standard
BBF Synth1_Score,	MMSYN1_0213_1,1374,Standard
BBF Synth1_Score,	MMSYN1_0685_1,1620,Standard
BBF Synth1_Score,	MMSYN1_0443_1,582,Standard
BBF Synth1_Score,	MMSYN1_0044_1,759,Standard
BBF Synth1_Score,	MMSYN1_0791_1,861,Standard
BBF Synth1_Score,	MMSYN1_0404_1,768,Standard
BBF Synth1_Score,	MMSYN1_0544_1,1041,Standard
BBF Synth1_Score,	MMSYN1_0301_1,513,Standard
BBF Synth1_Score,	MMSYN1_0201_1,621,Standard
BBF Synth1_Score,	MMSYN1_0406_1,938,Standard
BBF Synth1_Score,	MMSYN1_0065_1,327,Standard
BBF Synth1_Score,	MMSYN1_0832_1,579,Standard
BBF Synth1_Score,	MMSYN1_0657_1,408,Standard
BBF Synth1_Score,	MMSYN1_0366_1,969,Standard
BBF Synth1_Score,	MMSYN1_0823_1,1134,Standard
BBF Synth1_Score,	MMSYN1_0519_2,1393,Standard
BBF Synth1_Score,	MMSYN1_0228_2,964,Standard
BBF Synth1_Score,	MMSYN1_0810_1,447,Standard
BBF Synth1_Score,	MMSYN1_0453_2,1368,Standard
BBF Synth1_Score,	MMSYN1_0149_1,486,Standard
BBF Synth1_Score,	MMSYN1_0390_1,972,Standard
BBF Synth1_Score,	MMSYN1_0706_1,1767,Standard
BBF Synth1_Score,	MMSYN1_0064_1,1521,Standard
BBF Synth1_Score,	MMSYN1_0733_1,1695,Standard
BBF Synth1_Score,	MMSYN1_0687_1,1458,Standard
BBF Synth1_Score,	MMSYN1_0360_1,1362,Standard
BBF Synth1_Score,	MMSYN1_0257_1,1770,Standard
BBF Synth1_Score,	MMSYN1_0234_1,483,Standard
BBF Synth1_Score,	MMSYN1_0646_1,408,Standard
BBF Synth1_Score,	MMSYN1_0406_2,939,Standard
BBF Synth1_Score,	MMSYN1_0218_1,1536,Standard
BBF Synth1_Score,	MMSYN1_0425_1,1149,Standard
BBF Synth1_Score,	MMSYN1_0230_1,1200,Standard
BBF Synth1_Score,	MMSYN1_0163_2,1365,Standard
BBF Synth1_Score,	MMSYN1_0775_2,1077,Standard
BBF Synth1_Score,	MMSYN1_0524_1,945,Standard
BBF Synth1_Score,	MMSYN1_0519_1,1393,Standard
BBF Synth1_Score,	MMSYN1_0634_1,1226,Standard
BBF Synth1_Score,	MMSYN1_0647_1,384,Standard
BBF Synth1_Score,	MMSYN1_0304_1,1047,Standard
BBF Synth1_Score,	MMSYN1_0803_1,1274,Standard
BBF Synth1_Score,	MMSYN1_0475_1,975,Standard
BBF Synth1_Score,	MMSYN1_0316_2,1005,Standard
BBF Synth1_Score,	MMSYN1_0141_1,1113,Standard
BBF Synth1_Score,	MMSYN1_0412_3,1405,Standard
BBF Synth1_Score,	MMSYN1_0003_1,561,Standard
BBF Synth1_Score,	MMSYN1_0659_1,561,Standard
BBF Synth1_Score,	MMSYN1_0303_2,1503,Standard
BBF Synth1_Score,	MMSYN1_0612_2,1501,Standard
BBF Synth1_Score,	MMSYN1_0792_1,1596,Standard
BBF Synth1_Score,	MMSYN1_0260_1,1328,Standard
BBF Synth1_Score,	MMSYN1_0448_1,786,Standard
BBF Synth1_Score,	MMSYN1_0652_1,1467,Standard
BBF Synth1_Score,	MMSYN1_0529_1,1071,Standard
BBF Synth1_Score,	MMSYN1_0079_1,975,Standard
BBF Synth1_Score,	MMSYN1_0426_1,1064,Standard
BBF Synth1_Score,	MMSYN1_0260_2,1329,Standard
BBF Synth1_Score,	MMSYN1_0671_1,690,Standard
BBF Synth1_Score,	MMSYN1_0885_2,964,Standard
BBF Synth1_Score,	MMSYN1_0202_1,576,Standard
BBF Synth1_Score,	MMSYN1_0776_1,465,Standard
BBF Synth1_Score,	MMSYN1_0445_1,1302,Standard
BBF Synth1_Score,	MMSYN1_0415_2,1503,Standard
BBF Synth1_Score,	MMSYN1_0270_1,435,Standard
BBF Synth1_Score,	MMSYN1_0133_2,1156,Standard
BBF Synth1_Score,	MMSYN1_0372_2,946,Standard
BBF Synth1_Score,	MMSYN1_0262_1,696,Standard
BBF Synth1_Score,	MMSYN1_0150_1,1054,Standard
BBF Synth1_Score,	MMSYN1_0452_1,985,Standard
BBF Synth1_Score,	MMSYN1_0288_1,1263,Standard
BBF Synth1_Score,	MMSYN1_0885_1,964,Standard
BBF Synth1_Score,	MMSYN1_0672_1,327,Standard
BBF Synth1_Score,	MMSYN1_0338_1,738,Standard
BBF Synth1_Score,	MMSYN1_0163_1,1364,Standard
BBF Synth1_Score,	MMSYN1_0775_1,1076,Standard
BBF Synth1_Score,	MMSYN1_0690_2,1023,Standard
BBF Synth1_Score,	MMSYN1_0259_1,816,Standard
BBF Synth1_Score,	MMSYN1_0429_1,1248,Standard
BBF Synth1_Score,	MMSYN1_0859_1,1000,Standard
BBF Synth1_Score,	MMSYN1_0909_1,348,Standard
BBF Synth1_Score,	MMSYN1_0009_1,1303,Standard
BBF Synth1_Score,	MMSYN1_0645_1,972,Standard
BBF Synth1_Score,	MMSYN1_0664_1,432,Standard
BBF Synth1_Score,	MMSYN1_0131_1,912,Standard
BBF Synth1_Score,	MMSYN1_0794_1,564,Standard
BBF Synth1_Score,	MMSYN1_0656_1,561,Standard
BBF Synth1_Score,	MMSYN1_0008_1,996,Standard
BBF Synth1_Score,	MMSYN1_0009_2,1303,Standard
BBF Synth1_Score,	MMSYN1_0432_1,1182,Standard
BBF Synth1_Score,	MMSYN1_0837_1,1344,Standard
BBF Synth1_Score,	MMSYN1_0831_1,1053,Standard
BBF Synth1_Score,	MMSYN1_0414_2,1152,Standard
BBF Synth1_Score,	MMSYN1_0789_1,318,Standard
BBF Synth1_Score,	MMSYN1_0347_1,681,Standard
BBF Synth1_Score,	MMSYN1_0303_3,1503,Standard
BBF Synth1_Score,	MMSYN1_0391_1,573,Standard
BBF Synth1_Score,	MMSYN1_0047_2,1023,Standard
BBF Synth1_Score,	MMSYN1_0228_1,964,Standard
BBF Synth1_Score,	MMSYN1_0412_2,1405,Standard
BBF Synth1_Score,	MMSYN1_0772_1,492,Standard
BBF Synth1_Score,	MMSYN1_0876_1,1599,Standard
BBF Synth1_Score,	MMSYN1_0285_1,920,Standard
BBF Synth1_Score,	MMSYN1_0428_1,693,Standard
BBF Synth1_Score,	MMSYN1_0426_2,1065,Standard
BBF Synth1_Score,	MMSYN1_0537_1,732,Standard
BBF Synth1_Score,	MMSYN1_0282_1,1443,Standard
BBF Synth1_Score,	MMSYN1_0824_1,1439,Standard
BBF Synth1_Score,	MMSYN1_0806_1,387,Standard
BBF Synth1_Score,	MMSYN1_0285_2,921,Standard
BBF Synth1_Score,	MMSYN1_0247_1,609,Standard
BBF Synth1_Score,	MMSYN1_0787_2,1434,Standard
BBF Synth1_Score,	MMSYN1_0046_1,609,Standard
BBF Synth1_Score,	MMSYN1_0824_2,1440,Standard
BBF Synth1_Score,	MMSYN1_0220_1,999,Standard
BBF Synth1_Score,	MMSYN1_0542_1,1794,Standard
BBF Synth1_Score,	MMSYN1_0150_2,1054,Standard
BBF Synth1_Score,	MMSYN1_0887_1,1362,Standard
BBF Synth1_Score,	MMSYN1_0407_1,1539,Standard
BBF Synth1_Score,	MMSYN1_0608_1,957,Standard
BBF Synth1_Score,	MMSYN1_0012_1,1548,Standard
BBF Synth1_Score,	MMSYN1_0154_1,1374,Standard
BBF Synth1_Score,	MMSYN1_0696_1,774,Standard
BBF Synth1_Score,	MMSYN1_0690_1,1022,Standard
BBF Synth1_Score,	MMSYN1_0787_1,1433,Standard
BBF Synth1_Score,	MMSYN1_0045_1,660,Standard
BBF Synth1_Score,	MMSYN1_0148_1,438,Standard
BBF Synth1_Score,	MMSYN1_0411_1,1533,Standard
BBF Synth1_Score,	MMSYN1_0388_1,636,Standard
BBF Synth1_Score,	MMSYN1_0039_1,992,Standard
BBF Synth1_Score,	MMSYN1_0650_1,774,Standard
BBF Synth1_Score,	MMSYN1_0216_1,591,Standard
BBF Synth1_Score,	MMSYN1_0138_1,968,Standard
BBF Synth1_Score,	MMSYN1_0691_2,1030,Standard
BBF Synth1_Score,	MMSYN1_0164_1,513,Standard
BBF Synth1_Score,	MMSYN1_0166_1,1029,Standard
BBF Synth1_Score,	MMSYN1_0693_1,987,Standard
BBF Synth1_Score,	MMSYN1_0308_1,1029,Standard
BBF Synth1_Score,	MMSYN1_0435_1,948,Standard
BBF Synth1_Score,	MMSYN1_0686_1,747,Standard
BBF Synth1_Score,	MMSYN1_0127_1,1233,Standard
BBF Synth1_Score,	MMSYN1_0389_1,1091,Standard
BBF Synth1_Score,	MMSYN1_0108_1,1131,Standard
BBF Synth1_Score,	MMSYN1_0399_2,1774,Standard
BBF Synth1_Score,	MMSYN1_0415_1,1502,Standard
BBF Synth1_Score,	MMSYN1_0040_1,1224,Standard
BBF Synth1_Score,	MMSYN1_0503_1,420,Standard
BBF Synth1_Score,	MMSYN1_0777_1,504,Standard
BBF Synth1_Score,	MMSYN1_0371_2,955,Standard
BBF Synth1_Score,	MMSYN1_0505_1,1092,Difficult
BBF Synth1_Score,	MMSYN1_0504_1,906,Standard
BBF Synth1_Score,	MMSYN1_0107_1,417,Standard
BBF Synth1_Score,	MMSYN1_0253_1,492,Standard
BBF Synth1_Score,	MMSYN1_0530_1,627,Standard
BBF Synth1_Score,	MMSYN1_0872_1,1113,Standard
BBF Synth1_Score,	MMSYN1_0399_1,1772,Difficult
BBF Synth1_Score,	MMSYN1_0531_3,1503,Standard
BBF Synth1_Score,	MMSYN1_0034_4,1361,Standard
BBF Synth1_Score,	MMSYN1_0839_1,342,Standard
BBF Synth1_Score,	MMSYN1_0144_1,519,Standard
BBF Synth1_Score,	MMSYN1_0326_1,780,Standard
BBF Synth1_Score,	MMSYN1_0143_1,1491,Standard
BBF Synth1_Score,	MMSYN1_0264_1,1134,Difficult
BBF Synth1_Score,	MMSYN1_0399_3,1774,Standard
BBF Synth1_Score,	MMSYN1_0827_1,1485,Standard
BBF Synth1_Score,	MMSYN1_0525_1,420,Standard
BBF Synth1_Score,	MMSYN1_0138_2,969,Standard
BBF Synth1_Score,	MMSYN1_0907_1,813,Standard
BBF Synth1_Score,	MMSYN1_0283_1,636,Standard
BBF Synth1_Score,	MMSYN1_0167_1,1719,Standard
BBF Synth1_Score,	MMSYN1_0870_1,1785,Standard
BBF Synth1_Score,	MMSYN1_0620_1,483,Standard
BBF Synth1_Score,	MMSYN1_0614_1,1080,Standard
BBF Synth1_Score,	MMSYN1_0440_2,1488,Standard
BBF Synth1_Score,	MMSYN1_0097_1,930,Standard
BBF Synth1_Score,	MMSYN1_0481_1,456,Standard
BBF Synth1_Score,	MMSYN1_0409_1,795,Standard
BBF Synth1_Score,	MMSYN1_0332_1,846,Standard
BBF Synth1_Score,	MMSYN1_0433_1,702,Standard
BBF Synth1_Score,	MMSYN1_0271_1,582,Standard
BBF Synth1_Score,	MMSYN1_0327_1,855,Standard
BBF Synth1_Score,	MMSYN1_0479_1,1665,Standard
BBF Synth1_Score,	MMSYN1_0838_1,753,Standard
BBF Synth1_Score,	MMSYN1_0042_1,846,Standard
BBF Synth1_Score,	MMSYN1_0495_1,894,Standard
BBF Synth1_Score,	MMSYN1_0165_1,1263,Standard
BBF Synth1_Score,	MMSYN1_0359_1,1548,Standard
BBF Synth1_Score,	MMSYN1_0440_1,1487,Standard
BBF Synth1_Score,	MMSYN1_0389_2,1092,Standard
BBF Synth1_Score,	MMSYN1_0636_2,1414,Standard
BBF Synth1_Score,	MMSYN1_0298_1,318,Standard
BBF Synth1_Score,	MMSYN1_0451_1,1434,Standard
BBF Synth1_Score,	MMSYN1_0416_1,408,Standard
BBF Synth1_Score,	MMSYN1_0063_1,993,Standard
BBF Synth1_Score,	MMSYN1_0296_1,663,Standard
BBF Synth1_Score,	MMSYN1_0054_1,468,Standard
BBF Synth1_Score,	MMSYN1_0239_1,913,Standard
BBF Synth1_Score,	MMSYN1_0511_1,642,Standard
BBF Synth1_Score,	MMSYN1_0853_1,738,Standard
BBF Synth1_Score,	MMSYN1_0033_1,1598,Standard
BBF Synth1_Score,	MMSYN1_0109_1,888,Standard
BBF Synth1_Score,	MMSYN1_0286_1,825,Standard
BBF Synth1_Score,	MMSYN1_0531_2,1503,Standard
BBF Synth1_Score,	MMSYN1_0168_2,954,Standard
BBF Synth1_Score,	MMSYN1_0615_1,627,Standard
BBF Synth1_Score,	MMSYN1_0382_1,657,Standard
BBF Synth1_Score,	MMSYN1_0325_1,1509,Standard
BBF Synth1_Score,	MMSYN1_0906_1,735,Standard
BBF Synth1_Score,	MMSYN1_0438_1,417,Standard
BBF Synth1_Score,	MMSYN1_0139_1,969,Standard
BBF Synth1_Score,	MMSYN1_0710_1,882,Standard
BBF Synth1_Score,	MMSYN1_0877_1,699,Standard
BBF Synth1_Score,	MMSYN1_0398_1,1250,Standard
BBF Synth1_Score,	MMSYN1_0345_1,909,Standard
BBF Synth1_Score,	MMSYN1_0691_1,1030,Standard
BBF Synth1_Score,	MMSYN1_0516_1,1320,Standard
BBF Synth1_Score,	MMSYN1_0281_1,699,Standard
BBF Synth1_Score,	MMSYN1_0817_1,948,Standard
BBF Synth1_Score,	MMSYN1_0881_1,1446,Standard
BBF Synth1_Score,	MMSYN1_0222_1,979,Standard
BBF Synth1_Score,	MMSYN1_0797_link_MMSYN1_0317_1,535,Standard
BBF Synth1_Score,	MMSYN1_0169_1,1570,Standard
BBF Synth1_Score,	MMSYN1_0197_1,1074,Standard
BBF Synth1_Score,	MMSYN1_0239_2,913,Standard
BBF Synth1_Score,	MMSYN1_0305_1,1095,Standard
BBF Synth1_Score,	MMSYN1_0033_2,1599,Standard
BBF Synth1_Score,	MMSYN1_0420_1,1662,Standard
BBF Synth1_Score,	MMSYN1_0315_link_MMSYN1_0774_1,490,Standard
BBF Synth1_Score,	MMSYN1_0043_1,741,Standard
BBF Synth1_Score,	MMSYN1_0531_1,1501,Standard
BBF Synth1_Score,	MMSYN1_0034_2,1363,Standard
BBF Synth1_Score,	MMSYN1_0168_1,953,Standard
BBF Synth1_Score,	MMSYN1_0692_1,927,Standard
BBF Synth1_Score,	MMSYN1_0836_1,945,Standard
BBF Synth1_Score,	MMSYN1_0439_1,1097,Standard
BBF Synth1_Score,	MMSYN1_0632_1,495,Standard
BBF Synth1_Score,	MMSYN1_0132_1,1080,Standard
BBF Synth1_Score,	MMSYN1_0408_1,696,Standard
BBF Synth1_Score,	MMSYN1_0094_1,735,Standard
BBF Synth1_Score,	MMSYN1_0639_1,1400,Standard
BBF Synth1_Score,	MMSYN1_0140_1,648,Standard
BBF Synth1_Score,	MMSYN1_0658_link_MMSYN1_0137_1,517,Standard
BBF Synth1_Score,	MMSYN1_0371_1,955,Standard
BBF Synth1_Score,	MMSYN1_0302_1,669,Standard
BBF Synth1_Score,	MMSYN1_0805_1,1194,Standard
BBF Synth1_Score,	MMSYN1_0437_1,999,Standard
BBF Synth1_Score,	MMSYN1_0730_1,618,Standard
BBF Synth1_Score,	MMSYN1_0649_link_MMSYN1_0830_1,538,Standard
BBF Synth1_Score,	MMSYN1_0421_1,330,Standard
BBF Synth1_Score,	MMSYN1_0400_1,570,Standard
BBF Synth1_Score,	MMSYN1_0145_1,933,Standard
BBF Synth1_Score,	MMSYN1_0648_link_MMSYN1_0689_1,463,Standard
BBF Synth1_Score,	MMSYN1_0025_link_MMSYN1_0662_1,538,Standard
BBF Synth1_Score,	MMSYN1_0401_2,912,Standard
BBF Synth1_Score,	MMSYN1_0250_1,708,Standard
BBF Synth1_Score,	MMSYN1_0879_1,1348,Standard
BBF Synth1_Score,	MMSYN1_0639_3,1402,Standard
BBF Synth1_Score,	MMSYN1_0439_2,1098,Standard
BBF Synth1_Score,	MMSYN1_0066_1,861,Standard
BBF Synth1_Score,	MMSYN1_0373_1,1626,Standard
BBF Synth1_Score,	MMSYN1_0879_2,1348,Standard
BBF Synth1_Score,	MMSYN1_0392_1,321,Standard
BBF Synth1_Score,	MMSYN1_0661_1,387,Standard
BBF Synth1_Score,	MMSYN1_0080_link_MMSYN1_0500_1,538,Standard
BBF Synth1_Score,	MMSYN1_0196_1,1011,Standard
BBF Synth1_Score,	MMSYN1_0030_1,1053,Standard
BBF Synth1_Score,	MMSYN1_0195_2,1575,Standard
BBF Synth1_Score,	MMSYN1_0222_2,979,Standard
BBF Synth1_Score,	MMSYN1_0199_link_MMSYN1_0362_1,523,Standard
BBF Synth1_Score,	ColE1-Gen-1,1665,Difficult
BBF Synth1_Score,	MMSYN1_0398_2,1251,Standard
BBF Synth1_Score,	MMSYN1_0639_2,1402,Standard
BBF Synth1_Score,	MMSYN1_0146_1,726,Standard
BBF Synth1_Score,	MMSYN1_0873_link_MMSYN1_0694_1,523,Standard
BBF Synth1_Score,	MMSYN1_0005_1,1110,Standard
BBF Synth1_Score,	MMSYN1_0728_1,855,Standard
BBF Synth1_Score,	MMSYN1_0424_1,462,Standard
BBF Synth1_Score,	MMSYN1_0441_1,1257,Standard
BBF Synth1_Score,	MMSYN1_0082_link_MMSYN1_0082_1,544,Impossible
BBF Synth1_Score,	MMSYN1_0353_1,396,Standard
BBF Synth1_Score,	MMSYN1_0601_1,963,Standard
BBF Synth1_Score,	MMSYN1_0081_1,1377,Standard
BBF Synth1_Score,	MMSYN1_0376_1,333,Standard
BBF Synth1_Score,	MMSYN1_0444_1,967,Standard
BBF Synth1_Score,	MMSYN1_0482_link_MMSYN1_0299_1,499,Standard
BBF Synth1_Score,	MMSYN1_0835_1,1326,Standard
BBF Synth1_Score,	MMSYN1_0526_link_MMSYN1_0499_1,514,Standard
BBF Synth1_Score,	MMSYN1_0029_1,618,Standard
BBF Synth1_Score,	MMSYN1_0910_link_MMSYN1_0235_1,478,Standard
BBF Synth1_Score,	MMSYN1_0852_link_MMSYN1_0778_1,535,Standard
BBF Synth1_Score,	MMSYN1_0422_link_MMSYN1_0350_1,523,Standard
BBF Synth1_Score,	ColE1-Gen-2,1364,Standard
BBF Synth1_Score,	MspIM,1525,Standard
BBF Synth1_Score,	MMSYN1_0809_1,699,Standard
BBF Synth1_Score,	MMSYN1_0412_1,1403,Standard
BBF Synth1_Score,	MMSYN1_0636_1,1414,Standard
BBF Synth1_Score,	MMSYN1_0249_1,597,Impossible
