,Gene ID,Gene Name,Sequence
0,BBF10K_000625,Arabidopsis_ascpf1,ATGACCCAATTTGAGGGGTTCACAAATCTCTATCAAGTAAGCAAAACGTTGAGATTTGAACTCATACCTCAAGGAAAGACACTGAAGCATATTCAAGAGCAAGGCTTTATTGAAGAGGACAAGGCAAGGAATGATCACTACAAGGAATTAAAACCCATTATAGACCGTATCTACAAAACATATGCGGATCAGTGTCTGCAGCTCGTTCAATTAGATTGGGAAAATCTTTCCGCGGCGATAGATTCTTACCGTAAAGAAAAGACGGAGGAAACCAGGAATGCACTGATCGAGGAGCAGGCTACGTACAGGAACGCTATCCACGACTACTTTATAGGGAGAACTGATAACCTGACGGACGCTATAAATAAACGACACGCAGAGATTTACAAAGGACTTTTCAAAGCGGAGCTATTTAATGGAAAAGTCTTGAAGCAACTGGGTACTGTGACGACAACTGAGCACGAGAACGCTCTCCTACGTTCCTTTGATAAATTTACGACCTATTTTAGTGGATTCTATGAGAATCGTAAAAATGTGTTCTCTGCCGAGGACATCTCTACAGCTATTCCTCACAGGATTGTACAAGATAATTTCCCTAAGTTTAAAGAGAACTGCCACATATTCACAAGGCTAATAACGGCGGTCCCTTCCTTAAGAGAACACTTCGAAAATGTCAAGAAAGCCATCGGAATATTTGTATCTACGTCTATAGAAGAGGTATTTTCCTTCCCCTTTTACAACCAACTTCTCACCCAGACACAGATAGACCTGTACAACCAGCTGTTGGGTGGAATCTCACGAGAGGCTGGGACAGAGAAAATTAAGGGCCTTAATGAGGTGTTGAATCTCGCTATCCAAAAGAATGATGAAACTGCGCATATAATAGCGTCACTCCCACATCGTTTTATTCCGCTTTTCAAACAAATACTGAGTGACAGGAACACGCTAAGCTTTATATTGGAAGAGTTTAAAAGTGATGAAGAGGTGATTCAGTCCTTCTGTAAATATAAAACGCTTTTAAGGAATGAAAATGTCTTGGAAACCGCTGAAGCGCTTTTCAATGAGCTAAACAGTATTGACCTCACGCACATATTTATATCTCACAAGAAACTAGAAACTATTAGCTCAGCGCTGTGTGATCACTGGGACACTTTGCGTAACGCCTTATACGAAAGGCGTATCTCTGAGTTGACAGGCAAAATTACCAAAAGTGCAAAAGAGAAAGTTCAGCGAAGCCTCAAACACGAGGACATAAATCTGCAGGAAATCATTTCAGCAGCAGGCAAAGAACTGTCAGAGGCTTTCAAGCAAAAGACCTCAGAGATTTTAAGCCACGCCCATGCCGCCTTAGACCAGCCCCTTCCCACGACATTGAAGAAGCAAGAAGAGAAAGAGATCCTTAAGAGCCAGCTTGACTCTTTGTTGGGGCTGTATCATCTATTGGACTGGTTTGCGGTGGATGAGTCAAATGAAGTTGATCCGGAGTTCAGTGCGAGATTGACCGGCATAAAGTTAGAAATGGAGCCCTCTCTGAGCTTTTACAACAAAGCGCGTAACTATGCAACGAAGAAACCGTACAGTGTCGAAAAATTTAAATTGAATTTTCAAATGCCTACCCTGGCGAGTGGATGGGATGTTAATAAAGAGAAGAACAACGGAGCCATACTATTTGTTAAAAACGGGCTGTATTACCTGGGCATCATGCCGAAACAGAAAGGCCGATACAAAGCCTTAAGTTTTGAGCCCACGGAAAAGACATCCGAGGGATTTGATAAAATGTACTATGACTATTTTCCTGATGCCGCTAAGATGATCCCCAAGTGTTCTACACAATTAAAAGCTGTAACCGCTCATTTCCAGACACACACGACACCGATACTTCTGAGTAACAACTTTATCGAACCGCTAGAGATAACCAAGGAAATTTACGACCTTAATAATCCAGAAAAAGAGCCGAAGAAATTTCAGACTGCCTATGCCAAAAAGACGGGGGACCAGAAGGGTTACAGAGAGGCTCTGTGCAAGTGGATCGATTTTACTAGGGACTTCCTGTCTAAATATACAAAGACGACCTCTATAGACTTGAGCTCACTCAGACCATCAAGCCAGTACAAAGACCTAGGGGAATATTATGCGGAACTTAATCCTCTCCTTTACCACATCTCATTTCAGCGTATAGCAGAAAAGGAGATAATGGATGCGGTAGAAACGGGCAAGTTATATCTCTTCCAGATCTACAACAAAGACTTTGCAAAGGGTCATCACGGCAAGCCTAATCTGCATACCCTCTACTGGACAGGCTTATTTTCCCCTGAGAACCTCGCCAAGACCAGTATTAAGCTGAACGGTCAAGCTGAGTTATTCTACCGACCTAAATCCAGAATGAAGAGAATGGCCCATCGTTTGGGTGAGAAGATGCTTAATAAGAAACTCAAAGACCAAAAGACCCCTATTCCAGACACGCTCTACCAAGAGTTGTACGACTATGTTAATCATCGACTGTCACACGATTTATCTGATGAAGCCCGTGCTCTCCTTCCCAATGTTATCACAAAAGAGGTAAGTCATGAGATTATTAAAGATAGGCGATTCACGTCAGATAAGTTCTTTTTTCACGTTCCAATTACTTTAAACTACCAAGCTGCAAACAGTCCGTCTAAGTTCAATCAAAGAGTTAATGCTTATCTTAAAGAGCATCCAGAAACGCCGATAATCGGGATAGACCGTGGTGAGCGAAACCTAATCTACATCACAGTTATCGACTCTACCGGGAAGATTTTGGAGCAAAGATCACTGAATACAATCCAACAGTTTGATTATCAGAAAAAGTTGGATAATCGTGAGAAAGAAAGGGTCGCCGCCAGGCAGGCATGGAGTGTTGTGGGCACTATCAAAGACTTAAAGCAAGGTTACTTATCTCAAGTTATACACGAAATTGTTGACCTAATGATACACTACCAAGCCGTAGTCGTACTGGAGAACTTAAACTTCGGGTTTAAATCCAAGAGAACTGGGATAGCAGAGAAGGCCGTATATCAGCAATTTGAGAAGATGCTGATTGACAAACTTAACTGTCTGGTTCTTAAAGACTATCCTGCTGAGAAGGTGGGGGGAGTGCTAAATCCGTATCAATTAACGGATCAATTTACGTCTTTTGCGAAGATGGGGACTCAATCCGGGTTCTTGTTTTACGTGCCGGCGCCCTATACTTCAAAGATAGATCCGCTTACCGGCTTTGTCGATCCCTTCGTATGGAAAACAATTAAAAACCATGAATCACGTAAGCATTTCTTGGAAGGCTTCGATTTTTTGCACTACGACGTCAAAACGGGAGATTTTATTTTGCACTTCAAGATGAACAGGAATTTGAGTTTTCAGCGAGGACTTCCAGGGTTTATGCCAGCGTGGGACATCGTTTTCGAGAAAAATGAAACCCAGTTTGATGCAAAGGGGACACCGTTTATCGCGGGAAAAAGAATCGTACCTGTCATTGAAAACCACCGTTTTACTGGCAGATATCGAGATTTATACCCAGCGAATGAGTTAATAGCGCTATTGGAGGAAAAAGGCATAGTGTTTCGTGACGGATCTAACATCCTTCCCAAACTTCTTGAAAACGATGACTCTCATGCTATAGACACCATGGTTGCTCTGATCAGATCCGTCCTACAAATGCGTAACTCAAACGCTGCAACGGGAGAGGACTATATCAACAGTCCTGTTCGAGATCTAAACGGAGTCTGTTTCGACAGCAGATTTCAAAATCCAGAGTGGCCGATGGACGCGGACGCGAACGGAGCCTACCATATAGCCTTGAAGGGGCAACTGCTCCTTAACCATCTGAAAGAGTCTAAGGATTTAAAACTCCAAAATGGCATTAGCAACCAAGACTGGCTTGCCTATATACAAGAATTGCGTAACTGA
1,BBF10K_000562,aphA5a,ATGGATGACTCTACGCTGCGTCGCAAGTATCCGCATCACGAATGGCATGCTGTGAATGAGGGGGACTCAGGCGCGTTTGTCTATCAGCTTACTGGAGGGCCTGAGCCCCAACCGGAATTGTACGCCAAGATCGCACCGCGCGCACCTGAAAATTCCGCTTTTGATTTGTCTGGTGAGGCGGACCGCCTTGAGTGGTTACACCGCCATGGGATCCCAGTGCCCCGTGTTGTAGAACGTGGCGCGGATGACACCGCTGCATGGTTGGTTACGGAAGCCGTCCCCGGCGTCGCAGCTGCGGAAGAGTGGCCGGAACACCAGCGTTTCGCCGTCGTAGAAGCTATGGCTGAATTGGCACGTGCGTTGCACGAGCTGCCAGTGGAAGATTGTCCTTCCGACCGCCGCCTGGATGCTGCCGTTGCTGAGGCTCGCCGTAATGTAGCAGAAGGGTTGGTGGACCTTGATGACTTACAGGAGGAGCGTGCGGGATGGACAGGTGACCAGTTATTAGCTGAGCTGGATCGCACCCGTCCTGAGAAGGAGGACCTTGTTGTGTGCCACGGGGATCTTTGTCCCAATAATGTATTGTTAGACCCGGGCACTTGTCGCGTAACCGGCGTAATTGACGTAGGCCGTTTAGGTGTAGCTGATCGCCATGCAGATATCGCTTTAGCCGCTCGTGAATTGGAAATCGACGAGGACCCCTGGTTTGGCCCTGCGTATGCAGAACGCTTCCTTGAACGCTACGGGGCACATCGTGTCGATAAGGAGAAGTTAGCGTTTTACCAATTACTGGATGAGTTCTTCTGA
2,BBF10K_000563,ADGRB1,ATGAGAGGCCAGGCTGCTGCACCAGGACCAGTGTGGATACTTGCGCCTTTGCTGCTCCTCTTGCTTCTCCTCGGCCGCCGGGCCAGAGCAGCGGCGGGGGCCGATGCCGGTCCAGGCCCGGAGCCATGCGCCACCCTGGTCCAGGGGAAGTTCTTTGGCTATTTTAGTGCAGCAGCTGTTTTTCCAGCAAATGCGTCCCGCTGTAGTTGGACACTGCGAAATCCCGACCCTAGAAGGTATACCCTGTACATGAAAGTGGCGAAAGCCCCCGTCCCTTGCTCTGGTCCAGGTCGAGTCCGAACATACCAGTTTGATAGTTTTCTCGAATCAACTCGGACATATTTGGGGGTGGAAAGTTTTGACGAAGTTCTTCGGCTGTGTGACCCGTCAGCCCCTTTGGCTTTCCTTCAAGCATCTAAACAGTTTCTGCAAATGCGACGACAACAACCCCCTCAGCACGATGGGCTCCGCCCAAGGGCTGGCCCTCCAGGTCCAACCGATGACTTCTCAGTAGAATACCTGGTCGTAGGGAACAGGAATCCTTCCCGGGCAGCTTGTCAGATGCTTTGTAGATGGCTCGATGCATGCCTTGCTGGTTCCAGATCATCTCACCCCTGTGGAATAATGCAAACTCCATGCGCGTGCCTTGGGGGTGAAGCGGGTGGTCCTGCCGCGGGTCCTCTGGCTCCCCGAGGGGACGTGTGCTTGCGCGACGCTGTTGCTGGAGGACCCGAGAATTGTCTCACGTCACTCACGCAAGATCGGGGAGGACACGGGGCTACAGGCGGGTGGAAACTCTGGTCCCTCTGGGGCGAGTGTACGCGGGACTGCGGAGGTGGCCTGCAAACACGCACGCGAACTTGCCTCCCCGCTCCTGGTGTGGAGGGCGGTGGCTGCGAAGGAGTCCTGGAGGAAGGCCGGCAATGCAACCGAGAAGCTTGCGGCCCAGCGGGTCGGACGTCTAGTCGATCCCAGAGTTTGCGGTCAACAGACGCCAGACGACGCGAAGAACTTGGTGATGAGCTTCAACAGTTCGGATTTCCTGCGCCACAGACCGGGGACCCTGCTGCTGAAGAGTGGAGTCCCTGGAGCGTATGTTCATCTACTTGCGGTGAGGGGTGGCAGACTAGAACTAGATTTTGTGTCTCTAGCAGTTACTCTACGCAGTGCTCCGGTCCATTGAGGGAGCAACGCCTCTGCAATAACTCTGCAGTATGCCCTGTGCATGGTGCTTGGGATGAATGGAGCCCTTGGTCCTTGTGCAGTAGCACATGTGGTCGGGGCTTCCGAGATCGGACACGAACCTGTCGCCCGCCTCAATTTGGAGGCAATCCCTGTGAGGGTCCCGAGAAACAAACAAAATTTTGTAATATCGCACTTTGTCCTGGGCGAGCGGTAGACGGGAACTGGAATGAATGGTCATCATGGAGTGCTTGCTCCGCTTCTTGCAGCCAGGGTAGACAACAACGGACGCGGGAGTGCAATGGGCCAAGCTATGGCGGAGCAGAATGCCAAGGACACTGGGTGGAAACTCGCGATTGCTTCCTCCAGCAATGTCCGGTAGATGGGAAATGGCAGGCTTGGGCCAGCTGGGGTTCATGCAGTGTTACGTGTGGGGCTGGTTCCCAAAGACGAGAGCGGGTATGCTCCGGACCCTTCTTTGGAGGGGCCGCGTGTCAAGGCCCGCAAGACGAATATAGACAATGCGGGACACAAAGATGCCCCGAGCCTCATGAAATTTGTGATGAGGATAATTTCGGAGCGGTAATTTGGAAGGAAACGCCAGCGGGTGAGGTCGCGGCCGTAAGGTGCCCGCGAAACGCCACTGGACTCATTCTTAGAAGATGTGAACTTGACGAGGAGGGCATAGCCTATTGGGAACCCCCAACATATATAAGATGCGTTTCAATCGATTATCGCAACATCCAGATGATGACAAGAGAACATCTGGCGAAAGCCCAGCGGGGTCTGCCTGGGGAAGGAGTGTCTGAGGTGATTCAGACGCTCGTCGAGATCAGCCAAGACGGCACGTCATATTCAGGCGATCTGTTGTCCACGATAGACGTTTTGCGCAATATGACCGAGATATTTCGCCGAGCATATTACTCTCCAACTCCGGGTGACGTTCAGAATTTCGTCCAAATTTTGAGCAATCTGCTCGCGGAGGAGAATCGCGATAAGTGGGAGGAAGCTCAGCTTGCTGGTCCGAACGCTAAAGAGCTTTTCCGGCTGGTTGAGGACTTCGTTGATGTAATAGGGTTTCGAATGAAAGATCTTCGAGATGCGTACCAGGTAACTGATAACCTGGTTCTCTCAATCCATAAGTTGCCGGCCTCCGGAGCTACTGACATTTCATTTCCAATGAAGGGCTGGCGCGCTACGGGGGATTGGGCTAAGGTACCAGAGGACAGAGTCACCGTTAGTAAGTCCGTATTTTCCACTGGGCTGACGGAAGCTGACGAGGCTTCAGTATTTGTTGTGGGCACCGTTTTGTACCGAAACCTTGGCTCTTTCCTGGCACTTCAAAGGAACACCACCGTCCTTAACTCAAAGGTGATCAGTGTAACAGTCAAGCCTCCACCGCGCAGTCTCCGCACACCGCTGGAAATTGAATTTGCACATATGTACAACGGGACGACGAACCAGACGTGCATTCTCTGGGACGAGACAGATGTGCCATCATCAAGCGCGCCACCTCAACTGGGACCCTGGAGCTGGCGCGGCTGCCGCACAGTTCCTTTGGACGCACTTCGGACCAGGTGCCTTTGTGACCGACTCAGCACGTTCGCTATCCTCGCTCAGTTGAGCGCCGACGCTAACATGGAGAAAGCAACCCTGCCAAGCGTTACCCTCATTGTTGGCTGTGGAGTCAGTAGTTTGACCCTTCTGATGCTCGTAATCATTTATGTGTCTGTATGGCGATACATACGAAGCGAGCGCTCAGTGATCCTGATCAATTTTTGCCTCTCCATTATCAGCTCAAACGCGCTGATACTGATCGGTCAGACACAGACTCGGAACAAAGTTGTATGCACACTTGTGGCGGCCTTTCTTCATTTTTTCTTCTTATCTTCTTTCTGTTGGGTTTTGACTGAAGCGTGGCAATCTTATATGGCAGTTACTGGGCATCTCAGAAACAGGCTTATAAGAAAGAGGTTCTTGTGTTTGGGCTGGGGTCTGCCAGCGCTGGTGGTCGCTATCAGTGTCGGATTCACTAAGGCCAAGGGGTATTCAACAATGAACTATTGCTGGCTGTCCCTTGAGGGTGGACTCCTTTATGCTTTTGTTGGGCCTGCCGCAGCGGTCGTTTTGGTTAATATGGTAATTGGAATACTCGTCTTTAACAAATTGGTTAGTAAGGATGGTATAACGGATAAGAAACTTAAGGAGAGAGCTGGGGCATCCTTGTGGTCAAGCTGTGTCGTATTGCCACTCCTGGCACTCACCTGGATGAGCGCTGTACTGGCGGTCACTGATAGGCGAAGCGCACTGTTCCAAATATTGTTCGCAGTCTTTGATTCTCTTGAAGGATTCGTTATAGTTATGGTTCACTGCATCCTTCGCCGGGAGGTGCAAGACGCAGTTAAGTGCCGGGTCGTTGACAGACAGGAAGAAGGAAATGGTGACTCCGGGGGCAGTTTTCAAAATGGACACGCACAGCTTATGACCGATTTCGAAAAAGATGTAGATTTGGCGTGCAGATCTGTTCTCAACAAAGACATTGCGGCATGCCGCACCGCGACAATCACCGGTACTCTTAAGCGCCCTAGTCTGCCTGAGGAAGAAAAGTTGAAACTTGCCCATGCCAAAGGACCTCCGACAAATTTTAACAGTCTCCCCGCAAACGTTTCAAAACTTCATCTTCACGGCTCACCCCGCTACCCAGGTGGGCCGCTCCCAGACTTCCCCAACCATTCTCTTACACTCAAAAGAGACAAAGCCCCAAAGAGCTCCTTTGTAGGCGACGGAGATATCTTCAAGAAACTTGACTCCGAGTTGTCACGAGCTCAGGAGAAGGCTCTGGACACTTCTTACGTTATTCTCCCAACAGCAACAGCCACTCTCAGACCAAAGCCCAAAGAGGAGCCAAAGTATTCAATTCACATCGACCAGATGCCTCAGACTCGGCTCATCCATCTCTCAACCGCGCCTGAGGCGTCCCTTCCCGCGCGCAGCCCTCCATCTCGACAACCTCCGTCTGGCGGACCCCCTGAGGCTCCCCCAGCGCAGCCACCACCTCCACCACCACCTCCCCCGCCACCTCCACAGCAGCCGCTTCCTCCACCGCCAAATCTGGAGCCTGCTCCTCCCTCACTGGGCGATCCAGGCGAGCCTGCGGCGCATCCGGGTCCGTCAACAGGCCCCTCTACGAAAAATGAGAATGTCGCAACCCTCTCTGTCAGCTCCCTCGAACGGAGAAAAAGTCGATACGCCGAACTTGACTTTGAAAAGATAATGCATACCAGAAAAAGACACCAGGATATGTTTCAAGACTTGAATCGGAAATTGCAACACGCTGCAGAAAAGGACAAGGAGGTATTGGGCCCTGACTCTAAGCCTGAAAAGCAACAGACCCCTAACAAGCGGCCTTGGGAGTCCCTGAGGAAAGCCCACGGTACACCTACCTGGGTTAAAAAAGAGTTGGAACCGCTGCAGCCATCCCCGCTTGAACTGCGGAGTGTGGAGTGGGAAAGGTCAGGTGCGACAATTCCTCTGGTTGGTCAGGATATTATCGATCTCCAGACTGAAGTTTGA
3,BBF10K_000564,CCNB3,ATGTTGCTGCCTCTCCCTCCCCAGTCCTCAAAGCCTGTCCCGAAGAAAAGTCAAAGTTCCAAAATCGTGCCCTCACATCACGATCCATCCGAGAAAACCGGAGAGAACTGCCAGACAAAAATATCTCCTAGTTCACTTCAGGAAAGTCCCAGTAGCCTGCAGGGAGCACTCAAGAAACGCAGTGCATTTGAAGATCTTACCAATGCATCACAGTGTCAGCCCGTCCAGCCAAAGAAAGAAGCAAACAAAGAGTTCGTAAAGGTGGTGTCCAAGAAAATAAATCGCAACACGCACGCCCTTGGGCTGGCTAAGAAGAACAAACGAAATCTTAAATGGCACAAACTGGAGGTAACCCCAGTGGTCGCCAGTACTACCGTCGTGCCAAACATAATGGAGAAGCCGCTGATTCTGGATATCTCCACGACATCTAAGACGCCAAACACCGAGGAGGCAAGTCTTTTCAGGAAACCTTTGGTGTTGAAGGAGGAACCGACAATTGAAGATGAAACGCTCATCAATAAGTCCCTGTCTTTGAAAAAGTGCAGCAACCACGAGGAAGTCTCCCTCCTCGAGAAATTGCAACCTCTCCAAGAAGAATCTGATTCAGACGATGCCTTCGTAATAGAACCCATGACTTTTAAAAAGACGCACAAGACTGAAGAGGCAGCCATCACGAAGAAAACCCTTAGTCTCAAAAAGAAGATGTGTGCATCTCAGCGAAAACAATCTTGCCAGGAGGAAAGCCTCGCTGTACAGGACGTAAACATGGAAGAGGATTCCTTTTTTATGGAAAGTATGTCTTTCAAGAAAAAGCCTAAGACTGAGGAGAGCATACCGACACACAAATTGTCCAGCCTTAAAAAGAAGTGCACGATCTATGGTAAAATATGTCATTTCAGAAAACCTCCCGTTCTGCAAACGACAATTTGTGGCGCCATGTCTAGCATTAAGAAACCGACCACTGAGAAGGAAACGCTGTTCCAAGAACTCTCAGTTCTCCAAGAGAAACACACCACAGAGCATGAGATGTCCATTCTGAAAAAGTCATTGGCACTGCAAAAGACTAATTTCAAAGAGGACTCTCTCGTTAAGGAGTCTCTCGCGTTCAAGAAGAAGCCTTCAACCGAGGAAGCGATAATGATGCCCGTAATCCTTAAGGAACAGTGCATGACTGAGGGAAAGCGGTCCCGCTTGAAGCCGCTTGTACTGCAGGAGATTACGAGTGGCGAAAAGAGCCTTATAATGAAGCCACTCAGCATAAAAGAGAAACCTTCAACTGAAAAGGAGTCATTTAGCCAAGAGCCGTCCGCGCTCCAAAAGAAACATACCACGCAAGAAGAAGTTTCTATCTTGAAGGAGCCTAGCTCACTCCTTAAAAGTCCCACGGAAGAGAGTCCCTTCGATGAGGCTTTGGCTTTTACGAAGAAATGTACGATAGAGGAGGCGCCACCCACCAAGAAACCACTGATCCTGAAGCGAAAACACGCGACCCAAGGTACTATGTCACATCTGAAAAAGCCATTGATCCTGCAAACTACCTCCGGGGAGAAGAGTCTGATTAAGGAACCACTTCCTTTTAAGGAAGAGAAGGTAAGCCTTAAGAAAAAGTGCACAACTCAAGAAATGATGTCAATTTGCCCGGAACTGCTCGATTTCCAAGACATGATAGGCGAAGATAAAAACAGCTTCTTTATGGAACCGATGTCCTTCCGCAAAAACCCAACCACTGAGGAAACAGTATTGACTAAGACCTCATTGTCACTCCAGGAGAAGAAAATTACTCAAGGAAAAATGTCCCATTTGAAAAAGCCGTTGGTACTTCAGAAGATTACGAGCGAGGAGGAGTCCTTTTACAAGAAACTTCTCCCGTTCAAGATGAAGTCAACGACTGAAGAGAAATTTCTGAGTCAGGAACCTAGTGCGTTGAAGGAAAAGCACACAACCCTCCAGGAAGTTTCATTGAGTAAGGAGAGCCTTGCAATCCAGGAGAAAGCGACAACTGAAGAAGAGTTTAGCCAAGAGCTTTTCAGCCTCCATGTAAAACACACAAATAAAAGCGGGAGTCTTTTTCAAGAGGCACTTGTTTTGCAGGAAAAAACGGATGCGGAGGAGGACTCACTTAAAAATCTCCTGGCGCTCCAGGAGAAGTCAACTATGGAAGAAGAAAGTCTGATTAACAAGCTTCTCGCTCTTAAAGAAGAACTGTCAGCGGAGGCCGCCACCAATATCCAGACGCAACTGTCATTGAAGAAAAAATCAACCAGTCACGGTAAGGTCTTTTTCCTGAAGAAGCAACTCGCTCTCAATGAAACCATCAACGAAGAAGAGTTCTTGAACAAACAGCCACTGGCATTGGAGGGTTACCCCAGTATAGCGGAGGGCGAAACGCTCTTTAAAAAGTTGCTTGCAATGCAAGAAGAACCGTCTATTGAAAAGGAGGCAGTTTTGAAGGAACCGACAATTGATACAGAAGCTCACTTCAAGGAGCCACTTGCATTGCAAGAGGAACCGTCAACGGAAAAAGAGGCGGTCCTCAAGGAACCATCTGTAGATACAGAGGCTCACTTTAAGGAAACGCTCGCTCTCCAAGAAAAACCCTCAATTGAACAAGAAGCCCTGTTTAAAAGGCATAGTGCACTGTGGGAGAAACCCTCAACTGAAAAGGAAACCATCTTCAAAGAGTCTCTGGACCTTCAAGAGAAACCCAGCATTAAGAAAGAAACCCTCCTTAAGAAACCCCTTGCGCTGAAAATGTCCACCATTAACGAAGCTGTATTGTTCGAGGACATGATAGCGCTGAACGAGAAGCCTACCACGGGTAAGGAGCTTAGTTTCAAAGAACCCTTGGCTTTGCAAGAATCTCCGACCTACAAAGAAGATACATTTCTTAAAACGCTGCTCGTACCTCAGGTTGGGACTTCTCCGAACGTCAGCTCCACCGCACCTGAAAGTATCACGTCCAAATCTAGTATCGCAACCATGACTTCCGTTGGAAAAAGCGGAACCATTAACGAAGCGTTCCTGTTTGAAGATATGATTACTCTGAATGAAAAACCTACCACGGGGAAAGAGCTCAGCTTCAAGGAACCATTGGCGCTGCAGGAATCACCAACTTGCAAGGAAGATACCTTTCTCGAAACCTTTCTCATTCCTCAAATCGGTACCTCACCATACGTATTTTCTACCACACCGGAGAGTATCACCGAAAAGTCCAGCATAGCCACAATGACTAGTGTAGGGAAAAGTAGAACAACCACGGAATCCAGCGCGTGCGAGAGTGCATCAGATAAACCTGTCTCTCCTCAGGCAAAAGGAACACCGAAAGAGATCACCCCACGCGAGGATATAGACGAGGATTCCAGTGATCCCAGCTTCAATCCCATGTACGCGAAGGAAATCTTCTCCTATATGAAGGAACGAGAAGAACAGTTTATACTCACTGATTATATGAATCGGCAGATCGAAATTACCTCTGATATGAGAGCGATTCTCGTAGATTGGCTCGTAGAGGTCCAAGTGAGTTTCGAAATGACCCACGAAACACTCTATCTCGCTGTTAAGCTGGTTGATTTGTATCTCATGAAAGCCGTCTGTAAAAAGGACAAGCTGCAGCTCTTGGGAGCTACGGCATTTATGATCGCGGCGAAATTCGAGGAACACAACTCCCCGAGAGTTGATGACTTTGTATACATTTGCGACGACAATTACCAGAGAAGTGAAGTCCTTTCCATGGAAATAAATATTTTGAACGTACTCAAATGTGATATAAACATCCCGATAGCCTATCATTTTCTCCGCCGCTACGCCCGGTGCATCCACACCAATATGAAAACCCTGACGCTGAGTCGATATATCTGCGAGATGACACTTCAGGAGTACCACTATGTTCAGGAAAAAGCTAGTAAGCTCGCCGCGGCGAGCTTGCTTCTCGCGCTGTACATGAAAAAGTTGGGCTACTGGGTCCCTTTTCTCGAGCACTATAGTGGATACTCCATCTCTGAACTTCATCCTCTTGTAAGGCAGTTGAACAAGCTTCTTACCTTCTCTTCCTATGACTCCTTGAAAGCAGTTTACTATAAATACAGCCACCCGGTATTTTTTGAGGTCGCGAAAATACCCGCCCTTGATATGCTTAAACTCGAGGAAATTCTGAACTGCGATTGTGAAGCTCAAGGACTGGTCCTCTGA
4,BBF10K_000565,CCNG2,ATGAAGGATTTGGGGGCAGAGCACTTGGCGGGTCATGAAGGGGTCCAACTTCTCGGGTTGTTGAACGTCTACCTGGAACAAGAAGAGAGATTCCAACCTCGAGAAAAAGGGCTGAGTTTGATTGAGGCTACCCCGGAGAATGATAACACTTTGTGTCCAGGATTGAGAAATGCCAAAGTTGAAGATTTAAGGAGTTTAGCCAACTTTTTTGGATCTTGCACTGAAACTTTTGTCCTGGCTGTCAATATTTTGGACAGGTTCTTGGCTCTTATGAAGGTGAAACCTAAACATTTGTCTTGCATTGGAGTCTGTTCTTTTTTGCTGGCTGCTAGAATAGTTGAAGAGGACTGCAATATTCCATCCACTCATGATGTGATCCGGATTAGTCAGTGTAAATGTACTGCTTCTGACATAAAACGGATGGAAAAAATAATTTCAGAAAAATTGCACTATGAATTGGAAGCTACTACTGCCTTAAACTTTTTGCACTTATACCATACTATTATACTTTGTCATACTTCAGAAAGGAAAGAAATACTGAGCCTTGATAAACTAGAAGCTCAGCTGAAAGCTTGCAACTGCCGACTCATCTTTTCAAAAGCAAAACCATCTGTATTAGCCTTGTGCCTTCTCAATTTGGAAGTGGAAACTTTGAAATCTGTTGAATTACTGGAAATTCTCTTGCTAGTTAAAAAACATTCCAAGATTAATGACACTGAGTTCTTCTACTGGAGAGAGTTGGTTTCTAAATGCCTAGCCGAGTATTCTTCTCCTGAATGTTGCAAACCAGATCTTAAGAAGTTGGTTTGGATCGTTTCAAGGCGCACAGCCCAGAACCTCCACAACAGCTACTATAGTGTTCCTGAGCTGCCAACGATACCTGAGGGGGGTTGTTTTGATGAAAGTGAAAGTGAGGACTCTTGTGAAGATATGAGTTGTGGAGAGGAGAGTCTCAGCAGCTCTCCTCCCAGTGATCAAGAGTGCACCTTCTTTTTCAACTTCAAAGTGGCACAAACACTGTGCTTTCCATCTTGA
5,BBF10K_000566,IGFBP3,ATGCAGCGGGCGCGACCCACGCTCTGGGCCGCTGCGCTGACTCTGCTGGTGCTGCTCCGCGGGCCGCCGGTGGCGCGGGCTGGCGCGAGCTCGGCGGGCTTGGGTCCCGTGGTGCGCTGCGAGCCGTGCGACGCGCGTGCACTGGCCCAGTGCGCGCCTCCGCCCGCCGTGTGCGCGGAGCTGGTGCGCGAGCCGGGCTGCGGCTGCTGCCTGACGTGCGCACTGAGCGAGGGCCAGCCGTGCGGCATCTACACCGAGCGCTGTGGCTCCGGCCTTCGCTGCCAGCCGTCGCCCGACGAGGCGCGACCGCTGCAGGCGCTGCTGGACGGCCGCGGGCTCTGCGTCAACGCTAGTGCCGTCAGCCGCCTGCGCGCCTATCTGCTGCCAGCGCCGCCAGCTCCAGGTGAGCCGCCCGCGCCAGGAAATGCTAGTGAGTCGGAGGAGGACCGCAGCGCCGGCAGTGTGGAGAGCCCGTCAGTCTCCAGCACGCACCGGGTGTCTGATCCCAAGTTCCACCCCCTCCATTCAAAGATAATCATCATCAAGAAAGGGCATGCTAAAGACAGCCAGCGCTACAAAGTTGACTACGAGTCTCAGAGCACAGATACCCAGAACTTCTCCTCCGAGTCCAAGCGGGAGACAGAATATGGTCCCTGCCGTAGAGAAATGGAGGACACACTGAATCACCTGAAGTTCCTCAATGTGCTGAGTCCCAGGGGTGTACACATTCCCAACTGTGACAAGAAGGGATTTTATAAGAAAAAGCAGTGTCGCCCTTCCAAAGGCAGGAAGCGGGGCTTCTGCTGGTGTGTGGATAAGTATGGGCAGCCTCTCCCAGGCTACACCACCAAGGGGAAGGAGGACGTGCACTGCTACAGCATGCAGAGCAAGTGA
6,BBF10K_000567,DDB2,ATGGCTCCCAAGAAACGCCCAGAAACCCAAAAGACCTCCGAGATTGTATTACGCCCCAGGAACAAGAGGAGCAGGAGTCCCCTGGAGCTGGAGCCCGAGGCCAAGAAGCTCTGTGCGAAGGGCTCCGGTCCTAGCAGAAGATGTGACTCAGACTGCCTCTGGGTGGGGCTGGCTGGCCCACAGATCCTGCCACCATGCCGCAGCATCGTCAGGACCCTCCACCAGCATAAGCTGGGCAGAGCTTCCTGGCCATCTGTCCAGCAGGGGCTCCAGCAGTCCTTTTTGCACACTCTGGATTCTTACCGGATATTACAAAAGGCTGCCCCCTTTGACAGGAGGGCTACATCCTTGGCGTGGCACCCAACTCACCCCAGCACCGTGGCTGTGGGTTCCAAAGGGGGAGATATCATGCTCTGGAATTTTGGCATCAAGGACAAACCCACCTTCATCAAAGGGATTGGAGCTGGAGGGAGCATCACTGGGCTGAAGTTTAACCCTCTCAATACCAACCAGTTTTACGCCTCCTCAATGGAGGGAACAACTAGGCTGCAAGACTTTAAAGGCAACATTCTACGAGTTTTTGCCAGCTCAGACACCATCAACATCTGGTTTTGTAGCCTGGATGTGTCTGCTAGTAGCCGAATGGTGGTCACAGGAGACAACGTGGGGAACGTGATCCTGCTGAACATGGACGGCAAAGAGCTTTGGAATCTCAGAATGCACAAAAAGAAAGTGACGCATGTGGCCCTGAACCCATGCTGTGATTGGTTCCTGGCCACAGCCTCCGTAGATCAAACAGTGAAAATTTGGGATCTGCGCCAGGTTAGAGGGAAAGCCAGCTTCCTCTACTCGCTGCCGCACAGGCATCCTGTCAACGCAGCTTGTTTCAGTCCCGATGGAGCCCGGCTCCTGACCACGGACCAAAAGAGCGAGATCCGAGTTTACTCTGCTTCCCAGTGGGACTGCCCCCTGGGCCTGATCCCGCACCCTCACCGTCACTTCCAGCACCTCACACCCATCAAGGCAGCCTGGCATCCTCGCTACAACCTCATTGTTGTGGGCCGATACCCAGATCCTAATTTCAAAAGTTGTACCCCTTATGAATTGAGGACGATCGACGTGTTCGATGGAAACTCAGGGAAGATGATGTGTCAGCTCTATGACCCAGAATCTTCTGGCATCAGTTCGCTTAATGAATTCAATCCCATGGGGGACACGCTGGCCTCTGCAATGGGTTACCACATTCTCATCTGGAGCCAGGAGGAAGCCAGGACACGGAAGTGA
7,BBF10K_000568,RPRM,ATGAATCCGGCCCTAGGCAACCAGACGGACGTGGCGGGCCTGTTCCTGGCCAACAGCAGCGAGGCGCTGGAGCGAGCCGTGCGCTGCTGCACCCAGGCGTCCGTGGTGACCGACGACGGCTTCGCGGAGGGAGGCCCGGACGAGCGTAGCCTGTACATAATGCGCGTGGTGCAGATCGCGGTCATGTGCGTGCTCTCACTCACCGTGGTATTCGGCATCTTCTTCCTCGGCTGCAATCTGCTCATCAAGTCCGAGGGCATGATCAACTTCCTCGTGAAGGACCGGAGGCCGTCTAAGGAGGTGGAGGCGGTGGTCGTGGGGCCCTACTGA
8,BBF10K_000569,FAS,ATGCTGGGCATCTGGACCCTCCTACCTCTGGTTCTTACGTCTGTTGCTAGATTATCGTCCAAAAGTGTTAATGCCCAAGTGACTGACATCAACTCCAAGGGATTGGAATTGCGTAAGACTGTTACTACAGTTGAGACTCAGAACTTGGAAGGCCTGCATCATGATGGCCAATTCTGCCATAAGCCCTGTCCTCCAGGTGAAAGGAAAGCTAGGGACTGCACAGTCAATGGGGATGAACCAGACTGCGTGCCCTGCCAAGAAGGGAAGGAGTACACAGACAAAGCCCATTTTTCTTCCAAATGCAGAAGATGTAGATTGTGTGATGAAGGACATGGCTTAGAAGTGGAAATAAACTGCACCCGGACCCAGAATACCAAGTGCAGATGTAAACCAAACTTCTTTTGTAACTCTACTGTATGTGAACACTGTGACCCTTGCACCAAATGTGAACATGGAATCATCAAGGAATGCACACTCACCAGCAACACCAAGTGCAAAGAGGAAGGATCCAGATCTAACTTGGGGTGGCTTTGCCTTCTTCTTTTGCCAATTCCACTAATTGTTTGGGTGAAGAGAAAGGAAGTACAGAAAACATGCAGAAAGCACAGAAAGGAAAACCAAGGTTCTCATGAATCTCCAACTTTAAATCCTGAAACAGTGGCAATAAATTTATCTGATGTTGACTTGAGTAAATATATCACCACTATTGCTGGAGTCATGACACTAAGTCAAGTTAAAGGCTTTGTTCGAAAGAATGGTGTCAATGAAGCCAAAATAGATGAGATCAAGAATGACAATGTCCAAGACACAGCAGAACAGAAAGTTCAACTGCTTCGTAATTGGCATCAACTTCATGGAAAGAAAGAAGCGTATGACACATTGATTAAAGATCTCAAAAAAGCCAATCTTTGTACTCTTGCAGAGAAAATTCAGACTATCATCCTCAAGGACATTACTAGTGACTCAGAAAATTCAAACTTCAGAAATGAAATCCAAAGCTTGGTCTGA
9,BBF10K_000570,TP53AIP1,ATGGGATCTTCCTCTGAGGCGAGCTTCAGATCTGCTCAAGCTTCCTGCAGTGGGGCCAGGAGGCAGGGCCTGGGCAGGGGTGACCAGAACCTCTCGGTGATGCCTCCGAATGGCAGGGCTCAGACACACACACCTGGCTGGGTTTCAGATCCCTTAGTTTTGGGTGCCCAAGTTCACGGAGGGTGCCGGGGAATAGAAGCTCTGTCAGTCTCGTCTGGATCTTGGTCCTCAGCAACTGTCTGGATCCTGACAGGCCTTGGTCTAGGACTCTCCAGGCCTTTCCTTCCTGGAGCCACAGTGCTTAGAGACAGGCCACTGGGGTCAGCATTTGAGCTCAGCTATGATCAGAAAAAAGCACCGTTGAGGTTGCAGTGA
10,BBF10K_000571,EI24,ATGGCTGACAGTGTCAAAACCTTTCTCCAGGACCTTGCCAGAGGAATCAAAGACTCCATCTGGGGTATTTGTACCATCTCAAAGCTAGATGCTCGAATCCAGCAAAAGAGAGAGGAGCAGCGTCGAAGAAGGGCAAGTAGTGTCTTGGCACAGCGTAGAGCCCAGAGTATAGAGCGGAAGCAAGAGAGTGAGCCACGTATTGTTAGTAGAATTTTCCAGTGTTGTGCTTGGAATGGTGGAGTGTTCTGGTTCAGTCTCCTCTTGTTTTATCGAGTATTTATTCCTGTGCTTCAGTCGGTAACAGCCCGAATTATCGGTGACCCATCACTACATGGAGATGTTTGGTCGTGGCTGGAATTCTTCCTCACGTCAATTTTCAGTGCTCTTTGGGTGCTCCCCTTGTTTGTGCTTAGCAAAGTGGTGAATGCCATTTGGTTTCAGGATATAGCTGACCTGGCATTTGAGGTATCAGGGAGGAAGCCTCACCCATTCCCTAGTGTCAGCAAAATAATTGCTGACATGTTGTTCAACCTTTTGCTGCAGGCTCTTTTCCTCATTCAGGGAATGTTTGTGAGTCTCTTTCCCATCCATCTTGTCGGTCAGCTGGTTAGTCTCCTGCATATGTCCCTTCTCTACTCACTGTACTGCTTTGAATATCGTTGGTTCAATAAAGGAATTGAAATGCACCAGCGGTTGTCTAACATAGAAAGGAATTGGCCTTACTACTTTGGGTTTGGTTTGCCCTTGGCTTTTCTCACAGCAATGCAGTCCTCATATATTATCAGTGGCTGCCTTTTCTCTATCCTCTTTCCTTTATTCATTATCAGCGCCAATGAAGCAAAGACCCCTGGCAAAGCATATCTCTTCCAGTTGCGCCTCTTCTCCTTGGTGGTGTTCTTAAGCAACAGACTCTTCCACAAGACAGTCTATCTGCAGTCGGCCCTGAGCAGCTCTACTTCTGCAGAGAAGTTCCCTTCACCGCATCCGTCGCCTGCCAAACTGAAGGCTACTGCGGGTCACTGA
11,BBF10K_000572,ZMAT3,ATGATCCTCTTGCAACACGCCGTGCTTCCTCCACCTAAGCAGCCCTCACCCTCGCCTCCTATGTCAGTGGCCACCAGGTCTACAGGAACCTTGCAGCTTCCACCACAGAAGCCTTTTGGGCAGGAGGCTTCCTTGCCTCTTGCAGGGGAAGAAGAGTTATCGAAGGGAGGGGAGCAAGACTGTGCCCTGGAGGAGCTATGTAAGCCCCTGTACTGCAAACTCTGCAATGTCACCTTGAACTCTGCACAGCAAGCCCAGGCTCATTATCAGGGTAAAAATCATGGTAAGAAACTCCGAAATTACTATGCAGCAAATAGCTGTCCTCCTCCTGCTAGAATGAGCAATGTGGTCGAGCCTGCAGCTACTCCAGTTGTTCCAGTCCCTCCGCAGATGGGCTCCTTTAAGCCAGGAGGCCGAGTGATCCTGGCCACGGAGAATGATTACTGTAAGCTCTGTGATGCCTCCTTCAGTTCCCCAGCTGTGGCTCAGGCTCACTATCAAGGGAAGAATCATGCCAAGAGGCTGCGGCTGGCGGAAGCTCAGAGTAACTCATTCTCGGAATCCTCAGAGCTGGGTCAACGGCGGGCCAGGAAAGAAGGGAATGAGTTTAAGATGATGCCTAACAGGAGAAATATGTATACAGTACAGAATAATTCAGCGGGTCCTTACTTCAATCCCCGCTCTCGGCAGAGAATTCCACGTGATCTGGCCATGTGTGTTACTCCAAGTGGCCAGTTTTACTGCTCAATGTGTAATGTTGGAGCTGGCGAAGAGATGGAATTCCGGCAGCATTTAGAGAGCAAGCAACATAAGAGCAAGGTGTCTGAACAGCGGTACAGGAATGAGATGGAGAATCTGGGATATGTATGA
12,BBF10K_000573,SHISA5,ATGACTGCGCCGGTCCCCGCGCCGCGGATCCTGTTGCCGTTGCTGTTGCTGCTGCTGCTAACGCCGCCTCCGGGTGCACGTGGTGAGGTGTGTATGGCTTCCCGTGGACTCAGCCTCTTCCCCGAGTCCTGTCCAGATTTCTGCTGTGGTACCTGTGATGACCAATACTGCTGCTCTGACGTGCTGAAGAAATTTGTGTGGAGCGAGGAAAGGTGTGCTGTGCCTGAGGCCAGCGTGCCTGCCAGTGTAGAGCCGGTGGAGCAGCTGGGCTCGGCGCTGAGGTTTCGCCCTGGCTACAACGACCCCATGTCAGGGTTCGGAGCGACCTTGGCCGTTGGCCTGACCATCTTTGTGCTGTCTGTCGTCACTATCATCATCTGCTTCACGTGCTCCTGCTGCTGCCTTTACAAGACGTGCCGCCGACCACGTCCGGTTGTCACCACCACCACATCCACCACTGTGGTGCATGCCCCTTATCCTCAGCCTCCAAGTGTGCCGCCCAGCTACCCTGGACCAAGCTACCAGGGCTACCACACCATGCCGCCTCAGCCAGGGATGCCAGCAGCACCCTACCCAATGCAGTACCCACCACCTTACCCAGCCCAGCCCATGGGCCCACCGGCCTACCACGAAACCCTGGCTGGAGGAGCAGCCGCGCCCTACCCCGCCAGCCAGCCTCCTTACAACCCGGCCTACATGGATGCCCCGAAGGCGGCCCTCTGA
13,BBF10K_000574,C1r,ATGTGGCTCTTGTACCTCCTGGTGCCGGCCCTGTTCTGCAGGGCAGGAGGCTCCATTCCCATCCCTCAGAAGTTATTTGGGGAGGTGACTTCCCCTCTGTTCCCCAAGCCTTACCCCAACAACTTTGAAACAACCACTGTGATCACAGTCCCCACGGGATACAGGGTGAAGCTCGTGTTCCAGCAGTTTGACCTGGAGCCTTCTGAAGGCTGCTTCTATGATTATGTCAAGATCTCTGCTGATAAGAAAAGCCTGGGGAGGTTCTGTGGGCAACTGGGTTCTCCACTGGGCAACCCCCCGGGAAAGAAGGAATTTATGTCCCAAGGGAACAAGATGCTGCTGACCTTCCACACAGACTTCTCCAACGAGGAGAATGGGACCATCATGTTCTACAAGGGCTTCCTGGCCTACTACCAAGCTGTGGACCTTGATGAATGTGCTTCCCGGAGCAAATCAGGGGAGGAGGATCCCCAGCCCCAGTGCCAGCACCTGTGTCACAACTACGTTGGAGGCTACTTCTGTTCCTGCCGTCCAGGCTATGAGCTTCAGGAGGACAGGCATTCCTGCCAGGCTGAGTGCAGCAGCGAGCTGTACACGGAGGCATCAGGCTACATCTCCAGCCTGGAGTACCCTCGGTCCTACCCCCCTGATCTGCGCTGCAACTACAGCATCCGGGTGGAGCGGGGCCTCACCCTGCACCTCAAGTTCCTGGAGCCTTTTGATATTGATGACCACCAGCAAGTACACTGCCCCTATGACCAGCTACAGATCTATGCCAACGGGAAGAACATTGGCGAGTTCTGTGGGAAGCAAAGGCCCCCCGACCTCGACACCAGCAGCAATGCTGTGGATCTGCTGTTCTTCACAGATGAGTCGGGGGACAGCCGGGGCTGGAAGCTGCGCTACACCACCGAGATCATCAAGTGCCCCCAGCCCAAGACCCTAGACGAGTTCACCATCATCCAGAATCTGCAGCCTCAGTACCAGTTCCGTGACTACTTCATTGCTACTTGCAAGCAAGGCTACCAGCTCATAGAGGGGAACCAGGTGCTGCATTCCTTCACAGCTGTCTGCCAGGATGATGGCACGTGGCATCGTGCCATGCCCAGATGCAAGATCAAGGACTGTGGGCAGCCCCGAAATCTGCCTAATGGTGACTTCCGTTACACCACCACAATGGGAGTGAACACCTACAAGGCCCGTATCCAGTACTACTGCCATGAGCCATATTACAAGATGCAGACCAGAGCTGGCAGCAGGGAGTCTGAGCAAGGGGTGTACACGTGCACAGCACAGGGCATTTGGAAGAATGAACAGAAGGGAGAGAAGATTCCTCGGTGCTTGCCAGTGTGTGGGAAGCCCGTGAACCCCGTGGAACAGAGGCAGCGCATCATCGGAGGGCAAAAAGCCAAGATGGGCAACTTCCCCTGGCAAGTGTTCACCAACATCCACGGGCGCGGGGGCGGGGCCCTGCTGGGCGACCGCTGGATCCTCACAGCTGCCCACACCCTGTATCCCAAGGAACACGAAGCGCAAAGCAACGCCTCTTTGGATGTGTTCCTGGGCCACACAAATGTGGAGGAGCTCATGAAGCTAGGAAATCACCCCATCCGCAGGGTCAGCGTCCACCCGGACTACCGTCAGGATGAGTCCTACAATTTTGAGGGGGATATCGCCCTGCTGGAGCTGGAAAATAGTGTCACCCTGGGTCCCAACCTCCTCCCCATCTGCCTCCCTGACAACGATACCTTCTACGACCTGGGCTTGATGGGCTATGTCAGTGGCTTCGGGGTCATGGAGGAGAAGATTGCTCATGACCTCAGGTTTGTCCGTCTGCCCGTAGCTAATCCACAGGCCTGTGAGAACTGGCTCCGGGGAAAGAATAGGATGGATGTGTTCTCTCAAAACATGTTCTGTGCTGGACACCCATCTCTAAAGCAGGACGCCTGCCAGGGGGATAGTGGGGGCGTTTTTGCAGTAAGGGACCCGAACACTGATCGCTGGGTGGCCACGGGCATCGTGTCCTGGGGCATCGGGTGCAGCAGGGGCTATGGCTTCTACACCAAAGTGCTCAACTACGTGGACTGGATCAAGAAAGAGATGGAGGAGGAGGACTGA
14,BBF10K_000575,C1s,ATGTGGTGCATTGTCCTGTTTTCACTTTTGGCATGGGTTTATGCTGAGCCTACCATGTATGGGGAGATCCTGTCCCCTAACTATCCTCAGGCATATCCCAGTGAGGTAGAGAAATCTTGGGACATAGAAGTTCCTGAAGGGTATGGGATTCACCTCTACTTCACCCATCTGGACATTGAGCTGTCAGAGAACTGTGCGTATGACTCAGTGCAGATAATCTCAGGAGACACTGAAGAAGGGAGGCTCTGTGGACAGAGGAGCAGTAACAATCCCCACTCTCCAATTGTGGAAGAGTTCCAAGTCCCATACAACAAACTCCAGGTGATCTTTAAGTCAGACTTTTCCAATGAGGAGCGTTTTACGGGGTTTGCTGCATACTATGTTGCCACAGACATAAATGAATGCACAGATTTTGTAGATGTCCCTTGTAGCCACTTCTGCAACAATTTCATTGGTGGTTACTTCTGCTCCTGCCCCCCGGAATATTTCCTCCATGATGACATGAAGAATTGCGGAGTTAATTGCAGTGGGGATGTATTCACTGCACTGATTGGGGAGATTGCAAGTCCCAATTATCCCAAACCATATCCAGAGAACTCAAGGTGTGAATACCAGATCCGGTTGGAGAAAGGGTTCCAAGTGGTGGTGACCTTGCGGAGAGAAGATTTTGATGTGGAAGCAGCTGACTCAGCGGGAAACTGCCTTGACAGTTTAGTTTTTGTTGCAGGAGATCGGCAATTTGGTCCTTACTGTGGTCATGGATTCCCTGGGCCTCTAAATATTGAAACCAAGAGTAATGCTCTTGATATCATCTTCCAAACTGATCTAACAGGGCAGAAAAAGGGCTGGAAACTTCGCTATCATGGAGATCCAATGCCCTGCCCTAAGGAGGACACTCCCAATTCTGTTTGGGAGCCTGCGAAGGCAAAATATGTCTTTAGAGATGTGGTGCAGATAACCTGTCTGGATGGGTTTGAAGTTGTGGAGGGACGTGTTGGTGCAACATCTTTCTATTCGACTTGTCAAAGCAATGGAAAGTGGAGTAATTCCAAACTGAAATGTCAACCTGTGGACTGTGGCATTCCTGAATCCATTGAGAATGGTAAAGTTGAGGACCCAGAGAGCACTTTGTTTGGTTCTGTCATCCGCTACACTTGTGAGGAGCCATATTACTACATGGAAAATGGAGGAGGTGGGGAGTATCACTGTGCTGGTAACGGGAGCTGGGTGAATGAGGTGCTGGGCCCGGAGCTGCCGAAATGTGTTCCAGTCTGTGGAGTCCCCAGAGAACCCTTTGAAGAAAAACAGAGGATAATTGGAGGATCCGATGCAGATATTAAAAACTTCCCCTGGCAAGTTTTCTTTGACAACCCATGGGCTGGTGGAGCGCTCATTAATGAGTACTGGGTGCTGACGGCTGCTCATGTTGTGGAGGGAAACAGGGAGCCAACAATGTATGTTGGGTCCACCTCAGTGCAGACCTCACGGCTGGCAAAATCCAAGATGCTCACTCCTGAGCATGTGTTTATTCATCCGGGATGGAAGCTGCTGGAAGTCCCAGAAGGACGAACCAATTTTGATAATGACATTGCACTGGTGCGGCTGAAAGACCCAGTGAAAATGGGACCCACTGTCTCTCCCATCTGCCTACCAGGCACCTCTTCCGACTACAACCTCATGGATGGGGACCTGGGACTGATCTCAGGCTGGGGCCGAACAGAGAAGAGAGATCGTGCTGTTCGCCTCAAGGCGGCAAGGTTACCTGTAGCTCCTTTAAGAAAATGCAAAGAAGTGAAAGTGGAGAAACCCACAGCAGATGCAGAGGCCTATGTTTTCACTCCTAACATGATCTGTGCTGGAGGAGAGAAGGGCATGGATAGCTGTAAAGGGGACAGTGGTGGGGCCTTTGCTGTACAGGATCCCAATGACAAGACCAAATTCTACGCAGCTGGCCTGGTGTCCTGGGGGCCCCAGTGTGGGACCTATGGGCTCTACACACGGGTAAAGAACTATGTTGACTGGATAATGAAAACTATGCAGGAAAATAGCACCCCCCGTGAGGACTGA
15,BBF10K_000576,C2,ATGGGCCCACTGATGGTTCTTTTTTGCCTGCTGTTCCTGTACCCAGGTCTGGCAGACTCGGCTCCCTCCTGCCCTCAGAACGTGAATATCTCGGGTGGCACCTTCACCCTCAGCCATGGCTGGGCTCCTGGGAGCCTTCTCACCTACTCCTGCCCCCAGGGCCTGTACCCATCCCCAGCATCACGGCTGTGCAAGAGCAGCGGACAGTGGCAGACCCCAGGAGCCACCCGTTCTCTGTCTAAGGCGGTCTGCAAACCTGTGCGCTGTCCAGCCCCTGTCTCCTTTGAGAATGGCATTTATACCCCACGGCTGGGGTCCTATCCCGTGGGTGGCAATGTGAGCTTCGAGTGTGAGGATGGCTTCATATTGCGGGGCTCGCCTGTGCGTCAGTGTCGCCCCAACGGCATGTGGGATGGAGAAACAGCTGTGTGTGATAATGGGGCTGGCCACTGCCCCAACCCAGGCATTTCACTGGGCGCAGTGCGGACAGGCTTCCGCTTTGGTCATGGGGACAAGGTCCGCTATCGCTGCTCCTCGAATCTTGTGCTCACGGGATCTTCGGAGCGGGAGTGCCAGGGCAACGGGGTCTGGAGTGGAACGGAGCCCATCTGCCGCCAACCCTACTCTTATGACTTCCCTGAGGACGTGGCCCCTGCCCTGGGCACTTCCTTCTCCCACATGCTTGGGGCCACCAATCCCACCCAAAAGACAAAGGAAAGCCTGGGCCGTAAAATCCAAATCCAGCGCTCTGGTCATCTGAACCTCTATCTGCTCCTGGACTGTTCGCAGAGTGTGTCGGAAAATGACTTTCTCATCTTCAAGGAGAGCGCCTCCCTCATGGTGGACAGGATCTTCAGCTTTGAGATCAATGTGAGCGTTGCCATTATCACCTTTGCCTCAGAGCCCAAAGTCCTCATGTCTGTCCTGAACGACAACTCCCGGGATATGACTGAGGTGATCAGCAGCCTGGAAAATGCCAACTATAAAGATCATGAAAATGGAACTGGGACTAACACCTATGCGGCCTTAAACAGTGTCTATCTCATGATGAACAACCAAATGCGACTCCTCGGCATGGAAACGATGGCCTGGCAGGAAATCCGACATGCCATCATCCTTCTGACAGATGGAAAGTCCAATATGGGTGGCTCTCCCAAGACAGCTGTTGACCATATCAGAGAGATCCTGAACATCAACCAGAAGAGGAATGACTATCTGGACATCTATGCCATCGGGGTGGGCAAGCTGGATGTGGACTGGAGAGAACTGAATGAGCTAGGGTCCAAGAAGGATGGTGAGAGGCATGCCTTCATTCTGCAGGACACAAAGGCTCTGCACCAGGTCTTTGAACATATGCTGGATGTCTCCAAGCTCACAGACACCATCTGCGGGGTGGGGAACATGTCAGCAAACGCCTCTGACCAGGAGAGGACACCCTGGCATGTCACTATTAAGCCCAAGAGCCAAGAGACATGCCGGGGGGCCCTCATCTCCGACCAATGGGTCCTGACAGCAGCTCATTGCTTCCGTGATGGCAACGACCACTCCCTGTGGAGGGTCAATGTGGGTGACCCCAAATCCCAGTGGGGCAAAGAATTCCTTATTGAGAAGGCGGTGATCTCCCCAGGGTTTGATGTCTTTGCCAAAAAGAACCAGGGAATCCTGGAGTTCTATGGTGATGACATAGCTCTGCTGAAGCTGGCCCAGAAAGTAAAGATGTCCACCCATGCCAGGCCCATCTGCCTTCCCTGCACGATGGAGGCCAATCTGGCTCTGCGCAGACCTCAAGGCAGCACCTGTAGGGACCATGAGAATGAACTGCTGAACAAACAGAGTGTTCCTGCTCATTTTGTCGCCTTGAATGGGAGCAAACTGAACATTAACCTTAAGATGGGAGTGGAGTGGACAAGCTGTGCCGAGGTTGTCTCCCAAGAAAAAACCATGTTCCCCAACTTGACAGATGTCAGGGAGGTGGTGACAGACCAGTTCCTATGCAGTGGGACCCAGGAGGATGAGAGTCCCTGCAAGGGAGAATCTGGGGGAGCAGTTTTCCTTGAGCGGAGATTCAGGTTTTTTCAGGTGGGTCTGGTGAGCTGGGGTCTTTACAACCCCTGCCTTGGCTCTGCTGACAAAAACTCCCGCAAAAGGGCCCCTCGTAGCAAGGTCCCGCCGCCACGAGACTTTCACATCAATCTCTTCCGCATGCAGCCCTGGCTGAGGCAGCACCTGGGGGATGTCCTGAATTTTTTACCCCTCTGA
16,BBF10K_000577,C3,ATGGGACCCACCTCAGGTCCCAGCCTGCTGCTCCTGCTACTAACCCACCTCCCCCTGGCTCTGGGGAGTCCCATGTACTCTATCATCACCCCCAACATCTTGCGGCTGGAGAGCGAGGAAACCATGGTGCTGGAGGCCCACGACGCGCAAGGGGATGTTCCAGTCACTGTTACTGTCCACGACTTCCCAGGCAAAAAACTAGTGCTGTCCAGTGAAAAGACTGTGCTGACCCCTGCCACCAACCACATGGGCAACGTCACCTTCACGATCCCAGCCAACAGGGAGTTCAAGTCAGAAAAGGGGCGCAACAAGTTCGTGACCGTGCAGGCCACCTTCGGGACCCAAGTGGTGGAGAAGGTGGTGCTGGTCAGCCTGCAGAGCGGGTACCTCTTCATCCAGACAGACAAGACCATCTACACCCCTGGCTCCACAGTTCTCTATCGGATCTTCACCGTCAACCACAAGCTGCTACCCGTGGGCCGGACGGTCATGGTCAACATTGAGAACCCGGAAGGCATCCCGGTCAAGCAGGACTCCCTTTCTTCTCAGAACCAGCTTGGCGTCTTGCCCTTGTCTTGGGACATTCCGGAACTCGTCAACATGGGCCAGTGGAAGATCCGAGCCTACTATGAAAACTCACCACAACAGGTTTTCTCCACTGAGTTTGAGGTGAAGGAGTACGTGCTGCCCAGTTTCGAGGTCATAGTGGAGCCTACAGAGAAATTCTACTACATCTATAACGAGAAGGGCCTGGAGGTCACCATCACCGCCAGGTTCCTCTACGGGAAGAAAGTGGAGGGAACTGCCTTTGTCATCTTCGGGATCCAGGATGGCGAACAGAGGATTTCCCTGCCTGAATCCCTCAAGCGCATTCCGATTGAGGATGGCTCGGGGGAGGTTGTGCTGAGCCGGAAGGTACTGCTGGACGGGGTGCAGAACCCCCGAGCAGAGGACCTGGTGGGGAAGTCTTTGTACGTGTCTGCCACCGTCATCTTGCACTCAGGCAGTGACATGGTGCAGGCAGAGCGCAGCGGGATCCCCATCGTGACCTCTCCCTACCAGATCCACTTCACCAAGACACCCAAGTACTTCAAACCAGGAATGCCCTTTGACCTCATGGTGTTCGTGACGAACCCTGATGGCTCTCCAGCCTACCGAGTCCCCGTGGCAGTCCAGGGCGAGGACACTGTGCAGTCTCTAACCCAGGGAGATGGCGTGGCCAAACTCAGCATCAACACACACCCCAGCCAGAAGCCCTTGAGCATCACGGTGCGCACGAAGAAGCAGGAGCTCTCGGAGGCAGAGCAGGCTACCAGGACCATGCAGGCTCTGCCCTACAGCACCGTGGGCAACTCCAACAATTATCTGCATCTCTCAGTGCTACGTACAGAGCTCAGACCCGGGGAAACCCTCAACGTCAACTTCCTCCTGCGAATGGACCGCGCCCACGAGGCCAAGATCCGCTACTACACCTACCTGATCATGAACAAGGGCAGGCTGTTGAAGGCGGGACGCCAGGTGCGAGAGCCCGGCCAGGACCTGGTGGTGCTGCCCCTGTCCATCACCACCGACTTCATCCCTTCCTTCCGCCTGGTGGCGTACTACACGCTGATCGGTGCCAGCGGCCAGAGGGAGGTGGTGGCCGACTCCGTGTGGGTGGACGTCAAGGACTCCTGCGTGGGCTCGCTGGTGGTAAAAAGCGGCCAGTCAGAGGACCGGCAGCCTGTACCTGGGCAGCAGATGACCCTGAAGATAGAGGGTGACCACGGGGCCCGGGTGGTACTGGTGGCCGTGGACAAGGGCGTGTTCGTGCTGAATAAGAAGAACAAACTGACGCAGAGTAAGATCTGGGACGTGGTGGAGAAGGCAGACATCGGCTGCACCCCGGGCAGTGGGAAGGATTACGCCGGTGTATTCTCCGACGCAGGGCTGACCTTCACGAGCAGCAGTGGCCAGCAGACCGCCCAGAGGGCAGAACTTCAGTGCCCGCAGCCAGCCGCCCGCCGACGCCGTTCCGTGCAGCTCACGGAGAAGCGAATGGACAAAGTCGGCAAGTACCCCAAGGAGCTGCGCAAGTGCTGCGAGGACGGCATGCGGGAGAACCCCATGAGGTTCTCGTGCCAGCGCCGGACCCGTTTCATCTCCCTGGGCGAGGCGTGCAAGAAGGTGTTCCTGGACTGCTGCAACTACATCACAGAGCTGCGGCGGCAGCACGCGCGGGCCAGCCACCTGGGCCTGGCCAGGAGTAACCTGGATGAGGACATCATTGCAGAAGAGAACATCGTTTCCCGAAGTGAGTTCCCAGAGAGCTGGCTGTGGAACGTTGAGGACTTGAAAGAGCCACCGAAAAATGGAATCTCTACGAAGCTCATGAATATATTTTTGAAAGACTCCATCACCACGTGGGAGATTCTGGCTGTGAGCATGTCGGACAAGAAAGGGATCTGTGTGGCAGACCCCTTCGAGGTCACAGTAATGCAGGACTTCTTCATCGATCTGCGGCTACCCTACTCTGTTGTTCGAAACGAACAGGTGGAAATCCGAGCCGTTCTCTACAATTACCGGCAGAACCAAGAGCTCAAGGTGAGGGTGGAACTACTCCACAATCCAGCCTTCTGCAGCCTGGCCACCACCAAGAGGCGTCACCAGCAGACCGTAACCATTCCCCCCAAGTCCTCGTTGTCCGTTCCATATGTCATCGTGCCGCTAAAGACCGGCCTGCAGGAAGTGGAAGTCAAGGCTGCTGTCTACCATCATTTCATCAGTGACGGTGTCAGGAAGTCCCTGAAGGTCGTGCCGGAAGGAATCAGAATGAACAAAACTGTGGCTGTTCGCACCCTGGATCCAGAACGCCTGGGCCGTGAAGGAGTGCAGAAAGAGGACATCCCTCCTGCAGACCTCAGTGACCAAGTCCCGGACACCGAGTCTGAAACCAGAATTCTCCTGCAAGGGACCCCAGTGGCCCAGATGACAGAGGATGCCGTCGACGCGGAACGGCTGAAGCACCTCATTGTGACCCCCTCGGGCTGCGGGGAACAGAACATGATCGGCATGACGCCCACGGTTATCGCTGTGCATTACCTGGATGAAACGGAGCAGTGGGAGAAGTTCGGCCTAGAGAAGCGGCAGGGGGCCTTGGAGCTCATCAAGAAGGGGTACACCCAGCAGCTGGCCTTCAGACAACCCAGCTCTGCCTTTGCGGCCTTCGTGAAACGGGCACCCAGCACCTGGCTGACCGCCTACGTGGTCAAGGTTTTCTCTCTGGCTGTCAACCTGATCGCCATCGACTCCCAAGTCCTCTGCGGGGCTGTTAAATGGCTGATCCTGGAGAAGCAGAAGCCCGACGGGGTTTTCCAGGAGGATGCGCCCGTGATACACCAAGAAATGATTGGTGGATTACGGAACAACAACGAGAAAGACATGGCCCTCACGGCCTTTGTTCTCATCTCGCTGCAGGAGGCTAAAGATATTTGCGAGGAACAGGTCAACAGCCTGCCAGGCAGCATCACTAAAGCAGGAGACTTCCTTGAAGCCAACTACATGAACCTACAGAGATCCTACACTGTGGCCATTGCTGGCTATGCTCTGGCCCAGATGGGCAGGCTGAAGGGGCCTCTTCTTAACAAATTTCTGACCACAGCCAAAGATAAGAACCGCTGGGAGGACCCTGGTAAGCAGCTCTACAACGTGGAGGCCACATCCTATGCCCTCTTGGCCCTACTGCAGCTAAAAGACTTTGACTTTGTGCCTCCCGTCGTGCGTTGGCTCAATGAACAGAGATACTACGGTGGTGGCTATGGCTCTACCCAGGCCACCTTCATGGTGTTCCAAGCCTTGGCTCAATACCAAAAGGACGCCCCTGACCACCAGGAACTGAACCTTGATGTGTCCCTCCAACTGCCCAGCCGCAGCTCCAAGATCACCCACCGTATCCACTGGGAATCTGCCAGCCTCCTGCGATCAGAAGAAACCAAGGAAAATGAGGGTTTCACAGTCACAGCTGAAGGAAAAGGCCAAGGCACCTTGTCGGTGGTGACAATGTACCATGCTAAGGCCAAAGATCAACTCACCTGTAATAAATTCGACCTCAAGGTCACCATAAAACCAGCACCGGAAACAGAAAAGAGGCCTCAGGATGCCAAGAACACTATGATCCTTGAGATCTGTACCAGGTACCGGGGTGACCAGGATGCCACTATGTCTATATTGGACATATCCATGATGACTGGCTTTGCTCCAGACACAGATGACCTGAAGCAGCTGGCCAATGGTGTTGACAGATACATCTCCAAGTATGAGCTGGACAAAGCCTTCTCCGATAGGAACACCCTCATCATCTACCTGGACAAAGTCTCACACTCTGAGGATGACTGTCTAGCTTTCAAAGTTCACCAATACTTTAATGTAGAGCTTATCCAGCCTGGAGCAGTCAAGGTCTACGCCTATTACAACCTGGAGGAAAGCTGTACCCGGTTCTACCATCCGGAAAAGGAGGATGGAAAGCTGAACAAGCTCTGCCGTGATGAACTGTGCCGCTGTGCTGAGGAGAATTGCTTCATACAAAAGTCGGATGACAAGGTCACCCTGGAAGAACGGCTGGACAAGGCCTGTGAGCCAGGAGTGGACTATGTGTACAAGACCCGACTGGTCAAGGTTCAGCTGTCCAATGACTTTGACGAGTACATCATGGCCATTGAGCAGACCATCAAGTCAGGCTCGGATGAGGTTCAGGTTGGACAGCAGCGCACGTTCATCAGCCCCATCAAGTGCAGAGAAGCCCTGAAGCTGGAGGAGAAGAAACACTACCTCATGTGGGGCCTCTCCTCCGATTTCTGGGGAGAGAAGCCCAACCTCAGCTACATCATCGGGAAGGACACTTGGGTGGAGCACTGGCCCGAGGAGGACGAATGCCAAGACGAAGAGAACCAGAAACAATGCCAGGACCTCGGCGCCTTCACCGAGAGCATGGTTGTCTTTGGGTGCCCCAACTGA
17,BBF10K_000578,C4_precursor_C4a-C4b,ATGAGGCTGCTCTGGGGGCTGATCTGGGCATCCAGCTTCTTCACCTTATCTCTGCAGAAGCCCAGGTTGCTCTTGTTCTCTCCTTCTGTGGTTCATCTGGGGGTCCCCCTATCGGTGGGGGTGCAGCTCCAGGATGTGCCCCGAGGACAGGTAGTGAAAGGATCAGTGTTCCTGAGAAACCCATCTCGTAATAATGTCCCCTGCTCCCCAAAGGTGGACTTCACCCTTAGCTCAGAAAGAGACTTCGCACTCCTCAGTCTCCAGGTGCCCTTGAAAGATGCCAAGAGCTGTGGCCTCCATCAACTCCTCAGAGGCCCTGAGGTCCAGCTGGTGGCCCATTCGCCATGGCTAAAGGACTCTCTGTCCAGAACGACAAACATCCAGGGTATCAATTTACTCTTCTCCTCTCGCCGGGGGCACCTCTTTTTGCAGACGGACCAGCCCATTTACAACCCTGGCCAGCGGGTTCGGTACCGGGTCTTTGCTCTGGATCAGAAGATGCGCCCGAGCACTGACACCATCACAGTCATGGTGGAGAACTCTCACGGCCTCCGCGTGCGGAAGAAGGAGGTGTACATGCCCTCGTCCATCTTCCAGGATGACTTTGTGATCCCAGACATCTCAGAGCCAGGGACCTGGAAGATCTCAGCCCGATTCTCAGATGGCCTGGAATCCAACAGCAGCACCCAGTTTGAGGTGAAGAAATATGTCCTTCCCAACTTTGAGGTGAAGATCACCCCTGGAAAGCCCTACATCCTGACGGTGCCAGGCCATCTTGATGAAATGCAGTTAGACATCCAGGCCAGGTACATCTATGGGAAGCCAGTGCAGGGGGTGGCATATGTGCGCTTTGGGCTCCTAGATGAGGATGGTAAAAAGACTTTCTTTCGGGGGCTGGAGAGTCAGACCAAGCTGGTGAATGGACAGAGCCACATTTCCCTCTCAAAGGCAGAGTTCCAGGACGCCCTGGAGAAGCTGAATATGGGCATTACTGACCTCCAGGGGCTGCGCCTCTACGTTGCTGCAGCCATCATTGAGTCTCCAGGTGGGGAGATGGAGGAGGCAGAGCTCACATCCTGGTATTTTGTGTCATCTCCCTTCTCCTTGGATCTTAGCAAGACCAAGCGACACCTTGTGCCTGGGGCCCCCTTCCTGCTGCAGGCCTTGGTCCGTGAGATGTCAGGCTCCCCAGCTTCTGGCATTCCTGTCAAAGTTTCTGCCACGGTATCTTCTCCTGGGTCTGTTCCTGAAGTCCAGGACATTCAGCAAAACACAGACGGGAGCGGCCAAGTCAGCATTCCAATAATTATCCCTCAGACCATCTCAGAGCTGCAGCTCTCAGTATCTGCAGGCTCCCCACATCCAGCGATAGCCAGGCTCACTGTGGCAGCCCCACCTTCAGGAGGCCCCGGGTTTCTGTCTATTGAGCGGCCGGATTCTCGACCTCCTCGTGTTGGGGACACTCTGAACCTGAACTTGCGAGCCGTGGGCAGTGGGGCCACCTTTTCTCATTACTACTACATGATCCTATCCCGAGGGCAGATCGTGTTCATGAATCGAGAGCCCAAGAGGACCCTGACCAGTGTCTCGGTGTTTGTGGACCATCACCTGGCACCCTCCTTCTACTTTGTGGCCTTCTACTACCATGGCGACCACCCAGTGGCCAACTCCCTGCGAGTGGATGTCCAGGCTGGGGCCTGCGAGGGCAAGCTGGAGCTCAGCGTGGACGGTGCCAAGCAGTACCGGAACGGGGAGTCCGTGAAGCTCCACTTAGAAACCGACTCCCTAGCCCTGGTGGCGCTGGGAGCCTTGGACACAGCTCTGTATGCTGCAGGCAGCAAGTCCCACAAGCCCCTCAACATGGGCAAGGTCTTTGAAGCTATGAACAGCTATGACCTCGGCTGTGGTCCTGGGGGTGGGGACAGTGCCCTTCAGGTGTTCCAGGCAGCGGGCCTGGCCTTTTCTGATGGGGACCAGTGGACCTTATCCAGAAAGAGACTAAGCTGTCCCAAGGAAAAGACAACCCGGAAAAAGAGAAACGTGAACTTCCAAAAGGCGATTAATGAGAAATTGGGTCAGTATGCTTCCCCGACAGCCAAGCGCTGCTGCCAGGATGGGGTGACACGTCTGCCCATGATGCGTTCCTGCGAGCAGCGGGCAGCCCGCGTGCAGCAGCCGGACTGCCGGGAGCCCTTCCTGTCCTGCTGCCAATTTGCTGAGAGTCTGCGCAAAAAGAGCAGGGACAAGGGCCAGGCGGGCCTCCAACGAGCCCTGGAGATCCTGCAGGAGGAGGACCTGATTGATGAGGATGACATTCCCGTGCGCAGCTTCTTCCCAGAGAACTGGCTCTGGAGAGTGGAAACAGTGGACCGCTTTCAAATATTGACACTGTGGCTCCCCGACTCTCTGACCACGTGGGAGATCCATGGCCTGAGCCTGTCCAAAACCAAAGGCCTATGTGTGGCCACCCCAGTCCAGCTCCGGGTGTTCCGCGAGTTCCATCTGCACCTCCGCCTGCCCATGTCTGTCCGCCGCTTTGAGCAGCTGGAGCTGCGGCCTGTCCTCTATAACTACCTGGATAAAAACCTGACTGTGAGCGTCCACGTGTCCCCAGTGGAGGGGCTGTGCCTGGCTGGGGGCGGAGGGCTGGCCCAACAGGTGCTGGTGCCTGCGGGCTCTGCCCGGCCTGTTGCCTTCTCTGTGGTGCCCACGGCAGCCGCCGCTGTGTCTCTGAAGGTGGTGGCTCGAGGGTCCTTCGAATTCCCTGTGGGAGATGCGGTGTCCAAGGTTCTGCAGATTGAGAAGGAAGGGGCCATCCATAGAGAGGAGCTGGTCTATGAACTCAACCCCTTGGACCACCGAGGCCGGACCTTGGAAATACCTGGCAACTCTGATCCCAATATGATCCCTGATGGGGACTTTAACAGCTACGTCAGGGTTACAGCCTCAGATCCATTGGACACTTTAGGCTCTGAGGGGGCCTTGTCACCAGGAGGCGTGGCCTCCCTCTTGAGGCTTCCTCGAGGCTGTGGGGAGCAAACCATGATCTACTTGGCTCCGACACTGGCTGCTTCCCGCTACCTGGACAAGACAGAGCAGTGGAGCACACTGCCTCCCGAAACCAAGGACCACGCCGTGGATCTGATCCAGAAAGGCTACATGCGGATCCAGCAGTTTCGGAAGGCGGATGGTTCCTATGCGGCTTGGTTGTCACGGGACAGCAGCACCTGGCTCACAGCCTTTGTGTTGAAGGTCCTGAGTTTGGCCCAGGAACAGGTAGGAGGCTCGCCTGAGAAACTGCAGGAGACATCTAACTGGCTTCTGTCCCAGCAGCAGGCTGACGGCTCGTTCCAGGACCCCTGTCCAGTGTTAGACAGGAGCATGCAGGGGGGTTTGGTGGGCAATGATGAGACTGTGGCACTCACAGCCTTTGTGACTATCGCCCTTCATCATGGGCTGGCCGTTTTCCAGGATGAGGGTGCAGAGCCATTGAAGCAGAGAGTGGAAGCCTCCATCTCAAAGGCAAACTCATTTTTGGGGGAGAAAGCAAGTGCTGGGCTCCTGGGTGCCCACGCAGCTGCCATCACGGCCTATGCCCTGACACTGACCAAGGCGCCTGTGGATCTGCTCGGTGTTGCCCACAACAACCTCATGGCAATGGCCCAGGAGACTGGAGATAACCTGTACTGGGGCTCAGTCACTGGTTCTCAGAGCAATGCCGTGTCGCCCACCCCGGCTCCTCGCAACCCATCCGACCCCATGCCCCAGGCCCCAGCCCTGTGGATTGAAACCACAGCCTACGCCCTGCTGCACCTCCTGCTTCACGAGGGCAAAGCAGAGATGGCAGACCAGGCTTCGGCCTGGCTCACCCGTCAGGGCAGCTTCCAAGGGGGATTCCGCAGTACCCAAGACACGGTGATTGCCCTGGATGCCCTGTCTGCCTACTGGATTGCCTCCCACACCACTGAGGAGAGGGGCCTCAATGTGACTCTCAGCTCCACAGGCCGGAATGGGTTCAAGTCCCACGCGCTGCAGCTGAACAACCGCCAGATTCGCGGCCTGGAGGAGGAGCTGCAGTTTTCCTTGGGCAGCAAGATCAATGTGAAGGTGGGAGGAAACAGCAAAGGAACCCTGAAGGTCCTTCGTACCTACAATGTCCTGGACATGAAGAACACGACGTGCCAGGACCTACAGATAGAAGTGACAGTCAAAGGCCACGTCGAGTACACGATGGAAGCAAACGAGGACTATGAGGACTATGAGTACGATGAGCTTCCAGCCAAGGATGACCCAGATGCCCCTCTGCAGCCCGTGACACCCCTGCAGCTGTTTGAGGGTCGGAGGAACCGCCGCAGGAGGGAGGCGCCCAAGGTGGTGGAGGAGCAGGAGTCCAGGGTGCACTACACCGTGTGCATCTGGCGGAACGGCAAGGTGGGGCTGTCTGGCATGGCAATCGCGGACGTCACCCTCCTGAGTGGATTCCACGCCCTGCGTGCTGACCTGGAGAAGCTGACCTCCCTCTCTGACCGTTACGTGAGTCACTTTGAAACCGAGGGGCCCCACGTCCTGCTGTATTTTGACTCGGTCCCCACCTCCCGGGAGTGCGTGGGCTTTGAGGCTGTGCAGGAAGTGCCGGTGGGGCTGGTGCAGCCGGCCAGCGCAACCCTGTACGACTACTACAACCCCGAGCGCAGATGTTCTGTGTTTTACGGGGCACCAAGTAAGAGCAGACTCTTGGCCACCTTGTGTTCTGCTGAAGTCTGCCAGTGTGCTGAGGGGAAGTGCCCTCGCCAGCGTCGCGCCCTGGAGCGGGGTCTGCAGGACGAGGATGGCTACAGGATGAAGTTTGCCTGCTACTACCCCCGTGTGGAGTACGGCTTCCAGGTTAAGGTTCTCCGAGAGGACAGCAGAGCTGCTTTCCGCCTCTTTGAAACCAAGATCACCCAAGTCCTGCACTTCACCAAGGATGTCAAGGCCGCTGCTAATCAGATGCGCAACTTCCTGGTTCGAGCCTCCTGCCGCCTTCGCTTGGAACCTGGGAAAGAATATTTGATCATGGGTCTGGATGGGGCCACCTATGACCTCGAGGGACACCCCCAGTATCTGCTGGACTCGAATAGCTGGATCGAGGAGATGCCCTCTGAACGCCTGTGCCGGAGCACCCGCCAGCGGGCAGCCTGTGCCCAGCTCAACGACTTCCTCCAGGAGTATGGCACTCAGGGGTGCCAGGTGTGA
18,BBF10K_000579,C5,ATGGGCCTTTTGGGAATACTTTGTTTTTTAATCTTCCTGGGGAAAACCTGGGGACAGGAGCAAACATATGTCATTTCAGCACCAAAAATATTCCGTGTTGGAGCATCTGAAAATATTGTGATTCAAGTTTATGGATACACTGAAGCATTTGATGCAACAATCTCTATTAAAAGTTATCCTGATAAAAAATTTAGTTACTCCTCAGGCCATGTTCATTTATCCTCAGAGAATAAATTCCAAAACTCTGCAATCTTAACAATACAACCAAAACAATTGCCTGGAGGACAAAACCCAGTTTCTTATGTGTATTTGGAAGTTGTATCAAAGCATTTTTCAAAATCAAAAAGAATGCCAATAACCTATGACAATGGATTTCTCTTCATTCATACAGACAAACCTGTTTATACTCCAGACCAGTCAGTAAAAGTTAGAGTTTATTCGTTGAATGACGACTTGAAGCCAGCCAAAAGAGAAACTGTCTTAACTTTCATAGATCCTGAAGGATCAGAAGTTGACATGGTAGAAGAAATTGATCATATTGGAATTATCTCTTTTCCTGACTTCAAGATTCCGTCTAATCCTAGATATGGTATGTGGACGATCAAGGCTAAATATAAAGAGGACTTTTCAACAACTGGAACCGCATATTTTGAAGTTAAAGAATATGTCTTGCCACATTTTTCTGTCTCAATCGAGCCAGAATATAATTTCATTGGTTACAAGAACTTTAAGAATTTTGAAATTACTATAAAAGCAAGATATTTTTATAATAAAGTAGTCACTGAGGCTGACGTTTATATCACATTTGGAATAAGAGAGGACTTAAAAGATGATCAAAAAGAAATGATGCAAACAGCAATGCAAAACACAATGTTGATAAATGGAATTGCTCAAGTCACATTTGATTCTGAAACAGCAGTCAAAGAACTGTCATACTACAGTTTAGAAGATTTAAACAACAAGTACCTTTATATTGCTGTAACAGTCATAGAGTCTACAGGTGGATTTTCTGAAGAGGCAGAAATACCTGGCATCAAATATGTCCTCTCTCCCTACAAACTGAATTTGGTTGCTACTCCTCTTTTCCTGAAGCCTGGGATTCCATATCCCATCAAGGTTCAGGTTAAAGATTCGCTTGACCAGTTGGTAGGAGGAGTCCCAGTAACACTGAATGCACAAACAATTGATGTAAACCAAGAGACATCTGACTTGGATCCAAGCAAAAGTGTAACACGTGTTGATGATGGAGTAGCTTCCTTTGTGCTTAATCTCCCATCTGGAGTGACGGTGCTGGAGTTTAATGTCAAAACTGATGCTCCAGATCTTCCAGAAGAAAATCAGGCCAGGGAAGGTTACCGAGCAATAGCATACTCATCTCTCAGCCAAAGTTACCTTTATATTGATTGGACTGATAACCATAAGGCTTTGCTAGTGGGAGAACATCTGAATATTATTGTTACCCCCAAAAGCCCATATATTGACAAAATAACTCACTATAATTACTTGATTTTATCCAAGGGCAAAATTATCCACTTTGGCACGAGGGAGAAATTTTCAGATGCATCTTATCAAAGTATAAACATTCCAGTAACACAGAACATGGTTCCTTCATCCCGACTTCTGGTCTATTACATCGTCACAGGAGAACAGACAGCAGAATTAGTGTCTGATTCAGTCTGGTTAAATATTGAAGAAAAATGTGGCAACCAGCTCCAGGTTCATCTGTCTCCTGATGCAGATGCATATTCTCCAGGCCAAACTGTGTCTCTTAATATGGCAACTGGAATGGATTCCTGGGTGGCATTAGCAGCAGTGGACAGTGCTGTGTATGGAGTCCAAAGAGGAGCCAAAAAGCCCTTGGAAAGAGTATTTCAATTCTTAGAGAAGAGTGATCTGGGCTGTGGGGCGGGTGGTGGCCTCAACAATGCCAATGTGTTCCACCTAGCTGGACTTACCTTCCTCACTAATGCAAATGCAGATGACTCCCAAGAAAATGATGAACCTTGTAAAGAAATTCTCAGGCCAAGAAGAACGCTGCAAAAGAAGATAGAAGAAATAGCTGCTAAATATAAACATTCAGTAGTGAAGAAATGTTGTTACGATGGAGCCTGCGTTAATAATGATGAAACCTGTGAGCAGCGAGCTGCACGGATTAGTTTAGGGCCAAGATGCATCAAAGCTTTCACTGAATGTTGTGTCGTCGCAAGCCAGCTCCGTGCTAATATCTCTCATAAAGACATGCAATTGGGAAGGCTACACATGAAAACCCTGTTACCAGTAAGCAAGCCAGAAATTCGGAGTTATTTTCCAGAAAGCTGGTTGTGGGAAGTTCATCTTGTTCCCAGAAGAAAACAGTTGCAGTTTGCCCTACCTGATTCTCTAACCACCTGGGAAATTCAAGGCGTTGGCATTTCAAACACTGGTATATGTGTTGCTGATACTGTCAAGGCAAAGGTGTTCAAAGATGTGTTCCTGGAAATGAATATACCATATTCTGTTGTACGAGGAGAACAGATCCAATTGAAAGGAACTGTTTACAACTATAGGACTTCTGGGATGCAGTTCTGTGTTAAAATGTCTGCTGTGGAGGGAATCTGCACTTCGGAAAGCCCAGTCATTGATCATCAGGGCACAAAGTCCTCCAAATGTGTGCGCCAGAAAGTAGAGGGCTCCTCCAGTCACTTGGTGACATTCACTGTGCTTCCTCTGGAAATTGGCCTTCACAACATCAATTTTTCACTGGAGACTTGGTTTGGAAAAGAAATCTTAGTAAAAACATTACGAGTGGTGCCAGAAGGTGTCAAAAGGGAAAGCTATTCTGGTGTTACTTTGGATCCTAGGGGTATTTATGGTACCATTAGCAGACGAAAGGAGTTCCCATACAGGATACCCTTAGATTTGGTCCCCAAAACAGAAATCAAAAGGATTTTGAGTGTAAAAGGACTGCTTGTAGGTGAGATCTTGTCTGCAGTTCTAAGTCAGGAAGGCATCAATATCCTAACCCACCTCCCCAAAGGGAGTGCAGAGGCGGAGCTGATGAGCGTTGTCCCAGTATTCTATGTTTTTCACTACCTGGAAACAGGAAATCATTGGAACATTTTTCATTCTGACCCATTAATTGAAAAGCAGAAACTGAAGAAAAAATTAAAAGAAGGGATGTTGAGCATTATGTCCTACAGAAATGCTGACTACTCTTACAGTGTGTGGAAGGGTGGAAGTGCTAGCACTTGGTTAACAGCTTTTGCTTTAAGAGTACTTGGACAAGTAAATAAATACGTAGAGCAGAACCAAAATTCAATTTGTAATTCTTTATTGTGGCTAGTTGAGAATTATCAATTAGATAATGGATCTTTCAAGGAAAATTCACAGTATCAACCAATAAAATTACAGGGTACCTTGCCTGTTGAAGCCCGAGAGAACAGCTTATATCTTACAGCCTTTACTGTGATTGGAATTAGAAAGGCTTTCGATATATGCCCCCTGGTGAAAATCGACACAGCTCTAATTAAAGCTGACAACTTTCTGCTTGAAAATACACTGCCAGCCCAGAGCACCTTTACATTGGCCATTTCTGCGTATGCTCTTTCCCTGGGAGATAAAACTCACCCACAGTTTCGTTCAATTGTTTCAGCTTTGAAGAGAGAAGCTTTGGTTAAAGGTAATCCACCCATTTATCGTTTTTGGAAAGACAATCTTCAGCATAAAGACAGCTCTGTACCTAACACTGGTACGGCACGTATGGTAGAAACAACTGCCTATGCTTTACTCACCAGTCTGAACTTGAAAGATATAAATTATGTTAACCCAGTCATCAAATGGCTATCAGAGGAGCAGAGGTATGGAGGTGGCTTTTATTCAACCCAGGACACAATCAATGCCATTGAGGGCCTGACGGAATATTCACTCCTGGTTAAACAACTCCGCTTGAGTATGGACATCGATGTTTCTTACAAGCATAAAGGTGCCTTACATAATTATAAAATGACAGACAAGAATTTCCTTGGGAGGCCAGTAGAGGTGCTTCTCAATGATGACCTCATTGTCAGTACAGGATTTGGCAGTGGCTTGGCTACAGTACATGTAACAACTGTAGTTCACAAAACCAGTACCTCTGAGGAAGTTTGCAGCTTTTATTTGAAAATCGATACTCAGGATATTGAAGCATCCCACTACAGAGGCTACGGAAACTCTGATTACAAACGCATAGTAGCATGTGCCAGCTACAAGCCCAGCAGGGAAGAATCATCATCTGGATCCTCTCATGCGGTGATGGACATCTCCTTGCCTACTGGAATCAGTGCAAATGAAGAGGACTTAAAAGCCCTTGTGGAAGGGGTGGATCAACTATTCACTGATTACCAAATCAAAGATGGACATGTTATTCTGCAACTGAATTCGATTCCCTCCAGTGATTTCCTTTGTGTACGATTCCGGATATTTGAACTCTTTGAAGTTGGGTTTCTCAGTCCTGCCACTTTCACAGTGTACGAATACCACAGACCAGATAAACAGTGTACCATGTTTTATAGCACTTCCAATATCAAAATTCAGAAAGTCTGTGAAGGAGCCGCGTGCAAGTGTGTAGAAGCTGATTGTGGGCAAATGCAGGAAGAATTGGATCTGACAATCTCTGCAGAGACAAGAAAACAAACAGCATGTAAACCAGAGATTGCATATGCTTATAAAGTTAGCATCACATCCATCACTGTAGAAAATGTTTTTGTCAAGTACAAGGCAACCCTTCTGGATATCTACAAAACTGGGGAAGCTGTTGCTGAGAAAGACTCTGAGATTACCTTCATTAAAAAGGTAACCTGTACTAACGCTGAGCTGGTAAAAGGTAGACAGTACTTAATTATGGGTAAAGAAGCCCTCCAGATAAAATACAATTTCAGTTTCAGGTACATCTACCCTTTAGATTCCTTGACCTGGATTGAATACTGGCCTAGAGACACAACATGTTCATCGTGTCAAGCATTTTTAGCTAATTTAGATGAATTTGCCGAAGATATCTTTTTAAATGGATGCTGA
19,BBF10K_000580,C6,ATGGCCAGACGCTCTGTCTTGTACTTCATCCTGCTGAATGCTCTGATCAACAAGGGCCAAGCCTGCTTCTGTGATCACTATGCATGGACTCAGTGGACCAGCTGCTCAAAAACTTGCAATTCTGGAACCCAGAGCAGACACAGACAAATAGTAGTAGATAAGTACTACCAGGAAAACTTTTGTGAACAGATTTGCAGCAAGCAGGAGACTAGAGAATGTAACTGGCAAAGATGCCCCATCAACTGCCTCCTGGGAGATTTTGGACCATGGTCAGACTGTGACCCTTGTATTGAAAAACAGTCTAAAGTTAGATCTGTCTTGCGTCCCAGTCAGTTTGGGGGACAGCCATGCACTGCGCCTCTGGTAGCCTTTCAACCATGCATTCCATCTAAGCTCTGCAAAATTGAAGAGGCTGACTGCAAGAATAAATTTCGCTGTGACAGTGGCCGCTGCATTGCCAGAAAGTTAGAATGCAATGGAGAAAATGACTGTGGAGACAATTCAGATGAAAGGGACTGTGGGAGGACAAAGGCAGTATGCACACGGAAGTATAATCCCATCCCTAGTGTACAGTTGATGGGCAATGGGTTTCATTTTCTGGCAGGAGAGCCCAGAGGAGAAGTCCTTGATAACTCTTTCACTGGAGGAATATGTAAAACTGTCAAAAGCAGTAGGACAAGTAATCCATACCGTGTTCCGGCCAATCTGGAAAATGTCGGCTTTGAGGTACAAACTGCAGAAGATGACTTGAAAACAGATTTCTACAAGGATTTAACTTCTCTTGGACACAATGAAAATCAACAAGGCTCATTCTCAAGTCAAGGGGGGAGCTCTTTCAGTGTACCAATTTTTTATTCCTCAAAGAGAAGTGAAAATATCAACCATAATTCTGCCTTCAAACAAGCCATTCAAGCCTCTCACAAAAAGGATTCTAGTTTTATTAGGATCCATAAAGTGATGAAAGTCTTAAACTTCACAACGAAAGCTAAAGATCTGCACCTTTCTGATGTCTTTTTGAAAGCACTTAACCATCTGCCTCTAGAATACAACTCTGCTTTGTACAGCCGAATATTCGATGACTTTGGGACTCATTACTTCACCTCTGGCTCCCTGGGAGGCGTGTATGACCTTCTCTATCAGTTTAGCAGTGAGGAACTAAAGAACTCAGGTTTAACCGAGGAAGAAGCCAAACACTGTGTCAGGATTGAAACAAAGAAACGCGTTTTATTTGCTAAGAAAACAAAAGTGGAACATAGGTGCACCACCAACAAGCTGTCAGAGAAACATGAAGGTTCATTTATACAGGGAGCAGAGAAATCCATATCCCTGATTCGAGGTGGAAGGAGTGAATATGGAGCAGCTTTGGCATGGGAGAAAGGGAGCTCTGGTCTGGAGGAAAAGACATTTTCTGAGTGGTTAGAATCAGTGAAGGAAAATCCTGCTGTGATTGACTTTGAGCTTGCCCCCATCGTGGACTTGGTAAGAAACATCCCCTGTGCAGTGACAAAACGGAACAACCTCAGGAAAGCTTTGCAAGAGTATGCAGCCAAGTTCGATCCTTGCCAGTGTGCTCCATGCCCTAATAATGGCCGACCCACCCTCTCAGGGACTGAATGTCTGTGTGTGTGTCAGAGTGGCACCTATGGTGAGAACTGTGAGAAACAGTCTCCAGATTATAAATCCAATGCAGTAGACGGACAGTGGGGTTGTTGGTCGTCCTGGAGTACCTGTGATGCTACTTATAAGAGATCGAGAACCCGAGAATGCAATAATCCTGCCCCCCAACGAGGAGGGAAACGCTGTGAGGGGGAGAAGCGACAAGAGGAGGACTGCACATTTTCAATCATGGAAAACAATGGACAACCATGTATCAATGATGACGAAGAAATGAAAGAGGTCGATCTTCCTGAGATAGAAGCAGATTCCGGGTGTCCTCAGCCAGTTCCTCCAGAAAATGGATTTATCCGGAATGAAAAGCAACTATACTTGGTTGGAGAAGATGTTGAAATTTCATGCCTTACTGGCTTTGAAACTGTTGGATACCAGTACTTCAGATGCTTACCAGACGGGACCTGGAGACAAGGGGATGTGGAATGCCAACGGACGGAGTGCATCAAGCCAGTTGTGCAGGAAGTCCTGACAATTACACCATTTCAGAGATTGTATAGAATTGGTGAATCCATTGAGCTAACTTGCCCCAAAGGCTTTGTTGTTGCTGGGCCATCAAGGTACACATGCCAGGGGAATTCCTGGACACCACCCATTTCAAACTCTCTCACCTGTGAAAAAGATACTCTAACAAAATTAAAAGGCCATTGTCAGCTGGGACAGAAACAATCAGGATCTGAATGCATTTGTATGTCTCCAGAAGAGGACTGTAGCCATCATTCAGAAGATCTCTGTGTGTTTGACACAGACTCCAACGATTACTTTACTTCACCCGCTTGTAAGTTTTTGGCTGAGAAATGTTTAAATAATCAGCAACTCCATTTTCTACATATTGGTTCCTGCCAAGACGGCCGCCAGTTAGAATGGGGTCTTGAAAGGACAAGACTTTCATCCAACAGCACAAAGAAAGAATCCTGTGGCTATGACACGTGCTATGACTGGGAAAAATGTTCAGCCTCCACTTCCAAATGTGTCTGCCTATTGCCCCCACAGTGCTTCAAGGGTGGAAACCAACTCTACTGTGTCAAAATGGGATCATCAACAAGTGAGAAAACATTGAACATCTGTGAAGTGGGAACTATAAGATGTGCAAACAGGAAGATGGAAATACTGCATCCTGGAAAGTGTTTGGCCTGA
20,BBF10K_000581,C7,ATGAAGGTGATAAGCTTATTCATTTTGGTGGGATTTATAGGAGAGTTCCAAAGTTTTTCAAGTGCCTCCTCTCCAGTCAACTGCCAGTGGGACTTCTATGCCCCTTGGTCAGAATGCAATGGCTGTACCAAGACTCAGACTCGCAGGCGGTCAGTTGCTGTGTATGGGCAGTATGGAGGCCAGCCTTGTGTTGGAAATGCTTTTGAAACACAGTCCTGTGAACCTACAAGAGGATGTCCAACAGAGGAGGGATGTGGAGAGCGTTTCAGGTGCTTTTCAGGTCAGTGCATCAGCAAATCATTGGTTTGCAATGGGGATTCTGACTGTGATGAGGACAGTGCTGATGAGGACAGATGTGAGGACTCAGAACGCAGACCTTCCTGTGATATCGATAAACCTCCTCCTAACATAGAACTTACTGGAAATGGTTACAATGAACTCACTGGCCAGTTTAGGAACAGAGTCATCAATACCAAAAGTTTTGGTGGTCAATGTAGAAAGGTGTTTAGTGGGGATGGAAAAGATTTCTACAGGCTGAGTGGAAATGTCCTGTCCTATACATTCCAGGTGAAAATAAATAATGATTTTAATTATGAATTTTACAATAGTACTTGGTCTTATGTAAAACATACGTCGACAGAACACACATCATCTAGTCGGAAGCGCTCCTTTTTTAGATCTTCATCATCTTCTTCACGCAGTTATACTTCACATACCAATGAAATCCATAAAGGAAAGAGTTACCAACTGCTGGTTGTTGAGAACACTGTTGAAGTGGCTCAGTTCATTAATAACAATCCAGAATTTTTACAACTTGCTGAGCCATTCTGGAAGGAGCTTTCCCACCTCCCCTCTCTGTATGACTACAGTGCCTACCGAAGATTAATCGACCAGTACGGGACACATTATCTGCAATCTGGGTCGTTAGGAGGAGAATACAGAGTTCTATTTTATGTGGACTCAGAAAAATTAAAACAAAATGATTTTAATTCAGTCGAAGAAAAGAAATGTAAATCCTCAGGTTGGCATTTTGTCGTTAAATTTTCAAGTCATGGATGCAAGGAACTGGAAAACGCTTTAAAAGCTGCTTCAGGAACCCAGAACAATGTATTGCGAGGAGAACCGTTCATCAGAGGGGGAGGTGCAGGCTTCATATCTGGCCTTAGTTACCTAGAGCTGGACAATCCTGCTGGAAACAAAAGGCGATATTCTGCCTGGGCAGAATCTGTGACTAATCTTCCTCAAGTCATAAAACAAAAGCTGACACCTTTATATGAGCTGGTAAAGGAAGTACCTTGTGCCTCTGTGAAAAAACTATACCTGAAATGGGCTCTTGAAGAGTATCTGGATGAATTTGACCCCTGTCATTGCCGGCCTTGTCAAAATGGTGGTTTGGCTACTGTTGAGGGGACCCATTGTCTGTGCCATTGCAAACCGTACACATTTGGTGCGGCGTGTGAGCAAGGAGTCCTCGTAGGGAATCAAGCAGGAGGGGTTGATGGAGGTTGGAGTTGCTGGTCCTCTTGGAGCCCCTGTGTCCAAGGGAAGAAAACAAGAAGCCGTGAATGCAATAACCCACCTCCCAGTGGGGGTGGGAGATCCTGCGTTGGAGAAACGACAGAAAGCACACAATGCGAAGATGAGGAGCTGGAGCACTTGAGGTTGCTTGAACCACATTGCTTTCCTTTGTCTTTGGTTCCAACAGAATTCTGTCCATCACCTCCTGCCTTGAAAGATGGATTTGTTCAAGATGAAGGTACAATGTTTCCTGTGGGGAAAAATGTAGTGTACACTTGCAATGAAGGATACTCTCTTATTGGAAACCCAGTGGCCAGATGTGGAGAAGATTTACGGTGGCTTGTTGGGGAAATGCATTGTCAGAAAATTGCCTGTGTTCTACCTGTACTGATGGATGGCATACAGAGTCACCCCCAAAAACCTTTCTACACAGTTGGTGAGAAGGTGACTGTTTCCTGTTCAGGTGGCATGTCCTTAGAAGGTCCTTCAGCATTTCTCTGTGGCTCCAGCCTTAAGTGGAGTCCTGAGATGAAGAATGCCCGCTGTGTACAAAAAGAAAATCCGTTAACACAGGCAGTGCCTAAATGTCAGCGCTGGGAGAAACTGCAGAATTCAAGATGTGTTTGTAAAATGCCCTACGAATGTGGACCTTCCTTGGATGTATGTGCTCAAGATGAGAGAAGCAAAAGGATACTGCCTCTGACAGTTTGCAAGATGCATGTTCTCCACTGTCAGGGTAGAAATTACACCCTTACTGGTAGGGACAGCTGTACTCTGCCTGCCTCAGCTGAGAAAGCTTGTGGTGCCTGCCCACTGTGGGGAAAATGTGATGCTGAGAGCAGCAAATGTGTCTGCCGAGAAGCATCGGAGTGCGAGGAAGAAGGGTTTAGCATTTGTGTGGAAGTGAACGGCAAGGAGCAGACGATGTCTGAGTGTGAGGCGGGCGCTCTGAGATGCAGAGGGCAGAGCATCTCTGTCACCAGCATAAGGCCTTGTGCTGCGGAAACCCAGTGA
21,BBF10K_000582,C9,ATGTCAGCCTGCCGGAGCTTTGCAGTTGCAATCTGCATTTTAGAAATAAGCATCCTCACAGCACAGTACACGACCAGTTATGACCCAGAGCTAACAGAAAGCAGTGGCTCTGCATCACACATAGACTGCAGAATGAGCCCCTGGAGTGAATGGTCACAATGCGATCCTTGTCTCAGACAAATGTTTCGTTCAAGAAGCATTGAGGTCTTTGGACAATTTAATGGGAAAAGATGCACCGACGCTGTGGGAGACAGACGACAGTGTGTGCCCACAGAGCCCTGTGAGGATGCTGAGGATGACTGCGGAAATGACTTTCAATGCAGTACAGGCAGATGCATAAAGATGCGACTTCGGTGTAATGGTGACAATGACTGCGGAGACTTTTCAGATGAGGATGATTGTGAAAGTGAGCCCCGTCCCCCCTGCAGAGACAGAGTGGTAGAAGAGTCTGAGCTGGCACGAACAGCAGGCTATGGGATCAACATTTTAGGGATGGATCCCCTAAGCACACCTTTTGACAATGAGTTCTACAATGGACTCTGTAACCGGGATCGGGATGGAAACACTCTGACATACTACCGTAGACCTTGGAACGTGGCTTCTTTGATCTATGAAACCAAAGGCGAGAAAAATTTCAGAACCGAACATTACGAAGAACAAATTGAAGCATTTAAAAGTATCATCCAAGAAAAGACATCAAATTTTAATGCAGCTATATCTCTAAAATTTACACCCACTGAAACAAATAAAGCTGAACAATGTTGTGAGGAAACAGCCTCCTCAATTTCTTTACATGGCAAGGGTAGTTTTCGGTTTTCATATTCCAAAAATGAAACTTACCAACTATTTTTGTCATATTCTTCAAAGAAGGAAAAAATGTTTCTGCATGTGAAAGGAGAAATTCATCTGGGAAGATTTGTAATGAGAAATCGGGATGTTGTGCTCACAACAACTTTTGTGGATGATATAAAAGCTTTGCCAACTACCTATGAAAAGGGAGAATATTTTGCCTTTTTGGAAACCTATGGAACTCACTACAGTAGCTCTGGTTCTCTAGGAGGACTCTATGAACTAATATATGTTTTGGATAAAGCTTCCATGAAGCGGAAAGGTGTTGAACTAAAAGACATAAAGAGATGCCTTGGGTATCATCTGGATGTATCTCTGGCTTTCTCTGAAATCTCTGTTGGAGCTGAATTTAATAAAGATGATTGTGTAAAGAGGGGAGAGGGTAGAGCTGTAAACATCACCAGTGAAAACCTCATAGATGATGTTGTTTCACTCATAAGAGGTGGAACCAGAAAATATGCATTTGAACTGAAAGAAAAGCTTCTCCGAGGAACCGTGATTGATGTGACTGACTTTGTCAACTGGGCCTCTTCCATAAATGATGCTCCTGTTCTCATTAGTCAAAAACTGTCTCCTATATATAATCTGGTTCCAGTGAAAATGAAAAATGCACACCTAAAGAAACAAAACTTGGAAAGAGCCATTGAGGACTATATCAATGAATTTAGTGTAAGAAAATGCCACACATGCCAAAATGGAGGTACAGTGATTCTAATGGATGGAAAGTGTTTGTGTGCCTGCCCATTCAAATTTGAGGGAATTGCCTGTGAAATCAGTAAACAAAAAATTTCTGAAGGATTGCCAGCCCTAGAGTTCCCCAATGAAAAATGA
22,BBF10K_000635,sfGFP,atgcgtaaaggcgaagaactgttcactggtgtcgtccctattctggtggaactggatggtgatgtcaacggtcataagttttccgtgcgtggcgagggtgaaggtgacgcaactaatggtaaactgacgctgaagttcatctgtactactggtaaactgccggttccttggccgactctggtaacgacgctgacttatggtgttcagtgctttgctcgttatccggaccatatgaagcagcatgacttcttcaagtccgccatgccggaaggctatgtgcaggaacgcacgatttcctttaaggatgacggcacgtacaaaacgcgtgcggaagtgaaatttgaaggcgataccctggtaaaccgcattgagctgaaaggcattgactttaaagaggacggcaatatcctgggccataagctggaatacaattttaacagccacaatgtttacatcaccgccgataaacaaaaaaatggcattaaagcgaattttaaaattcgccacaacgtggaggatggcagcgtgcagctggctgatcactaccagcaaaacactccaatcggtgatggtcctgttctgctgccagacaatcactatctgagcacgcaaagcgttctgtctaaagatccgaacgagaaacgcgatcatatggttctgctggagttcgtaaccgcagcgggcatcacgcatggtatggatgaactgtacAAGTGA
23,BBF10K_000001,MMSYN1_0001,ATGAACGTAAATGACATTCTGAAGGAATTGAAACTTTCTCTGATGGCAAATAAGAACATCGACGAGAGTGTCTATAACGACTATATCAAGACAATTAACATTCACAAGAAGGGTTTTTCGGATTATATTGTAGTAGTTAAGAGCCAATTCGGATTGCTTGCCATTAAACAATTTCGTCAGACTATCGAAAATGAGATTAAGAATATTTTAAAAGAGCCAGTGAATATCAGCTTCACTTACGAGCAGGAGTATAAGAAACAACTGGAAAAAGACGAATTAATTAATAAAGATCACTCGGACATCATTACTAAGAAAGTGAAAAAGACTAACGAAAATACTTTTGAAAACTTCGTGATTGGCGCAAGTAACGAACAGGCATTTATTGCCGTTCAGACTGTTTCCAAAAATCCAGGTATCAGTTATAATCCTCTTTTCATTTACGGTGAGTCAGGTATGGGTAAAACCCATTTGTTAAAGGCTGCTAAGAACTATATCGAGTCAAATTTTTCTGACTTGAAAGTTTCTTACATGAGTGGTGATGAGTTCGCACGTAAGGCCGTGGATATCCTTCAGAAAACTCACAAGGAGATTGAACAATTTAAGAACGAAGTATGTCAAAATGATGTTCTGATTATTGATGACGTACAGTTCTTGTCATACAAGGAAAAGACGAATGAAATCTTTTTCACCATCTTTAATAACTTCATCGAGAATGATAAACAGCTTTTCTTCTCTTCCGACAAGTCCCCAGAGCTTTTGAACGGATTTGATAATCGCTTGATCACGCGCTTTAACATGGGCCTGTCTATCGCCATTCAAAAATTAGACAACAAAACTGCTACGGCGATCATTAAAAAGGAGATCAAGAACCAAAATATCAAAAGCGAAGTCACTTCGGAGGCAATCAACTTCATTAGTAACTATTACTCTGATGATGTTCGCAAAATCAAGGGCTCTGTCTCACGCTTGAATTTTTGGTCACAGCAGAACCCGGAAGAGAAGATTATCACCATCGAAATCATCTCAGACCTTTTCCGTGATATTCCTACGAGCAAACTTGGAATTTTAAACGTTAAGAAAATTAAAGAGGTAGTCTCCGAAAAGTATGGTATCTCAGTGAACGCTATCGATGGGAAGGCCCGCAGCAAGTCCATTGTCACTGCGCGCCATATCGCAATGTTCTTGACGAAGGAAATTCTTAATCACACCCTGGCACAAATTGGAGAGGAGTTCGGTGGACGCGATCATACTACAGTCATCAACGCTGAACGTAAGATTGAAACGATGCTGAAAAAAGACAAGCAATTGAAAAAGACGGTTGATATCTTAAAGAATAAAATTTTAACTAAGTGA
24,BBF10K_000004,MMSYN1_0004,ATGAAGGCTAAGAAATACTATGGTCAAAATTTTATTAGTGATCTTAACTTGATCAACAAAATTGTAGATGTTTTAGATCAGAATAAAGATCAGTTAATCATTGAGATCGGACCTGGCAAGGGTGCTCTGACCAAAGAGTTAGTGAAGCGCTTCGATAAGGTCGTAGTTATCGAGATCGATAAGGACATGGTCGAGATTCTGAAAACAAAATTCAACCACTCTAATTTAGAGATTATTCAAGCAGACGTATTAGAAATCGATTTAAAACAGCTTATTTCTAAGTATGACTACAAGAACATCTCTATTATTAGTAACACACCTTATTACATCACTTCTGAAATTCTTTTCAAGACACTGCAAATCTCCGATTTGCTGACAAAAGCGGTTTTCATGCTGCAAAAAGAGGTTGCCTTACGCATCTGCTCGAATAAGAATGAAAATAATTACAACAACCTTTCAATCGCGTGTCAGTTCTATTCGCAGCGCAACTTCGAATTTGTGGTCAACAAGAAAATGTTCTACCCTATTCCGAAAGTAGATAGCGCAATTATTTCTTTGACATTTAACGACATTTACAAGAAACAGGTGAATAATGACAAAAAATTTATTGACTTTGTACGCTTGCTGTTCAATAATAAGCGCAAAACTATCCTGAATAACTTGAATAACATTATCCAAAACAAGAATAAAGCATTAGAGTACCTGAATACGCTTAATATCTCATCGAATTTGCGCCCAGAGCAGTTGGATATTGACCAATATATCAAATTGTTTAATCTTATTTACAACTCCAACTTTTGA
25,BBF10K_000005,MMSYN1_0005,ATGATCCGCGACTTTAATAATCAAGAAGTTACTTTAGATGATCTGGAACAAAACAACAATAAAACGGATAAAAATAAACCCAAAGTACAGTTCCTGATGCGTTTTTCGCTGGTGTTTAGCAATATCAGCACCCATATCTTCTTATTTGTGCTTATCGTCATTGCGAGTTTATTCTTCGGGCTGCGTTATACTTATTATAACTATAAGGTGGATTTAATTACGAATGCCCATAAAATTAAACCTAGTATTCCAAAGCTGAAGGAGGTTTATAAGGAAGCCTTACAGGTCGTAGAAGAGGTCAAACGCGAAACAGACAAAAATAGCTCGGACTCGCTGATTAATAAAATTGACGAAATCAAAACAATCGTGAAAGAAGTAACCGAATTTGCCAACGAGTTTAATGATCGCTCGAAAAAGGTGGAACCAAAGGTCCGCGAGGTGATCGACCAAGGGAAGAAAATTACAACTGATCTTGAGAAAGTTACGAAGGAGATTGAAGAGTTGCGTAAAACCGGAGATTCCCTTACGAACCGTGTGCGCCGTGGTCTGAATAACTTCTCAACCCTTGGTAACTTAGTGGGGACTGCGAATAATGATTTCAAATCAGTGAATGAATCGGTGATCCGCATCACGGACTTGGCCAAGAAAATTTCGGAGGAAGGGAAGAAGATTACCGCTAACGTCGAAACAATCAAGAAAGAAGTGGATTATTTTTCGAAACGTTCCGAGATTCCCTTACGTGACATCGAGAAGTTAAAAGAGATCTACCGTCAAAAGTTCCCCTTGTTCGAACGTAATAACAAACGCCTGCAAGAGATTTGGTCTAAGTTGATGGGTATCTTTAATCAGTTTACCGTGGAAAAGACGCAAAGTAACTACTACAACCATTTAATCTATATCCTTTTATTTTTAATCATCGATAGTATCGTACTTTTAGTCCTTACGTATATGAGCATGATCTCAAAGACAATGAAGAAGATTTTATTATTCTACATTTTTGGTATCCTTAGTTTCAATCCTTTCGTATGGGTTTCCGTGGTCATCAGCTTTTTATCGCGCCCAATTAAAAATCGTAAGCGCAAGTTCTCCTGA
26,BBF10K_000008,MMSYN1_0008,ATGACCATTCTGTTTAATACATCAATTTTGACTTGGGCGCTTGCTCTGGTCGGTGTACTGCTGTTTGCTAGCTTATCCTCCCTTGTATCCGAGAAAGCTGGGGTAGTGAATATCGCAGTAGAAGGGATGATGATTATCGGGGCGTTGGTCGTTAGTATCCTGGGGACATATCTGACATCGAATGATAACAAAAGTAACTACACCCAGATCCCCATTGTCCTGCTTGCGGGCGTAATCACAGCGGTATTTGCCTTGTTACACGCATTTCCGGCTATTACATTAAAAGCCAATCAGATTATTTCTGGGACAGCTATCAACATCTTAGCCTTGGGGTTAGGTATCTTTTTGTCCACCTCTAACTGGTTTGGGAAACAGTCACAGGTTATTGCCAGTGGCTATTCGTCCATTGACGTTATTAACATTACTAAAGTCGTTAACGGAAAGACCCAACAGGTTGCGAGCATGTTGCCGATCTGGACGATTATCGCGATTATTTTGGCGATTGGGCTGTTCGTGTTCTTCAAGTACACAAAACAAGGGATGCGCTATGCAATGGTGGGGGAAAACCCGAATGCGATCGATGCGGCTGGTATTTCAGTCACGAAGTACCGTTACCTTGCAGTCATTCTGTCCGGGTTTCTGGCAGGAGTTGGTGGCGGGGTATTCGTAGTCACCGCAGTGTCTGGAGGCGGTTTGTTCTCGGGTAATATGTTAGGCTATGGATTTCTGGGTATTGCGATCATGATTTTTGGTCAATGGCGTATCAGTTTCATTGTCATCGGGTCTATCATTTTCAGCTGGCTGTTCGCTCTTGGCCAGCAAATTGGAACTTTGTCAACCAATAAGACGATTCAAGCAATCTCAACGCTTTTTAACACTCTGCCTTTCGTTCTTACTATTTTAGCTATGGTCGCCTTTAGTAAAACGAGCCGCGCCCCCGCAGCTGTGGGTGTCCCTTTTGACAAGGCAAAGCGCTGA
27,BBF10K_000010,MMSYN1_0010,ATGAACAAAGAACAAAAAATCGACTATGCTATCGAAATGCAAAACATCACCAAGATGTTTTTAAACGGGGCAATTGTTGCTAATGACGACATTACGATTAAAGTGAAAAAAGGAGATATTCATGCGTTAGTCGGCGAAAATGGGGCTGGAAAATCAACTTTAATGAGTATTTTATTCGGATTGTACCAGCCTACAAGTGGCACCATCAAAGTCAATGGTAAGGAGGAAGTGATTTCGAACCCTATTAAAGCTAATAAGTTGGGGATTGGTATGGTCCACCAACACTTTAAGCTTGTCGAGGTGAATACGGTACTGGAGAACATTATTCTTGGAGTGGAACAGACCAAATCTAACATCTTTCTTAACAAAACCAAAATGCGTTCTGAGTTGATTGATATCATGAACAAGTACGATCTTTATGTCGATTTAGATGCTAAGATTCAAGATATTTCTGTCGGTTTGCAACAACGTGTGGAGATCCTTAAAGTTCTTTATCGCAAGGCAGATATTTTGGTCTTTGATGAACCTACAGCAGTGCTTACTCCGCAGCAGATCCAATCTCTTCTTCAGATTATGAAGAATTTACAGAAAGCAGGCAAGACAATCATTTTTATCAGCCATAAAATGGATGAGATCAAACAAGTTGCTAACATTGCTACGGTCATCCGTCTTGGGAAAAAGATTGTGGATTTAGATGTCAGTATGGTTTCCGGCAATGAGATCGCTGAGGCCATGGTCGGACGTAAGTTAGTTGAGGTCAAGAACAAATATAAAAAACCATTATCCGACGAACCGATTCTGGATGTAATCAACCTTACGGTGAAGAAGGACACGAACCATAAAGTATACGGATTGGAAACATTTAATATCAAGGTCCGTCCCGGTGAGATCGTCGCCGTGGCAGGCGTGGAGGGTAACGGTCAGCGTGAATTAATCCAAGCAATTACGGGCTTAGTTAAGCCAGTATCCGGCGGCATTGTATATAAGAAAATTAACATTGTTAATTCGAATATCAAAACCCGTTACGATATGGGTATGTCCCATATCCCGGAGGATCGCCACAAATACGGTATGCTTCTTGATTTCAGTGTTGAAGAAAATATTGTAAGCCAAGAAATCGATAAGAAACCTTTCTCTCAGTTTGGGTTCATCAATAAGAAAGCCATCTCGCGTTACGCGCAACTTATCATCAAGGAATTTGATATCCGCGGAAGTCGCAATGGCACAGCCATTGCACGCGGATTATCTGGCGGCAATCAACAGAAAGCCATCGTGGGGCGCGAAATTAAGAAAGATCACGATCTGCTTATTGTGGTACAGCCCACACGCGGACTGGATGTCGGTGCGATTGAGAATGTGCATTCGCACATTCTTAAGGAGAAAGAAAAGGGCCGCGCTATTCTTTTAGTCTCGTATGATTTAAATGAAGTAATCGCCCTGGCCGACCGCATTGTAGTTATTAACGATGGTAAGTTGATCGGCGAATTGCCTGCGAAAAAAGCTAAGAAGGAGGAGATCGGAGCATTAATGATCGGTCAGACGTTGGAACAGATTAAACAGAACCAAGTCACCAAGACTATCAAAAACCGCAAGGAGATGAAAACCAACGCTATTTGA
28,BBF10K_000011,MMSYN1_0011,ATGAAAAAATTGTTAACTGTATTAACAACTTTCATCGGGATCTCCGGGAGTGTTTCTATGGTGATCAGTTGCAAGGTGCCCACTTTCGCAGAAGGTATCCTGGGTCAACGTGTGTTGGTAGTAACCGATGGAGGAAATATTCGCGATAAGACTTTTAATGAATCGAGTTGGGAAGGCGTGATCAAATATGGTAGTCAGATCCACTCGAACTTCGATATCAAGAACGAACTGGAGGCCCGTCAATTCAATTACAAATCCTCAATCGGGGGGCACACTAAATGGGATGAGACTAAACATATGTTCATCAATGAGGATTATGAATATGCGAAACAGAACTCCAACAACTACGTCGAAACCCCCGACCATACAATCGACGCCTTTCGCACATCTTATAACACAGCGATTTATAAGAAGGCTGACGCCTTATTATTGGCCGGATTCGGGCATCTGGGCGCGGTAGATTATGCGGCTGATCGCATGAAAAAAGCGGGTAATAAAACGGTCGTGTTTCTGGACGCACAGTATAAGAAAGATAACGTGATCTCGGTGATCTTCAACTCGGAACTTGCTGGTTTCAATGCGGGATGGGATGCGATCATGTGGGCGAATCTTCCGAAAATGACGTCCCTTAACTCTGGCGAGTTTTCTAAAGAAGCAATTGATGCTTCCAACTCCAAAACCGATATGGTGTTACAAGGTTCAGCTACGGGTAACAAGTACATCTCTATTGGCATGTTCGGAGGGATCACAAATAAGAACGCCGTCGATAACTACATGTGGGGGCTGTTGGCTGCCATGCATGTCTACAATAACAAATTCGCGGGGAAAGAAATCGAATTAACAGATAACAAGGAAAATAAAGTAAAGTACAAATTACAGCCCGTCTATTATGCAAATTTGGGCTCTAAGGCGGAGGTCGAGAAATTGAACGACGTGAATGAGTCCTCTTGGTTCTCAAAGGGGTTCGATGTTGGTGGGGCGAAGAAGTCGGGCATCGTTGACTCACTGATTAAAAACCAAGCAGATATTATTTTCCCGGTAGCCGGCCCCCAAATTAACGACGTCTTAGAGAGTACAGGACACAAACCCTATGTGATTGGGGTCGATACAGATCAGGTAACATCGGTCGGAAGTTCTAAAAAGGGGAATGAGACTCGTTTTATTACCAGCGCGAAGAAGAATATAGTCTCGGCATCAGTTTATGCGCTGAACCGCGCCCGCTCATTGCAGAAGGCGATCATCAAGGACAAAACCTACACCTCCAAACACGAAAAGGAGATCAAAGACGGAACGACACTGGTCGGGGAGCAAGCTGATTGGAGTATCTCCAGCTCGCGCAAGGCTGACACCAAATGGTCCGTTGAAAAGGTCAATGGATCCTTAACCAATGCTGCAAACCTGTCGGTCGAGAGCATTGACTACAGTAAGGACAAGGCGAAGGAGATCGAAAAGAACCTGAAGGAAACCCTGCTGAAGTCGGGTGAAACGTTTAAGCAGTATCTTACTAAAACAAGCCTGGATAAAGCTTTAGAAAGCATCTCCAAAAGTATCAAGGACGAAGAATGGGAAAAGCTTACCCTGAAAGATAACGGTATCGCGGGGATCAAAAATTACTGGGAAATGCTTATCCAATCTACCAAAAAGTGA
29,BBF10K_000012,MMSYN1_0012,ATGAGCAAGAAGTTTTACATCACCACTCCGATCTATTACCCGAGCGGCAATCTTCACCTTGGACATGCATATACTACAACACTTGCTGACATTTTAAACCGTTACAAGAAAGAACAAGGGTATGAGACTTTTTTCTTGACGGGATCGGATGAGCATGGACAAAAAATTGAAAATAAAGCCAAGGAAGCGAATTTGACGCCGCTGGAATATCTGAACCCGAAGGTCCAAGCATTTAAAGACTTGTGGACTAAGCTGAACATCAATTACGATAAATTTATTCGTACCACCGACGACTACCATGAAAAAGCGGTACAGAAAATTTTCACAATCCTTCTGGAGAAAGGGTACATTTACAAGGGTCAATACGAAGGCATTTACTGTGTCTCATGTGAAGAGTTCTTGACTAACGAACAAATTGACGAAAATGGACTGTGCAAAATCTCGAATACTAAGCCGCAGTTAGTAAATGAGGATACTTACTTCTTGAAGGTTTCACAGTTTCAGGAGTTCGTTCAAAACGTACTGAAGTCCGATTTCCTGATCCCAGAGTACCGTCGTAACGAAATGCTTAAGAACTTTGTTGAACCAGGTTTAAAGGATCTTAGTGTAACCCGCGTTTCCTTTAAATGGGGGATTCCTATCACAGAGGACCAACGTCACATCATCTATGTATGGTTAGATGCTTTGTCAAACTACATCACGGCGTTAGGGTACTTGCAGGAGGACGATTCACTTTTTAAGAAATTTTGGCAAAATGACGACTGTGAGATTCTTCAGCTTGCTGGGAAGGAGATCATTCGTTTTCATAGTATTTACTGGCCGGTCATGCTTGAAGCTCTTAATCTTAAACAGCCTACTCACCTTTTAGGTCATGGGTGGATCTTAAACAAAAACACGAAGATGTCTAAATCCCTTGGGAACGTCATTGATCCGGTGAAAATTATTGAGTTATATTCAGCGGACGCTTTGCGCTTTTATATTGCAAATGATTTACCAACTGAAAAAGACGGGAATTTCAGTTTAGAATTATTCATTGAAAGTTTTAACGCACACTTGGCAAACAACGTAGGGAATTTAATTAGTCGTACACACAATATGATCTCCAAATATTTTAATGGGTACATCAACTTATCTAATGTTAATTATGATCAGGAGTTGATCAACCTGGGAATCAAGACGATTGACAATTATGTTTTTAATATGGACCAGTACAAAATTTCCGAGAGTATCAAAGCGGTGCTTGAGTTGTCGAATGCCTGCAATAAATACATTGAAACCAAGGCTCCGTGGAACCTTGAGAAAGAGAACAAGATCGAGGAGCTTAAAACAGTTCTGGCAACATTACAGCGCAATATTGCGATCATTTCATACCTTCTGAAACCAGTGTTGGTCGATAGTTACAAGGATATGATCGAGCAATCTGGTTTAGAAAACGTTCAAATTGATTTTGAGAACCTTAAGTCCTTTAGTAACATCAAATTCAACAAGTTGAACAACAAGAAAGTGATTTTCAACCGTATTAAAGAGTGA
30,BBF10K_000013,MMSYN1_0026,ATGAACCGCGTCAACTTGGTCGGTCGCATCACACGCGACCTGGAGTTGCGTGTTGCGAAAAATGGATCAAAGTTTGTCTTTTTCACGGTAGCCGTAAGCGAATTCAGCACCCGCGAAGAAAAGACTAATTATATTCCTTGTAGCGCCTTCGATAAAACGGCTGAAAATATGGTAAAGTACCTGTCCAAGGGATCACTGATTAGTGTGGAGGGACGTATTACCACTCGCAATAACCAGACACCGGATGGCAAGTTCGAAACGATTGTCAACGTGCTGGCTGAACGTGTAAATTTTCTTGAACCCTCCAAAAATCGTAACAACATGACGACGGAGCAAAACGACAATTTTACACCGAATCAGCCAACCCAACAAAACTCAGACTCCTCGTTCGATGACCTGGTGGTATCAGATGACGATGAACTTAGCATCTTATGGGAGTGA
31,BBF10K_000014,MMSYN1_0027,ATGATTAAAAAGTATGAGGTGATGTATATTTTGGATCAAGACGTCAAGGACACTAAGGAGTTAGTGACAAAGCTGGATGCAATCTTGGCTGAAAACGGAAAGATTCTGGAGTCGAACGACTTAGGTTTACTGGATTTTACATACGAAATCAATCACAAGAAAAAGGGCTTTTATCACGTGGTGATTGTCGAAGCGACGACACAGGCAATCAAGGAATTTGAACGTATCGCTAAGATCGACAAAAATGTTGTACGCACCCTGGTCCTTAACACTGAAAATATTCAAAACTACGAACAATCCGTCGTACTGTCTAAGACCGACATGACAAAGTATGAGGAGGAGCAGCGCGAAAAGAAAAATTTTCGCAAACCTTTCATCAAGCGTGAAGAAGCGGCTGTAAAGGAAAGCAAGTGA
32,BBF10K_000015,MMSYN1_0029,ATGTCTAAAGTGTTGGTATTAAAGACGACTGCGCAGGCTGACGAAGTCTCCAATTCTGTGGCACTTACTAATCGCTTTTTAGAGGAGTATAAGAAGTTCAATCCCGACGATGAGATTATCATTGTCGATTTAAACAAAGATGAAGTCGGAACCAGCATTTTGACCTCGGAAACGTTTAGTACGTTCTACCAGCAAGAAGTCACCAAGAAATATATTAATCTGCTTAAGTCAGTGGACAAGTTGGTAATTGCCTGTCCCATGTACAATTTCTCTACACCAGTTACGTTAAAGAGCTTCATCGACCATGTCAGCGTTGCTAACGAAACATTTTCCTACAAGTATAGCAAGAAGGGAGATGCTATTGGGTTGATTACTAACTTAAAAGCACAAATTCTGGGTGTCCAGGGTGCCCCGCTGGGCTGGTACCCCTGGGGGCAACACACGCAGTACGTCGAAGGGGCTATGCGTTTCCTGGGTATCGAGTTCAATAAAACAGTCTTGTTAGCGGGAGTTAAAGTTGCCCCTTTGCTTCAGTTGACTCCAGAGCAGCGCGTAGAAACGATTATCGATGAGGTGATCGAAGCCGCACGCACTTTTTGA
33,BBF10K_000016,MMSYN1_0030,ATGGCGAAAGATAAAAAGAACACGGAAGTCTCAATCAACATCGAACAGATCCAACCAATCTCGAAGAAAGACCCTGACTTTGAGGAGATGAAATCTAGCAAGAAACCCAAGAAAACAAAGACAATCAAGAGCGAGCCGGTTTTGCTTGAACAAATGGATCAACGCGAGTACATTGTCATCCCCAATGACCAGAAATTCGAACCGGGTATTAAAGGTCTGAAGCAAAAACAGAAACTTCAGAAACAGCTGACGAATAAATATAGTAAAGACATTTTGAATAAAGGGCATATCATTACTACGCAAAACTATAAACCGAACTTGGACAAACACATTATTGAATTAAAAAACGTCCAAAAATCTTATATTACCGGGGATTTGGAGACACCCGTTTTGAAGGGAATCGATATTAAATTGGATAAGTCTGACTTTATTGTTATCCTGGGTCCCAGTGGGTCAGGCAAGACAACTTTTTTGAACATTATTTCTGGACTTGATAAAGCATCTCAAGGTGATGTATTTGTACTGGGGTCCAATTTATCGTTATTAAAAGATTCACATATGACTAAGTTCCGTCGTCGCACAGTGGGCTTCGTTTTCCAGCAGTATAACTTGTTAACAAACCTGACAGCTAAGGAAAACGCTGAGGTGGGAGAAAACTTATCGAGCAAGAAAAACGGTATGTCGATCGACGAAATCTTTGAAACCATTGGGATGAAGGATCAAATGCACAAATATCCCCACCAAATGAGCGGTGGACAGCAGCAACGTGTCTCGATTGCGCGTGCTTTAGCTAAGAACCCCGACATCCTTTTTGCGGATGAGCCTACGGGCGCACTGGACGAGGAGATGGGACGTAAAGTTTTGGAGATTTTGGTCAAAGTAAATAAGGAGTACAAAACCACAGTAATCGTGGTAACGCATAACCCGAATATCGCTAAAATCGCCAATACTGTAATTCATATCAAAAATGGAATTATCGATAATCTGGAACACAACGCCAATCCAGCTGACCCTCAAACGATTGAATGGTCCTGA
34,BBF10K_000017,MMSYN1_0033,ATGTTAAAATTTATTAAAAATAACAAGTGGTGGGTAGCGATTATTTCAGTATTTGCCATTTTCCTTTCCAGCTTTGGCATCTTTGCAAAGTCTTACGTAGATTCTAATAAACAAAAAATCGTTAACAAGGTGCAAAATTATGTTCAAGCATCCAGCTACGCCGTTCAGAGTCGCATTCTGAAAGAGACAGAGAATCTGAATGAAGATTACTTAAACCAGAAGATTGGGAAAAAGAGCCTTCTGGATGAGTTCTCCAATGATTTCATCTGGCGCCCCAATAACACCAAGACCACCTCAACAGACACCATCTCTGATTTATGGAACACGTACTTTGGAAGCTCGACAAACGTCCTGGACAAGAATTTACAGATTCAATATAAGAATAACAACGAGTACAAAAACATTGAGAACAGCAAAGGAGAGATTACCCCGCAGAACATCGATTTTCTGTTTAGCATTTCAAAATCGTTGGAGAAGTTCTTGAACGGGTTTGCTCCTTCGCTTGCGTCCTTGGGACTTTCGTTTATCCAGAACACCGTTTTGAATAATCGTGAAAAGAGTAACTTTAAGAACTACAAAGATGGGTTGAACAAATTTGCAGATATTATTGAAAATAACAAAAACTTATTTAGCTATTTGGGAAAAATTTTGACACCCAAACAACTGGAGAAAGACTACTATAACAACTTAACCGTGCAGCAGGCGTTGATTAAAAACATCAACCAAATCGCAGCTGCGATTTCTAACGACCAGGAATTTAGCAAGGAAGTTGAGACTGACAAAATCCCAGAGGCCCTTGATAAATTACTTACAGAATTGGGGTTGGATTCACTTTCAGAGATCATCGGTGAGTTAATCAATAGCCAAAACGGCTCAACGAATTTGACTCAACTTTTTAATAAAATCAAAAACATCTTCACTTTAAAAAATTTCGAGAAACTGAAGGCAAAGGCTTTAGAGCTTCTTGACCGCATCACGCCCCATCTGGCGACCTACTTATACTCAGAGATCTTTTTCGGACTGTACTACGCTGCCAACCAACATATCAAAGATCCGAACGAGCTTCTGGTTCAAAAGGTCGACAGTAACAAATTTCTGGCCCTTACTAACAACAAACTGGACTTAGGTATTTTGCTTAACGGTATCGAAGTAATCCTGAAAGATAAGAAAGGTTTTGAACGCTTTTATAACTTTATTTTTAAACGCTTCGATGAAAATAAGATCTTTAACAATCTTAACAACATTAGCAGCAACAAAGGTACAGGGAACTTAACATACGATCTTTTGAATTGGCTTGAGGACAAATTAAACGGCTTCTCAAACGTCCTGAACATTTTAATTAAATTTGCGGAAATTGCTCTGAATGATTCTAACATCATTAAGACAATTCAGGAAAAGATCGTTAGCTTCATCAAAGAAAAACTTCCTAAGATCTCCAGTGGAGACTGGAAGGTCGAATTTAAGTTTGAGAGTATCGAAATCTCTTTATCATTCCTTGGTATCCGTACCCCTCTGTATTTGAAGGCGAACTTGTTCGGTAAAGCAGGGCTTTTATCTCAGGTAATCAACATTCTGAAATCTTTGAACAATTTCGTGGATTATCTTTCTAATTGGTTCTTTAAATATATCAAGAACACTTTTTATCTGAAGTCAAGCGAGAAGTTGTCTGTTGTACTGCTTCAAAAATTAATCAACGACATCGACGTGCTTCTGAAAGACAACAAAAACATTTACATTACTATCGCCCAGGATGTGATCTCGGTTTGGCCTTTTGGGAAGCCAGACGTTGAAATTAAAACTATCTATGATTTTCTTACGCTGCCTTACAACAAGGAGTTCTTGAACGGCTTGGTATACAAGCGCGCCGAAAAGGATATTAAGCCTGCAGTAGAAAAGCTGAAAACTTTTCTTGAAAGTCTTAAGACATACAACTTCATCACCGAGTCAACTAAGCTGAAGGAGCAGTTTCCTCAATACTTGGAGAATCTTTCTAAATACATTAAAAAGTACGAAGAAATTGAGATTACGGACTTCAACTTGCTGAATTCTCTTTATGAAGGCAACATTATTTCCGATTTTGCGCTGAAGTGGATTGAATTTTTAACAAAAGACATTTCGAAGGAGGACAATCCAGTCTTGCCTATTCTGCGCACAATCTTTAAAGATGAAAAGTTCGAGAAATTAGGACAAATTAAGAACAAATGGACGACTAAAATCTCTGAATTAGCAAACAAGATTAAGGAGTTCGAAAACATTACGAAAATCAAAAATATCAAGATTAATTTGCCTGAAGATCTGCTGAAACAATTCGGTCTGGAATCCCTTAACACGCAGACAATTTATCAATTGATTCAGACGTTAACCACTTATTTCAATGATTATCTTTCTATCAATCCAAACAAAGTTATCGGGTTGAACATCTCATCAATTGGGAAAATCTTAACCGCCCTTACCATCAAAGTATCCGTAGAGTACAATACTCGTAATAAAGATAAGAATTTCCTTTACAATAAGGACCCCTTAAAGGACAAATCTAAGACGCTGCTGAAGGCACTTGCATATGGTTTCGATACCCACGATAATTACTCAGATAACATTGTAAACATTTCAAATATTCGCCCGTCCGAATCGTACTATAACTGGGACAAGATTGATTTCTATATTAACGGTTCAGACAAGCCATTTACGATTAACCGCACCAATTTAAAGGAGGAACAATCATATTCACCTTTACATATCTTACTGGGCATTGATGTAGATAAGACTAGCTATATCAAGGATTCCCTGGGTTACGTATTCGGCACTCTTTTCGGTGGCCTTTCGGCTTCCGACCCGAATTATAAATTATCTATTGAAAACAAGACGGATGCGACTTCTATTCTGAATGTGTTCAATTACGTATTAGACAAAAAAGACAAGCAACTGAAAAAGCAGGAGGACCAAATTGCCACGCAGTATTATGACAAGACTGCATGGAGTACAAAGATCTTGAACTCTTCAGAAAATGAGATTAACTACCAGTTGATCCGCCTTAAGACTTCTAACACCGATAAGTCCAAGCAGCTTGGTACCAAGTTCGAAGTAAAATTATTAAAGAATAAGAATAACTCATATTGGACGATCAATAAAATTATCGCTCTTGACTACAAGACTGCCTGA
35,BBF10K_000018,MMSYN1_0034,ATGCTGAAACAAGGGGTTAAATGGATTTTGAAGTTCAAGTTGCAGTTGATCGTTATCGTGGTGCTGACCTTCATTGCTTCGTCTATCTTAACTATTTCTTTCACTACCAACAAACGTTTGTCATCGGCATACGATCAAGTCGTGAATAACCAGAAGAGTCCTAAATTCGATAGCACGTACCAGATCACCGTAGGCAGTAAAGCAAAACCGGAAAAGGGGGACCCACTTTTCATTCCCATCTTTGATTTTGTTGACAAGCAATATACAGGGTTCAAAGACGAGGGATACGATAATTTCAACTTGGCGTTTAACGATATCTATAAGAATAAAGATTTGCTGACTATCACCACGAGTTCCCAGGAATTCAAGGATGCGTGGGCTAAGAAAAAGGAGGTATTCGAATACAAAGAGAATTTAGATGACATCAAGCAATTGTCGAAGGAACAGGAGCAGTTCGACTTTGCCATTAACGACGTGTTCTTCAACACGATGGCCGAACTTCTTTCTAAAAACGACCCGGCTATCAAAAATACCGTTATCGGCCGTTACACATTGAGCAACCCAAATTGGTATAAACACTTCTATGATAAAGAGAAAAACATTAAATCGAACTGGTCTGAATTCATTAAAGACAAACAGAAAATCGAGAACTTGAAGAAATCGAACCCCGATGATCTTAAGACTTACTTCTACTCATACTATGCCTTTGAGTCTTTATCCCAATACTTTTTCAAAACAATCCAAACATTTCTGCAAAACAAGGATAGCGAACTGGCTCAACAATCTAACAATAACAAAAACGAAGCACACAAATACTTTTATGAGTTTCTGTTTGGGAAATATTTTGACAACAATAAGGCGAGCTACAAAGAGGATTATATCGCTAACAATAACAACCTGTACACCCTTACGTTCGATAGTACAGTTAGCAGCTCGGAATTCGAAAAGATGAACTTTTTGATCTCGTCAGAAAATAAAGAGCAGAACAGTCAGGACCAAAATTTCTTTAACGAATTAGTGAAGAAAGGATTCAAAGGAATCTTACGTCCGCTGCAGATTACTTATCAGAATTTCGGTGACCAGGTGGACATCAAGAATGTTGTACAATACAGTGAAACGCAGGAATTGCGTGGATTCGTAAGCAATTCTAACATTTATTCGCAGAACGTTAAGGAGCTTCCAGAGATTTTCAAAAATAATTCGTTTGTCGACATCTTGGCAATGAATGCAGACCCGTTCGCAAATATCGGTGAAAAATCCGTGAACTTTTATACGTCCAAGACAAACGACCTTGAAACTACCGTCGCTAGCGATTTCCCAATTACCGCCGCATTTTTAACACATCACAAGCTGACCGCTCTTGCAAATGGGTATGATTTGTATATCCGTCCAGAAACGATTTTCAACGACCCCATTACTAAAAAGACCTTCCGTATCGTGGATATCACAAATAAGGACTTCACAAATTACATTATTCTTGATGGACAAACGCCCAGCAGCGCGTCGGAGATTACAATCTCAAAACAGTTCGCGAAAGCGAACAAAATCCAGATTGGGGACCGTTTGACCTTAGGTAATGCGAAGGGGCTTATCGTGACTGGGTACGCTGTCGATACTTACTCATTCTTTCCCACTAGCGACCCAAATGTACCACTGCCCAAAAGCGACTCGGGTGGGCTGATCTACGCAGACTTTGCTACGATTAACCAAATTTTGGGTGACGGAAATTCGGCGACAGGTAATGACCAGACATCAACGTTTAATTTCTTTTTGATTAAGAAGAACAATTCACTTAATATCAAGAATGTATTTTTCGACCACTTTAGTGTGGCCAACCGTATTCGCGATAATATCCTGGCAAAGCAAAAAGGGACAGAGATCCAAACTTTCTACCAGGAATATGAGTTTAGCAATTCCTGGTACAGCCTTAATTGGACTTTATATCAGAAAATCGCATTCTGGTACTCTTTAGCAACCTTCCTTACAGCCTCTTTGATCGCATTAGTCTCCGCGCTTGCTGTATTCGTCGGGGTCATCAAATCAATCCAGGCAAATTCCAAGCAGATTGGCATCTTAAAGGCTAACGGGGCATCGTCCGCCACAATCTCATGGTCCTATGTATCCTATGCGGTAATCCTTGTATTCATTGCAATCCCATTGGGCTGGATGGCTGGTACTATGCTTCAGGTGCCGTTCGTAGCCATTTTTAAAGACTACTTCAGCTTCAAGACCAACGTATTGATTTATGATTGGTTGGCACCTCTGATTTCTATCATTATTTTTGGCGTCCTGATTGGCGTATTCTCATTTCTTGTAGCCCTTTTCCATATCAAGAAACCTGTGCTTGATATTATCAAAAGCAGTAAGAAATGGTCAAAACCGAAGATTACGGACTGGCTGCATAAGCGTATTTTTAAGAAACCACGTTTTGCAACTTTGCTGATGTTAAAGTTGACGGAGAGCGGTAAGAAACCTTTTAGTCTGTTATTAGTACTGGTGTTTGTTGGCACCCTTTTCGTTAGCGCCGGGGTGGCCATTCCCTCGGTGACGAAATACGCCAAAGATAATTACTTTAAAAAGGTAAACTATGATAACCAGTATGAGATCTATAACTCCCTTTCTAATTCTCCACTGGGGAAAGACGTTTTTAACTTTTGGAATGGCCACGAGCAAATCGACAATACTTACAAAGAGGTAAAAGACCCGTCAGGCACCATTAATTACTATGAAGATCCTAATTCCTATACGCTTTCGAACCAGAATTCGAGTGTGTTACCACAGCTTATTTACAAGATCAACACAAATAAAAATAACGATTCCAACAACGCGGAGATCCTGACCCCATACAAATCCATCATCAAGGAATATTTGAAAACTGGTGTATCCAACCTGTACAAAAACCTTCTGGACTGGGCTTCGTATCAGATCAGCATCTCTAACGGAAAGTCGATTAGCATCGGTACTATCGAACAACTTTACGCATACATTTTGAATGACGCCGATCTGAATGAACGTTTTAAAAACGACATTGATAAGGTTAAAGAAACGAATAACGTGACTCAACCTCTGACTCAATTCGTGGGAGAACTTCTGAAAACCATTTTTAAAGACAAAGTCCAAACTACAGGCGAATGGAAAGAGAAAATCTTGAACTTAATCCTGGGATACAGCCCGTCGTTCATCAAGAGCTACCTGACAAGTGAATCTCGTCGCGCACAATTTAGCTTCGGTTGGCAGAAGCAGACAATTATCCCTCAAAAAGACCAATTGGCGACAATCTTCAAACCCAAGTCGAACAACATCGAAACTAATTATTCCATCCTTGGCTTGGATAAAAATCAACAGACCTACAAATTATCGGACAAGCAGAAAAACCAGTTGTTCCTTAGCAATAACCAAGTACAGAAACTGTATCAAATTATTAACAATCCGTATGATAAAAACCAGAACGATGACATCTACTTGAATAATATCAAAGTATATGACCACAAGACAAACACGCTTACGATTCCCACGATCGTGAACAAAAATCTGAATTATAAATTAAATAAGTTCGGCGATAATATTATTTCAAACTTGTCTGCGAACAATATCCAGTTAAGTTATAAGACCCGCAATAACGACTTCAACGTATTGCCGAAACAAGCTTGGATTTATGACGACTCTGACTATCTTAAGACAGAGTACGTAAATAAACATACGAAGTGGGAGGATCAACCCATTCAAATCATCAACAATAAAAATAACTCAAGCTCATACGGATACGAGGTTGTAGAAAACGATAACGAGAAATACTACTACCTTAACCCATATAATTTAGATGTCAATAAGTTTACTCAGCGCCAGGTCATTGACATTTGGTCAAATAATAGTAATTCCTCGTTGGTAGCTAAGCAACATGAGAATATTGTCGATGAATCGCCGCTTTTCGGCGATTTTGTTATTAATAATAATGGTCAGATCACCAAATCGTTTATTCGCCCGTACTACCAACTGCGCAACCTGTTGCTTTTCGTGCCAATTACCAATCAAGTATCGTGGGAGGATTTCGCGTTATATGCCTCCGGGTGGAGCGAGTCTGCGGAACATGGTCTTGACATTAAACGCGTCATCTCTGACTTGGATAAAACTGATGATCACACACGCAATTACAAGTACCCAGCAATTAAGAAACTTAACGCGAGTCTTGTCCCTCAAAGCGTGAAAAACGGTTGGCAGTCTGTAATTAAGGATCTTAAGTCCGACACTGCGTATTTGGCGATTCGCCCCTACGATTTTAGTATTCAGCAAGAGAAATGGGCCAATAATCATTACGAATATTTCATCTTGGACAACTCAACCAAGAAAATCTTGGGTGTCAATCCACCCTCAGCAGATAAGTCCATTCCAAACATCTTGTTAAATTCAGTTCCACACTTTTACCGCCGTGCAGTTGGAAAGCGCAAAAGCATTCCCGCCATCCTTAAGTTGCAGGATAAAAACGTGAGTTATGTTAATAAGGATTTAAAGATCAAACTTCAAAAGGTTGACGATATTGATATTTATGGAAAAGCGTATGCCTTGGTTGACTCTGATCTGGCGAATATGTTGTATGGCTTTGACATCTCTCGCAGCACCAATTATGATTATCGTCCTTTCGATACCTCCAAGATTATTAAGAAAGGGGAGTTATTTAATACCTACAAAACGACAAATTGGCTTAAAGTCAATAACAAAGATCCTTGGAAGCAAGCGTTTATCTCTCAGAAGGACACGTTTTCGTATTCCCCCCATTATTACTACAACACGATCTTCAGCAACAGCAGCGAACCGTTAATTATCACTTCGTCGGTATCGTTGATTTCGGAGCAGCGTTTAGGTATCGCAATTCTTGATCTGATGAACCTGTCCGATTATAAAGCGGGAATCGTAGACGTTGATTTTACATTCGAGACAAAACAATTGTTGAATCAGATCGCCAAGACTGCCATCTATATCGCCATTATCATTATTACCGCAATTATGTTATGTGCATCATTACTTATCATGCTTATCACAGATATTTACATCAGTCAATATAAGAGCTTCATGATCATGCTTCGCTCCATGGGTTACACTAACACTCAAGTGATGTTTTACACTTTAGGGATCGCAACGATCTTCTCTTTGCTGATCTCTTTCATCACCACCATTATCGTGTTCAGCAGCACGTCAATTATCGACAAGGTATTCTCTGCAAATGGATTTTCGATCCCAATTAATGTTTATTGGGTGTCTGTAGTTTTCTGTATCCTTCTGATCCTGGTTTCATTCTTTACGTCACTGTGGGTTAGTACGAAACGTGTGCGCAATGCGGAGCCATCAACGATGTTGTCTGAGGTTGATGAGTGA
36,BBF10K_000019,MMSYN1_0039,ATGAACAAGAAGAAAAAGAAGTCAACCTTCTGGTTCTGGATTATTCTGATCGTTGGATTCATCATTTTGTTAAGCGTTATTAGTATTACCTCGCGCGGCACCACACAGAACCTGACCATTGAGCAATTGAATAGCCTTTTCGATCAAGGGAAGCCGTTTAACAACGTAGTCCTGCAGCGCAATAACATTCAGGGTATTGACATCATTACTGGGTGGTATAATAACGGCTCAGGATGGACCAAGTTTACAGTTAACACCAACCCCAATGCTATCAACGGCTTTTCGGATGCATTCAAGAATTTTGTCTGGCGCTCCAACACAACTCGTTATACTGAATCTTCTTGGTTCTCACTTCTTTCATCGTTGCTGCCAATGTTGATCCTGATTCTCTTTTACATTGGACTGTTTTACTTCATGGCGAAAGGAGGCGCTGCGGGGGCCGGCGCAAATGGCCTTTTCGGCATGGGGAAGAATAAAGCGCGTCGTGAAAAATCCAATGTCAAATTCTCAGATGTCGCCGGGATTGAGGAAGAAAAATCTGAATTAGTTGAGCTTGTCGATTATTTAAAACAGCCAGCCAAATATGCGTCAGCGGGGGCCCGCGCCCCTAAAGGTGTTTTGATGGAGGGACCTCCTGGTACTGGGAAAACGTTATTAGCCAAGGCAGTCGCTGGCGAGGCCAATGTCTCGTTCTTTTCGATTGCAGGCAGCGAATTTGAAGAAATGTTTGTCGGGGTAGGCGCTAGTCGCGTACGCGAGATGTTCAATGAGGCCAAAAAGGCGGCACCCGCCATCATCTTTATTGACGAGATTGATGCTGTAGGTCGTAAACGCAACAGCGCCATTGGTACTGGTACCAATGAGCAGACCTTGAATCAATTATTAGTTGAGCTTGATGGGTTCGAGACAAATTCTGGTATTATCGTTATGGCCGCAACGAACCGTGTCGATGTTCTGGATCCGGCCTTACTTCGCCCAGGTCGTTTTGACCGCGTGATCCAGGTTTCTTTACCTGACATCAAGGAGCGCGAACAAATCTTAAAGCTTCACGCGCGCAATAAGAAGATTGATCCGTCTATTGATTGGCACCGGATCGCGGAGCGCACTCCCGGCTTCAGTGGCGCACAGCTTGAAAACGTGTTAAATGAGGCTGCAATCCTGATGGTTCGCGAAGGTAAGACTGTAATTGGTATTAACGAAATTGATGAAGCGATCGATCGTGTAGTGGGAGGTCCTGCTAAGAAGTCACGTGCAATGACCATGCATGACAAGGAAATCGTTTCCTATCATGAGTCCGGGCACGCTCTGATCGGACTGAAACTTGAATCGGCATCTAAAGTTCAGAAGGTTACGATCATTCCGCGCGGCAACGCAGGAGGATACACAATCATGACTCCTAAGGATGAGACTCTTTTTTCAAGCAAAACTGACCTGTACGCCATGATTGCTGGATACCTGGGAGGACGCGCTGCGGAGGAAATTAAGTTCGGGAAAGATAACGTCACCACGGGTGCACATGATGATTTCGACAAAGCTACAGCGATTGCACGCCGTATGGTTATGCAATTTGGGATGTCCGAACTTGGAATCACAAAGTTTTTAACAATGGCTGACGAAGCATACGGCAAAACGGAGGGCAGCTACAGCGAAAAGACAGCGGCAAAGATCGATGCCGAGGTCGAGCGCATCCTGGAAGAGTCTTATAAACTGGCAATTAAGGTCATTAGTGAGAATATGGAAACATTAGAGTTGTTGGCTGAATCTCTTCGCGTGTTAGAGACTATCACAGCAGAGCAGATTGATTACATCAATAAAAACAAAAAGCTGCCCGAGGCCGTGATTTACGAAAAAGAAAAGTATAAACAGGAGCAGGAAAAAATCAACAGTGGAAAAATTATCGATCTGGATATCAATGATGTTAAGGAGGAGGAGGATAAGGATAAGTGA
37,BBF10K_000020,MMSYN1_0040,ATGAAGTTATTTAACATTAACAAGTCCAAGAAATACCTGATCGCAGTTTCTGGAGGGCCGGACTCCGTTTTCCTGCTGTGCAACGTGGTCAAGTTAGTAGATCCTAATAATTTAGTAGTGTGCCACGTGAACTACAACTTCCGCTCCGACAGCAATAATGACCAGATGATTGTCACCAACCTGTGTAAGCAGTTCAATTTGAAGTTGGAGATCTTAAATATCAATAAGGACTATTCGCTTCTGAAACAAAACTTCGAATCATGGGCGCGTGTCCAGCGCTACGACTTTTTTAATATGATTGCAAGCAAGTACCAGATCTATAACTTGTTGGTCGCACATAACTTTAATGATCTGATCGAAACCTATTTGTTGCAGTTACAGCGCAATAATTTGGTGGACTATTATGGCTTAAAGCCTGTCAGCCATTACAAAGATCTTGTAGTATATCGCCCCCTGCTTGACATCAAGAAAAGCCAAATCTTGAACTATCTGAACACTAATAAAATTAGCTACGCTATCGATTCAACAAATTCGGATACGAAATATCAACGTAATAAAATTCGTACCACACTTAACGAAAATAACTTCACAAAAATTTTGGATCAAATTAACAAAGCGAACAATAATCTGAATAGCATCAAGAAAATTGTTGACAATTACTTAAAGGATAATATTATCAATAACGAATTAAATTTAACAAAGGAATTGTTCTTGTTTGACCAAAACTCAATTCAGCGTATTATCTATACTTACTTTAAGTTGATTAACAAGGAGTCTCTTTTATTAAATCGCTCGAACAAAACGATCATCGAAATCGTCAAACGTCTGGTTAACTCAAATAAAAATCATTGGAAGATCAACTTAAACGATCATAGCCTTATTAAAGACTATAACAAGCTTTTCGTAATTAAAAACAGCTTACTTGAGCCAAAGACGATTATTATCAATGATTTAAACGATCTTATCAACCAAACGACGTTCAAAAATATTAAGGAAATTGAGCAAATTATCTTGAAAGACAAAAACTTCTCGTATGTAATCACAAATAACTATGAAATGTATAAGTCCATCACGACAATCGCCAACAAAAAGACGAATCGCTACTTTATTGACCGTAAGATCAGCTACAAAACACGCTTGTTGTCTCCAGTCGTATACAACGTAAAGGATAAGGTTATCTTGAACAAAATTAAAAAGCACTACTGA
38,BBF10K_000021,MMSYN1_0042,ATGGATGTCACCAAGCTGATCCTGAAATTGGACCAGCTGTCTAAAGAGCACTCATCGGCAAGTGGCATCACATCTCGCATTATTCTTGATAACATTGAGTTGATCACCAACTCCACGATTAGCAAGGTTGCACAGATTACATACACGTCACCAGCCACCATCACTCGTTTTTGCCAGCGCCACTTGGATATTTCAGGGTTCAGTGAACTTCAGACACTGCTGCGTGTCTACTTAAACCAGCAGGAGGAGCAGAATCGTCTGCTTCTTCAAAACAAAGACAAGAAAATTTCAAAATTTGAAGAAATTAGTAAAGCCATCAACGCTACCGATGCGTTGATTGAAACCAACCAAGTGGATAAGCTTGTAAAGGCAATCTATAACACAAAGACCGTTGCCCTGATCAGCTACGACAATAGCGTGAATCATGCTGTAACGGAACTTGCAGAGAAGATGAACCTGATCGGAATACCCCCCGTTATTATTAATCAACAAGACCTTTTGGATTACTACACTAAAATCTCGGATAGTAGCTGGGTGTTTATTGTAATCAGCCACTTCGCGGAGAACATTACAACATATCAATCTATCGTTCAACTGAAAAAGAACGGAAGCCGCATTGGTCTTATCAGCATGAATAAGCCCAATAAGTATTCCTCGGTATGTGATTATTGGATCAAGTACGCTGTTACGGATGCGGACCCACTTCAAAAAATCAAGCATTCAGCGAATTTTTCTCTGCTGTATGTGGTACAGGTTCTTTTTAATCGTATTCTGACTAAGGATCATGATCGCTTCGAGAAGATTATTAAAACTCTTAAAATCGAGTGA
39,BBF10K_000024,MMSYN1_0045,ATGTTCATCACCTTTGAGGGTATGGACGGATCGGGCAAGACAACAGCCTTGCTTAAGGTTAAAGAGGAGCTGGAACGTCTTAATTATAAAGTCTTGATTACCCGCGAGCCTGGCGGGGAGGCTATTGCGGAGCAGATTCGTCAAATCATCTTGGACAACAAAAACAAAGACATGGACGCATGGACTGAGGCTCTTTTGTTTATCGCATCCCGCAACCAACATTTACAGAAGGTTATCAAGCCTGCGCTTGAGAAGAATATTATCGTAATCTCGGACCGCTTTATTGATTCGACGTCTGCATACCAGGGCTCTGCCCGCAATATTGGGGTAGATGTTGTATCCGAAGTCCAACAGATTGTATTGAAAAATTGTTTGCCTGATTTGACCTTATTTTTCGACGTGTCGTTTTCTGAAGCGGAGAAACGTATGCAAATCCGTGGCGAAAGCTCAAAAAACCGCCTTGATAAGGAAAAGTCGGATTTCAAACAGAAGGTCTACCAAGGATACCTTGAGTTGGTAAAGAATAACCCTAAGCGTATCAAAGTCATTGACGCGAACCAGGACATTGACCAAGTGTACAACCAAGCTATTAAAATTATCCTGGAAAAGCTGAAGGAGAACGAGAAACGTACCAGTAACTGA
40,BBF10K_000027,MMSYN1_0054,ATGAAGAATTACCAACTGCAAGATCACAAAAATAACTTAGTAGAATTGAACAGCTTAGTAGGGCAAAAGGGGTTAATTATTTTCTTTTACCCGAAGGCGAAAACATCGTTATGCACACTGGAGGTGATCGAGTACCAGAAACATTTGGACGAATTCAAACAATTAGGTTTCAATGTTGTCGGCGTAAGCCAGGATGAACCGAACAAGAACGATGAATTTTGCTGCGAGCAAAATTTATCGTTCCTTCTGTTGAGTGATCTGAACAAGGACTTGGTTAATGAATTTAACCTTACTTCAGAAACCATTGTTTTGGATGACGAACCGTTCGTCAAGTACGAGCGCAGCACGTTCGTCTTAGATAACCAATTAAACTTGTTGAAGGAATTTCGTAATGTGGACCACATTGAACATGTCTCGGACCTTCTGGAGTATCTTAAGAAGAACGATTGA
41,BBF10K_000028,MMSYN1_0060,ATGAAAAAATATTTTTGCAACCTGAAAACGTCGATTTCCCAAAACAAGAAGCAATATCTTATTCGTCTTGGCTGTCTGCTGATCGGCCTGTATCTTTTCTCGCTTTCTATCGCGCTGTATGTTCCTACCGCGGTAGGTGCCTCTCATGTGGACTTTACTAATTTCTCTATCCTTGCGCTGTTTAAGGATTGGGCTAAAGTAAATGAAAAAACGGTCGAGGGCTTAGTCGCAGCAACGAATTACAAATTAGCTTTAATGAGCCTTTATGGCTTTTTGCTGCTTGTATCTGTTGTGTTTTTAGTCTTGTCTATCATCCGCGAGTACAAGGTTACCAAAGACAAAAAACTTTGGCTGCAACTTATTCCGCTGATCGTTTTGGACGTCATTATTAACGTTGGTCTTAGCTATGTCATCGACGGCCAGATCGAAATGCTTAAAGTGATCGGATATTTGGATTGGATGTTTAATCAGTCTACTGCCTACCAGTTTCGCACCATCTTCTTCACGATTGCGTTCGTTTTATATATCGCTGGCCTGACGTTTTGGATTCATTCCGGCTGGCTTTTGGGATCTTACAACAGTATCAACACCAACTTCATGCGCTTAACCAAACTGCCGTTCAACGTATCGCGTGTGCTTATGGACGTCCTGATTATTGTGCCCGGAGTGATCATGCTGTTGGTCAATCCAATCTCTTGGGACATCAAAGCTAAGTTTCTTCTGAATTATGTTAATATTGGCACAATCGGGTTCCTTTTCCTTGCGGGGCCGATGCTTGGGAAAACCTTGGGCTTGCTTAATAAGATTACTAAGATCTATCAGTGA
42,BBF10K_000029,MMSYN1_0061,ATGCTTGACATCAACTATATCGAGCAAAACTTAGACGAGGTTATTCAGCGTCTTAATAAACGCAACCAGCAAGATTACAGTGAGGACCTTAAATACGCGGTTGAGAAGAATTTTAAACGTAAAGAAATTTTAGTAAAGTCTGAAGCGTTAAAATCACGCAAGAATCAATTGTCTAAAGAGATCGGTATTCTTATCAAGGACAACAAGAATAAGGAAGCAGAAAAAGCAAAGGCTGAAGTCGTAAGCCTTAACGAACAAATTATCAAGCTTGATGACGAGTTGCGTATCGTTAATGAACAGATTTTAGAGAAACTTAGCTACATTCCAAACCTTCCACACAAGGACATCTATTTCGGTAAAAGCGACGAGGACAATGTCGAAATCCGCAAAACCAAACATAATCCTTTGTTAACTCATTCGACACCCCATTGGGAGATTGCGACCAAACTGGGCCTTGTGGATTTTGAAAAAGGGGTCAAATTGAGCGGCAGCCGCTTCCTGATCTATACAGGACTTGGCTCGAAACTGGTACGTGCTATTGCCGATATCCTGTTAAAACGTCATGAGAAACATAACTATAAAGAAATCTTCTGTCCGCTGATTGTTAATAAAAGTGCCATGCTTGGTACAGGCCAACTGCCGAAATTTTCAGAGGACATGTACCAAGTTGGCGAGCAGTACCTTATCCCGACGAGCGAGGTCCCCCTGACTAACTTGCATGCCAACGAGATCCTTACTTATGACATGCTGCCTTTGAAATATACGTCGTTCACGCAATGCTTCCGTCAGGAAGCAGGCAGCGCCGGTCGCGACACAAAGGGAATGATCCGCTTGCATCAGTTCAATAAAGTCGAGCTTGTGAAAATTGTCCATCCGGACCAGAGTATGAATGAGCTGGAGTTACTTGTCAAGGATGCCGAGGATGTATTGAACATGTTTGACTTGCCATACCGCGTTGTCGAACTTTGCAGTGGCGACATTGGATTTAGCTCCGCCAAGACGTACGACTTAGAAGTTTGGTTCCCAGAACAAAACAAGTATCGCGAAATTAGTTCATGTTCAAATTGTACAGACTTCCAAGCCCGCAACATCCAAACACGTTTCAAAGACAAAGATGGGAAGATCAAATTAGTTCATACCTTGAATGGCAGCGGAGTTGCTGTGGACCGCCTTATTGCAGCTATCTTGGAAAATTATTGGGATGGTGAAAAGTTGGTGTTACCAACTATTCTGCGTCCCTACTTTGACAAAAAAGAATTTCTGAAGTGA
43,BBF10K_000031,MMSYN1_0064,ATGCTGGATGATCGCAAGTTCTCAGAACAGGAACTGGTTCGTCGCAATAAGTATAAGACTCTGGTTGAACAAAATAAAGATCCCTATAAAATCACAAACTGGAAGCGTAATACGACCCTGCTGAAGTTGAATGAAAAATATAAGGACTATAGCAAAGAGGATCTGCTTAATTTGAACCAGGAACTTGTGGTGGTTGCCGGACGTATTAAACTTTACCGCGAGGCCGGAAAGAAGGCGGCCTTCGTTAACATTGATGATCAGGATTCAAGTATTCAGCTTTACGTCCGCTTAGATGAGATTGGAGATCAAAGTTTTGAAGATTTTCGTAATTTTGATTTGGGGGATATTATCGGCGTGAAAGGCATTATGATGCGCACTGACCATGGTGAACTGTCAATCCGCTGTAAGGAGGTTGTACTTCTGTCCAAAGCTTTACGCCCACTGCCTGATAAACATGCCGGTATCCAGGACATTGAGGAGAAGTACCGTCGTCGCTACGTGGATTTAATCATGAACCATGATGTACGCAAGACTTTTCAAGCGCGTACCAAGATCATCCGCACGCTGCAGAATTTTCTTGATAACAAGGGCTACATGGAGGTGGAAACTCCTATTCTTCATAGCTTGAAGGGTGGGGCGAGTGCAAAACCTTTTATTACTCACTACAACGTGCTTAACACTGATGTGTATCTGCGCATTGCCACAGAGCTGCACTTGAAGCGTCTTATCGTTGGGGGGTTTGAAGGAGTATATGAAATCGGGCGTATTTTCCGTAACGAAGGTATGTCCACGCGTCATAATCCCGAGTTCACCAGTATTGAACTTTACGTCGCGTATGAGGACATGTTTTTTCTTATGGATTTGACGGAAGAAATTTTTCGTGTCTGTAATGCAGCAGTCAACTCATCAAGCATCATCGAGTACAATAACGTCAAGATTGATTTATCCAAACCATTTAAGCGTCTGCATATGGTCGACGGCATCAAACAGGTAACCGGTGTTGACTTTTGGCAGGAAATGACAGTCCAACAGGCTTTAGAACTTGCCAAGAAACATAAAGTACACGTGGAGAAACATCAGGAGTCGGTGGGGCATATTATTAACTTGTTCTATGAAGAATTTGTAGAATCAACCATCGTGGAGCCGACCTTCGTATACGGGCACCCAAAGGAGATCAGCCCGTTGGCAAAGTCCAACCCTAGCGATCCGCGTTTCACCGACCGCTTCGAGTTGTTCATCCTGGGACGCGAATATGCTAATGCCTTCAGTGAATTAAACGATCCGATCGATCAATACGAACGCTTTAAGGCTCAAATTGAGGAGGAGAGTAAGGGGAATGATGAGGCCAACGATATGGACATCGACTTTATTGAGGCCCTGGAACACGCAATGCCGCCGACTGCCGGCATTGGTATCGGGATTGACCGTCTGGTCATGTTGCTGACCAATTCGGAGTCGATCAAGGATGTACTGCTGTTTCCGCAGATGAAACCGCGTGAGTGA
44,BBF10K_000032,MMSYN1_0065,ATGGCGGACATTATCAAGATTACATCGAAGGAACAATTCGATAAGGAGATAAAGGAAGGCAAAGTCTTAGTTGACTTCAATGCTACCTGGTGCGGGCCTTGCAAGATGCTTGCGCCCATTTTGCATGACTTTGCCAAGAAAGTTGGCGGGGTGAAGTTCCTTGACGTGGATGTAGATTTGAACCGTCAGGTGGCTGAAGAATTCCGCATCATGTCAATACCTACATTGATAACCTTCGAAAACGGTAACCAGGTTAATAAACACATTGGATTCGCTACACCCGACCAATTAAAAAAGCTGATTGATTGA
45,BBF10K_000034,MMSYN1_0076,ATGGAGATCCGTCAGATTTTCGAGCAACATTCAGAGTTATTGGACAAAGAGGTGGAAATCTTGGGTCGCGTCCGCAGTAACCGTCAAGGTAAGTTTGTTTCTTTTATGATCCTGAATGATGGGACAACCTTCACCGATCTTCAAGTTGTATATAAAACAAAGACTAAAGGTTACGAGCAGGCACTTCAAGCGCGCGTATCAAGCATTGTCAAGGTCATCGGGAGAGTCGTTCTTACACCTGAAAAGCAACAGAAATTCGAATTACAAGCCGATGAGATCGAGTTGATTGATCAGGCCATTGAGGATTACCCTTTGCAGAAGAAAGAGCACACCACAGAGTATTTACGTGAGATAGCGCATCTTCGTGCCAAGACTAAAACATTCAACGCGATTTTCAAAATTCGGAGTGCCGCCGCCTACGCAATCCATCGGTTTTTCAATGAACGCAACTTCGTCTACATTCACTCACCCATAATAACATCTAACGATGCCGAGGGCGCAGGCGAGGCTTTCCTGGTGACCACACGTGAGGACGCGGACTATGAAAAGGATTTCTTCGGGAAAAAGGCCAGTCTTACTGTATCAGGTCAGTTGCACGCAGAGGCTTTTGCCCAGGCGTTTAAGAAGGTCTACACCTTTGGGCCGACGTTTAGAGCGGAAAATTCGAACACAGCAAAACATGCCGCGGAATTCTGGATGATCGAACCTGAGGTTGCATTTGCCGATTTAAAAGACAATATCCAACTTATCCAAGACATGGTAAAGTACATTATTAATTATATTTTCAAACACAACAGACGCGAGCTTGAGTTTTGTAACGAACACCTGGAAAACGGACTTATCGACAAGCTGAATAATGTGAGAAACTCCGAATTCAAGATTACGACTTATACGCAGGCTATTGAGATTTTGAAACAGGCGGTTAAAGACGGTCATAAATTCGAAGTCTCGGACATTGAGTTTGGCTTGGACTTAGGCACTGAGCATGAGAGATACATCTGCGAGCAAGTCAACAAGGCACCAACATTTGTTACTAACTATCCGAAGGAAATAAAAGCTTTTTACATGAAACAGAACGACGACAACAAGACTGTAGCGGCTGTCGATTTGCTGGTTCCGGGGATTGGGGAGTTGGTTGGCGGTAGTCAGCGTGAGGACAACTATGAAAAGCTTATTAAAAGATGCAAGGAGGTAAATATTGATATAGATCAACTGGAGTGGTACAATAACTTGCGTCTGTATGGATATTACAAAAGTGCCGGATTCGGCCTGGGTTTCGAGCGTTTAGTCATGTATATAACCGGCGCCTCAAATATTCGTGATGTAATTCCTTTTCCTAGAACCCCGAAAAATTTACTGTTTTGA
46,BBF10K_000036,MMSYN1_0079,ATGAAAATCCTGGCTATTGAAAGCAGCTGTGACGAGTTCTCTATCTCCATCATTGACAATAATAAGATCCTGACCAATGTGATTTCAAGTCAGATTAAGGATCACCAGGTATTCGGGGGCGTTGTTCCAGAGCTTGCCGCGCGTCTGCATGTTCAGAATTTCAATTGGGTATTGAAGGCTGCCCTGACTGAAGCCAACCTTTCAATTAAAGACATCGACTACGTCGCCTATACAAAAAGTCCAGGTTTAATTGGTTCGTTAATTGTCGGAAAGTTAGTAGCTGAAACCATCAGCTTATACATCAATAAGCCAATTTTGGCATTAGACCATATCCAAGGTCATATTTTCGGGGCCTCGATTGAGAATGAGTTTATCTACCCAGTCCTTGCCATGGTTGTCTCTGGGGGGCACACTCAAATCGAGATTATTAACAGCGCAAACGACTTCCAAATTATTGGGAGCACTCGCGACGATGCAATCGGGGAGTGTTACGACAAAGTTGCACGCGTTCTTGGCTTAAGTTACCCCGGTGGACCTATTTTGGATAAACTTGCGCTGAAGGGAAATAAGGACTCTTATCTGCTTCCAGTCTTGAAAGACGAAGATAACTATGACTTTTCCTATTCAGGGCTTAAAACAGCCTGCATCAATTTGATTCACAATTTGAATCAAAAGAACCAGGAAATCAACCTGGAGGATTTCGCTGCGTCCTTCCAATACACGGCCACCAATATTGTCGAGAAGAAGCTTGAGAAGGCGATCAAGGAGTTCAAGCCAAAGACATTGACGGTGGCAGGCGGGGTGTCAGCGAATTCCGAGATTCGCAAAATCATCTTGCGTTTAGGTGAAAAGTATTCAATTAAGAATACGTTTGTTCCTAAAATGAGTTACTGTACCGACAATGCTGCTATGATTGCAAAACTTGCCTATGAAAAAATCCTTTTAAACAACAAGTGA
47,BBF10K_000037,MMSYN1_0081,ATGTTGATTAACGACACTGTTGTAGCTCCCGCGACCAACATTAGTACACAAGCTATTGCGCTTATCCGCGTTAGTGGTTCCGAGGCTTTTCTTATCGTTAACAAGTTGATCAAGGATAAAAAGTTAGAGGAGAAGCGTGGGTTATTCTTGCGCAAACTGTATTTCGAAAATGAGTTGATTGACGAAGTGGTACTGTCATGTTTCGTAGCGCCGAATAGTTTCACTGGAGAGAACGTCGTAGAGATCGCGTGCCATGGAGGAATCTTGAATACAAATAAAATCATCAACATTCTGATCCAGTCCGGGGCACGTATGGCGTTGCGCGGGGAATTTTCGCAGCGTTCTTTTCTGAATGGGAAAATCGACTTAATTCAGGCCGAGGGAATCAACAACCTTATCCATGCTAAGAATGATCTGGCTCTGAAAATTGGCGTTGCAAATATGTCGGGAAGCAATAACAAAGCCATCATCGAGTTGAAAGATAACTTGTTAGACATTATTAGCCGTATCCAGGTAAGTATCGATTACCCCGATTACGACGACGTAGAAGGTTCATCTATCGAGGACCTGACCAACTTGCTTGAGGTAATTAATGATCAGATTAACAAATTACTGATGCGTTCGAAGATGGCGTTTAAGAACTCGGAAGGGATTAAGACCGCAATCATTGGGCAAACCAACGTCGGTAAATCAAGCATCTTGAACGCCCTTATCAACGAGGACAAAGCAATTGTGACAGACATTCCAGGTACCACCCGTGATATCGTTGAAGGCCAAATTAATCTGGAGAACGTGTCCTTGAACTTGATTGACACAGCGGGAATTCGCAAAACTTCCGACGTTGTAGAAAATCTGGGTATTCTTAAAAGCAAGAATTTAATTAATGAGGCCGATTTAGTGTTATTCGTAGTCAATAAAGAAAACATCAACGATTCTGATAATCAAGAGATTTTTGAATTGTTGAAGGACAAAACCTACATTCTGATTGTCAATAAGGCGGAGAAGCTTAGCCAAACCGAGAAACAGAACCTTGAGAAAAAATACGAAAATATCGTTTTTACTTCAGCCATCAACCATGACATCGACCAACTGGTCTTACGTATTAACCAAATGTTTCTGAACGAAGAAATCAGCAAGAACGACGAGTTGATTCTGATTGGGTTAAACCAGATTACATTAGTGGAGCAGATTAAAAACAAGTTATCCACTGCACTTTCGGTTATCAAATCGGGAATGCCCATTGATATTGTTAACGTAGATTTGTATGATGCTTGGAATCTGCTTAACGAACTTATCGGCGTAGAGTACGAAGATGAAATCATCGATAACATTTTTCGTAAGTACTGTCTTGGGAAGTGA
48,BBF10K_000038,MMSYN1_0094,ATGCAGAAACGGACCATTAAATCTGATACAATTTTCTATTCAGTCATCCTTTTCCTGAATCTTCTGACGAATTTTATATACTGGATCACCCATGCCTTCAACGTCGTTTACGTGGACGAGCCTACGAATCTGGATATAGTCTTAGCCCTTGACTCTGCGTCGATTGCGATCTGGGGATTATGGATTTCCACGTTTTACGCTGGCATATGTCTTTATCATTCATTCATAAAGAAGCAGCTGTATCAGGCTTACCTTTTGCAACTGTTCATAATCTCCATGTTAATTTCTACCGGCCTGATTTTTATTGGCATTTCGATTATTAATAAGACAGCGAACATCAATAATTGGTCAGCTCTGCTGCGCGTCGTAAACGTTCACTTCTTGCTGCCCACTAGTATGCTGCTGTACCTGATATTCTTCAGAACAAATATGATTATCTCTAAAAAATCTAAGCTGGTTGGGATGTGGCGCATCTTGGCTGTCGGCCTGTCTTACATTTCTTGGATCACATACCGGACCGTCCCTAACGTCCAAGTCAACTTGATTAACAAGCCCTTTTTATACACCTCCTTACAACCCTCGAACATTGGCTGGGCAATTTTTATGAGCTTGTCTTTTAGCAGTTTCATTTTGTACTTCTTAACCTACTTGATTATTGTCCTTATCAATAACAAGATCAACGATAAGTATGGAGGATGTGATGCCAAAACCATTTGA
49,BBF10K_100000,ccdB,ATGCAGTTTAAGGTTTACACCTATAAAAGAGAGAGCCGTTATCGTCTGTTTGTGGATGTACAGAGTGATATTATTGACACGCCCGGGCGACGGATGGTGATCCCCCTGGCCAGTGCACGTCTGCTGTCAGATAAAGTCTCCCGTGAACTTTACCCGGTGGTGCATATCGGGGATGAAAGCTGGCGCATGATGACCACCGATATGGCCAGTGTGCCGGTCTCCGTTATCGGGGAAGAAGTGGCTGATCTCAGCCACCGCGAAAATGACATCAAAAACGCCATTAACCTGATGTTCTGGGGAATATAA
