,Sequence ID,Sequence Description,Insert Sequence,Output Format,Vessel Type
0,CCNB3_1,,gaagacataATGCTACTGCCACTACCACCCCAGAGCTCCAAACCTGTGCCTAAGAAATCTCAGTCCAGCAAAATTGTGCCCAGTCATCATGACCCATCTGAAAAGACGGGGGAGAATTGCCAAACGAAGATATCTCCATCTTCACTTCAGGAGTCTCCATCTTCACTTCAGGGAGCACTCAAAAAGAGATCAGCTTTTGAAGATCTCACTAATGCTTCTCAATGTCAACCTGTCCAGCCCAAGAAAGAAGCCAATAAAGAGTTTGTAAAAGTTGTTTCCAAGAAGATAAACAGGAACACACATGCTCTTGGACTGGCCAAAAAGAATAAGCGGAATCTAAAATGGCATAAGCTGGAAGTCACACCAGTAGTAGCCTCTACTACCGTGGTACCAAACATTATGGAGAAACCACTCATTCTAGACATATCCACCACCTCCAAAACACCCAACACTGAGGAGGCATCTCTCTTCAGAAAGCCATTAGTTTTAAAGGAGGAACCCACTATTGAGGATGAAACCCTTATCAATAAGTCATTATCTTTAAAAAAGTGCTCAAATCATGAGGAGGTGTCCTTACTGGAAAAGCTACAGCCCCTGCAGGAGGAGAGTGACAGTGATGATGCGTTTGTTATAGAGCCAATGACTTTTAAAAAGACACATAAAACTGAGGAGGCAGCCATCACCAAAAAGACATTATCCTTAAAGAAGAAGATGTGTGCAAGTCAGCGGAAGCAGTCCTGCCAGGAAGAGTCGTTGGCTGTGCAGGATGTCAATATGGAAGAGGATTCCTTCTTTATGGAGTCAATGAGTTTTAAGAAGAAGCCTAAAACTGAGGAGTCAATCCCCACCCATAAGTTATCATCTTTAAAGAAGAAATGTACCATTTATGGGAAGATATGCCACTTTAGGAAGCCACCAGTATTGCAGACAACCATCTGTGGAGCAATGTCCTCCATTAAGAAGCCTACCACTGAGAAGGAGACACTTTTCCAAGAGCTATCTGTATTGCAAGAGAAACACACCACTGAGCATGAGATGTCCATCTTGAAGAAATCATTGGCCTTGCAAAAGACCAACTTTAAAGAGGATTCCCTTGTTAAGGAGTCGTTAGCCTTTAAGAAGAAGCCTAGCACTGAGGAGGCAATCATGATGCCAGTAATATTGAAGGAGCAGTGCATGACTGAGGGGAAGAGGTCCCGTCTGAAGCCATTAGTATTGCAGGAGATCACCTCTGGAGAGAAGTCGCTCATTATGAAGCCATTGTCCATTAAAGAAAAGCCATCTACTGAGAAGGAGTCCTTTTCCCAGGAACCATCTGCATTGCAAAAGAAGCACACCACTCAGGAGGAGGTTTCCATCTTAAAGGAGCCCTCGTCCTTGCTAAAGTCTCCAACTGAGGAGTCACCtcgtcttc,linear,96 well
1,CCNB3_2,,gaagacatCACCTTTTGATGAGGCTTTGGCTTTTACAAAGAAGTGTACCATTGAGGAGGCACCCCCCACCAAGAAGCCTTTAATTTTAAAGAGGAAGCATGCCACTCAGGGGACAATGTCCCACTTGAAGAAACCACTAATATTACAGACCACCTCTGGAGAAAAGTCACTTATTAAGGAGCCACTGCCCTTTAAAGAAGAAAAAGTGTCTTTAAAGAAAAAGTGTACCACACAAGAGATGATGTCCATCTGTCCAGAACTGTTGGACTTTCAGGATATGATTGGTGAAGATAAGAATTCTTTCTTTATGGAGCCAATGTCATTTAGGAAGAACCCTACAACTGAGGAGACAGTACTTACCAAGACATCGTTGTCTTTACAGGAAAAGAAAATTACTCAGGGGAAGATGTCCCACTTAAAGAAGCCACTGGTCTTGCAGAAGATCACTTCTGAGGAGGAGTCATTCTATAAGAAGCTGTTGCCCTTTAAGATGAAATCTACAACGGAAGAAAAGTTCCTCTCCCAGGAACCATCTGCATTGAAAGAGAAGCATACCACCTTGCAGGAAGTGTCCCTCTCAAAAGAGTCATTGGCCATCCAAGAGAAGGCTACCACTGAGGAGGAATTCTCTCAGGAACTATTTTCATTGCATGTTAAGCATACCAACAAAAGTGGGTCCCTCTTCCAGGAGGCTTTGGTCTTGCAAGAAAAGACTGATGCCGAAGAGGATTCCTTGAAGAACTTGTTGGCTTTGCAGGAGAAAAGCACCATGGAAGAAGAGTCCCTTATCAATAAGCTATTGGCTCTGAAGGAGGAGCTTTCTGCTGAGGCAGCCACAAACATACAGACACAATTATCTTTAAAGAAGAAGTCCACTTCTCATGGAAAAGTGTTCTTCCTGAAGAAGCAGTTGGCTTTGAATGAAACCATCAATGAAGAGGAGTTCCTTAATAAGCAGCCACTGGCCTTGGAGGGGTATCCCAGCATTGCGGAGGGGGAAACCCTCTTCAAGAAGCTTTTGGCCATGCAGGAGGAGCCCAGCATTGAGAAGGAAGCTGTCCTCAAGGAGCCCACTATTGACACAGAAGCTCACTTTAAGGAACCTTTGGCCTTGCAGGAGGAGCCCAGCACTGAGAAGGAGGCTGTCCTCAAGGAGCCCAGTGTTGACACAGAAGCTCACTTTAAGGAAACTTTGGCCTTGCAGGAGAAGCCCAGCATTGAGCAGGAGGCCCTCTTTAAGCGACACTCAGCTTTGTGGGAGAAGCCCAGCACTGAGAAGGAAACCATCTTCAAGGAGTCTTTGGACTTGCAAGAGAAGCCCAGCATTAAGAAAGAAACCCTCCTCAAAAAGCCATTAGCCTTGAAGATGTCTACCATCAATGAGGCAGTCCTCTTCGAAGATATGATAtcgtcttc,linear,96 well
2,CCNB3_3,,gaagacatGATAGCTCTGAATGAGAAACCCACCACTGGGAAGGAGTTGTCCTTCAAGGAGCCATTAGCCTTACAAGAGAGTCCCACCTACAAGGAGGACACCTTTCTCAAAACATTGTTGGTCCCCCAAGTTGGAACCAGCCCAAATGTGTCTAGCACTGCCCCTGAATCCATAACCAGCAAGTCCAGCATTGCTACCATGACCAGTGTGGGCAAATCTGGTACCATCAATGAGGCATTCCTCTTCGAAGATATGATAACTCTGAATGAGAAACCCACCACTGGGAAGGAGTTGTCCTTCAAGGAGCCATTGGCCTTACAAGAGAGTCCCACTTGCAAGGAGGACACCTTTCTGGAAACATTCTTGATCCCCCAAATTGGAACCAGCCCATATGTGTTTAGCACCACCCCTGAATCCATAACAGAGAAGTCCAGCATTGCAACCATGACCAGCGTGGGCAAGTCCAGGACCACCACCGAGTCCAGTGCATGTGAATCTGCTTCTGATAAACCTGTCTCACCACAGGCCAAGGGAACACCAAAGGAGATAACCCCACGGGAAGATATTGATGAGGACAGCAGTGATCCAAGTTTCAACCCAATGTATGCCAAGGAAATCTTCAGTTACATGAAAGAGAGAGAGGAACAGTTTATACTTACAGATTACATGAACAGGCAGATTGAAATCACCAGTGACATGAGGGCCATTCTTGTGGACTGGTTGGTGGAGGTCCAGGTGTCCTTTGAGATGACCCATGAAACCCTGTACTTGGCAGTGAAGCTGGTGGATCTCTACCTAATGAAGGCAGTATGCAAGAAGGATAAGTTACAACTCCTTGGTGCCACTGCCTTTATGATTGCAGCAAAATTTGAGGAGCACAACTCACCTCGTGTGGATGACTTTGTGTACATCTGTGATGATAATTATCAGCGATCTGAGGTACTCAGCATGGAAATCAACATCCTGAACGTCCTCAAATGTGACATTAACATTCCGATCGCCTACCATTTTCTGCGCAGATATGCTAGGTGTATCCACACCAACATGAAAACACTGACCTTGTCCCGCTACATCTGCGAGATGACCCTGCAGGAATACCACTATGTCCAGGAGAAGGCTTCCAAGCTAGCTGCTGCCTCCTTACTCCTGGCCCTCTACATGAAGAAGCTCGGATACTGGGTTCCCTTCCTGGAGCATTACAGTGGCTACAGTATCTCTGAGCTTCACCCCTTGGTCAGACAGCTGAACAAACTGCTGACTTTCAGTTCTTACGATAGTCTCAAGGCTGTGTATTACAAGTATTCTCACCCGGTTTTCTTTGAAGTCGCCAAAATCCCTGCCTTGGATATGTTGAAGCTGGAGGAGATTTTGAACTGTGATTGTGAGGCTCAGGGCCTGGTACTCTGAatcgtcttc,linear,96 well
3,CCNG2_1,,gaagacataATGAAGGATTTGGGGGCAGAGCACTTGGCTGGTCATGAAGGGGTCCAACTTCTCGGGTTGTTGAACGTCTACCTGGAACAAGAAGAGAGATTCCAACCTCGAGAAAAAGGGCTGAGTTTGATTGAGGCTACCCCGGAGAATGATAACACTTTGTGTCCAGGATTGAGAAATGCCAAAGTTGAAGATTTAAGGAGTTTAGCCAACTTTTTTGGATCTTGCACTGAAACTTTTGTCCTGGCTGTCAATATTTTGGACAGGTTCTTGGCTCTTATGAAGGTGAAACCTAAACATTTGTCTTGCATTGGAGTCTGTTCTTTTTTGCTGGCTGCTAGAATAGTTGAAGAGGACTGCAATATTCCATCCACTCATGATGTGATCCGGATTAGTCAGTGTAAATGTACTGCTTCTGACATAAAACGGATGGAAAAAATAATTTCAGAAAAATTGCACTATGAATTGGAAGCTACTACTGCCTTAAACTTTTTGCACTTATACCATACTATTATACTTTGTCATACTTCAGAAAGGAAAGAAATACTGAGCCTTGATAAACTAGAAGCTCAGCTGAAAGCTTGCAACTGCCGACTCATCTTTTCAAAAGCAAAACCATCTGTATTAGCCTTGTGCCTTCTCAATTTGGAAGTGGAAACTTTGAAATCTGTTGAATTACTGGAAATTCTCTTGCTAGTTAAAAAACATTCCAAGATTAATGACACTGAGTTCTTCTACTGGAGAGAGTTGGTTTCTAAATGCCTAGCCGAGTATTCTTCTCCTGAATGTTGCAAACCAGATCTTAAGAAGTTGGTTTGGATCGTTTCAAGGCGCACAGCCCAGAACCTCCACAACAGCTACTATAGTGTTCCTGAGCTGCCAACGATACCTGAGGGGGGTTGTTTTGATGAAAGTGAAAGTGAGGACTCTTGTGAAGATATGAGTTGTGGAGAGGAGAGTCTCAGCAGCTCTCCTCCCAGTGATCAAGAGTGCACCTTCTTTTTCAACTTCAAAGTGGCACAAACACTGTGCTTTCCATCTTGAatcgtcttc,linear,96 well
4,IGFBP3_1,,gaagacataATGCAGCGGGCGCGACCCACGCTCTGGGCCGCTGCGCTGACTCTGCTGGTGCTGCTCCGCGGGCCGCCGGTGGCGCGGGCTGGCGCGAGCTCGGCGGGCTTGGGTCCCGTGGTGCGCTGCGAGCCGTGCGACGCGCGTGCACTGGCCCAGTGCGCGCCTCCGCCCGCCGTGTGCGCGGAGCTGGTGCGCGAGCCGGGCTGCGGCTGCTGCCTGACGTGCGCACTGAGCGAGGGCCAGCCGTGCGGCATCTACACCGAGCGCTGTGGCTCCGGCCTTCGCTGCCAGCCGTCGCCCGACGAGGCGCGACCGCTGCAGGCGCTGCTGGACGGCCGCGGGCTCTGCGTCAACGCTAGTGCCGTCAGCCGCCTGCGCGCCTATCTGCTGCCAGCGCCGCCAGCTCCAGGTGAGCCGCCCGCGCCAGGAAATGCTAGTGAGTCGGAGGAGGACCGCAGCGCCGGCAGTGTGGAGAGCCCGAGTGTCTCCAGCACGCACCGGGTGTCTGATCCCAAGTTCCACCCCCTCCATTCAAAGATAATCATCATCAAGAAAGGGCATGCTAAAGACAGCCAGCGCTACAAAGTTGACTACGAGTCTCAGAGCACAGATACCCAGAACTTCTCCTCCGAGTCCAAGCGGGAGACAGAATATGGTCCCTGCCGTAGAGAAATGGAGGACACACTGAATCACCTGAAGTTCCTCAATGTGCTGAGTCCCAGGGGTGTACACATTCCCAACTGTGACAAGAAGGGATTTTATAAGAAAAAGCAGTGTCGCCCTTCCAAAGGCAGGAAGCGGGGCTTCTGCTGGTGTGTGGATAAGTATGGGCAGCCTCTCCCAGGCTACACCACCAAGGGGAAGGAGGACGTGCACTGCTACAGCATGCAGAGCAAGTGAatcgtcttc,linear,96 well
5,DDB2_1,,gaagacataATGGCTCCCAAGAAACGCCCAGAAACCCAAAAGACCTCCGAGATTGTATTACGCCCCAGGAACAAGAGGAGCAGGAGTCCCCTGGAGCTGGAGCCCGAGGCCAAGAAGCTCTGTGCGAAGGGCTCCGGTCCTAGCAGAAGATGTGACTCAGACTGCCTCTGGGTGGGGCTGGCTGGCCCACAGATCCTGCCACCATGCCGCAGCATCGTCAGGACCCTCCACCAGCATAAGCTGGGCAGAGCTTCCTGGCCATCTGTCCAGCAGGGGCTCCAGCAGTCCTTTTTGCACACTCTGGATTCTTACCGGATATTACAAAAGGCTGCCCCCTTTGACAGGAGGGCTACATCCTTGGCGTGGCACCCAACTCACCCCAGCACCGTGGCTGTGGGTTCCAAAGGGGGAGATATCATGCTCTGGAATTTTGGCATCAAGGACAAACCCACCTTCATCAAAGGGATTGGAGCTGGAGGGAGCATCACTGGGCTGAAGTTTAACCCTCTCAATACCAACCAGTTTTACGCCTCCTCAATGGAGGGAACAACTAGGCTGCAAGACTTTAAAGGCAACATTCTACGAGTTTTTGCCAGCTCAGACACCATCAACATCTGGTTTTGTAGCCTGGATGTGTCTGCTAGTAGCCGAATGGTGGTCACAGGAGACAACGTGGGGAACGTGATCCTGCTGAACATGGACGGCAAAGAGCTTTGGAATCTCAGAATGCACAAAAAGAAAGTGACGCATGTGGCCCTGAACCCATGCTGTGATTGGTTCCTGGCCACAGCCTCCGTAGATCAAACAGTGAAAATTTGGGATCTGCGCCAGGTTAGAGGGAAAGCCAGCTTCCTCTACTCGCTGCCGCACAGGCATCCTGTCAACGCAGCTTGTTTCAGTCCCGATGGAGCCCGGCTCCTGACCACGGACCAAAAGAGCGAGATCCGAGTTTACTCTGCTTCCCAGTGGGACTGCCCCCTGGGCCTGATCCCGCACCCTCACCGTCACTTCCAGCACCTCACACCCATCAAGGCAGCCTGGCATCCTCGCTACAACCTCATTGTTGTGGGCCGATACCCAGATCCTAATTTCAAAAGTTGTACCCCTTATGAATTGAGGACGATCGACGTGTTCGATGGAAACTCAGGGAAGATGATGTGTCAGCTCTATGACCCAGAATCTTCTGGCATCAGTTCGCTTAATGAATTCAATCCCATGGGGGACACGCTGGCCTCTGCAATGGGTTACCACATTCTCATCTGGAGCCAGGAGGAAGCCAGGACACGGAAGTGAatcgtcttc,linear,96 well
6,ADGRB1_1,,gaagacataATGAGGGGCCAGGCCGCCGCCCCGGGCCCCGTCTGGATCCTCGCCCCGCTGCTACTGCTGCTGCTGCTGCTGGGACGCCGCGCGCGGGCGGCCGCCGGAGCAGACGCGGGGCCCGGGCCCGAGCCGTGCGCCACGCTGGTGCAGGGAAAGTTCTTCGGCTACTTCTCCGCGGCCGCCGTGTTCCCGGCCAACGCCTCGCGCTGCTCCTGGACGCTACGCAACCCGGACCCGCGGCGCTACACTCTCTACATGAAGGTGGCCAAGGCGCCCGTGCCCTGCAGCGGCCCCGGCCGCGTGCGCACCTACCAGTTCGACTCCTTCCTCGAGTCCACGCGCACCTACCTGGGCGTGGAGAGCTTCGACGAGGTGCTGCGGCTCTGCGACCCCTCCGCACCCCTGGCCTTCCTGCAGGCCAGCAAGCAGTTCCTGCAGATGCGGCGCCAGCAGCCGCCCCAGCACGACGGGCTCCGGCCCCGGGCCGGGCCGCCGGGCCCCACCGACGACTTCTCCGTGGAGTACCTGGTGGTGGGGAACCGCAACCCCAGCCGTGCCGCCTGCCAGATGCTGTGCCGCTGGCTGGACGCGTGTCTGGCCGGTAGTCGCAGCTCGCACCCCTGCGGGATCATGCAGACCCCCTGCGCCTGCCTGGGCGGCGAGGCGGGCGGCCCTGCCGCGGGACCCCTGGCACCCCGCGGGGATGTCTGCTTGAGAGATGCGGTGGCTGGTGGCCCTGAAAACTGCCTCACCAGCCTGACCCAGGACCGGGGCGGGCACGGCGCCACAGGCGGCTGGAAGCTGTGGTCCCTGTGGGGCGAATGCACGCGGGACTGCGGGGGAGGCCTCCAGACGCGGACGCGCACTTGCCTGCCCGCGCCGGGCGTGGAGGGCGGCGGCTGCGAGGGGGTGCTGGAGGAGGGTCGCCAGTGCAACCGCGAGGCCTGCGGCCCCGCTGGGCGCACCAGCTCCCGGAGCCAGTCCCTGCGGTCCACAGATGCCCGGCGGCGCGAGGAGCTGGGGGACGAGCTGCAGCAGTTTGGGTTCCCAGCGCCCCAGACCGGTGACCCAGCAGCCGAGGAGTGGTCCCCGTGGAGCGTGTGCTCCAGCACGTGCGGCGAGGGCTGGCAGACCCGCACGCGCTTCTGCGTGTCCTCCTCCTACAGCACGCAGTGCAGCGGACCCCTGCGCGAGCAGCGGCTGTGCAACAACTCTGCCGTGTGCCCAGTGCATGGTGCCTGGGATGAGTGGTCGCCCTGGAGCCTCTGCTCCAGCACCTGTGGCCGTGGCTTTCGGGATCGCACGCGCACTTGCAGGCCACCCCAGTTTGGGGGCAACCCCTGTGAGGGCCCTGAGAAGCAAACCAAGTTCTGCAACATTGCCCTGTGCCCTGGCCGGGCAGTGGATGGAAACTGGAATGAGTGGTCGAGCTGGAGCGCCTGCTCCGCCAGCTGCTCCCAGGGCCGACAGCAGCGCACGCGTGAATGCAACGGGCCTTCCTACGGGGGTGCGGAGTGCCAGGGCCACTGGGTGGAAACCCGAGACTGCTTCCTGCAGCAGTGCCCAGTGGATGGCAAGTGGCAGGCCTGGGCtcgtcttc,linear,96 well
7,ADGRB1_2,,gaagacatGGGCGTCATGGGGCAGTTGCAGCGTCACGTGTGGGGCTGGCAGCCAGCGACGGGAGCGTGTCTGCTCTGGGCCCTTCTTCGGGGGAGCAGCCTGCCAGGGCCCCCAGGATGAGTACCGGCAGTGCGGCACCCAGCGGTGTCCCGAGCCCCATGAGATCTGTGATGAGGACAACTTTGGTGCTGTGATCTGGAAGGAAACCCCAGCGGGAGAGGTGGCTGCTGTCCGGTGTCCCCGCAACGCCACAGGACTCATCCTGCGACGGTGTGAGCTGGACGAGGAAGGAATCGCCTACTGGGAGCCGCCCACCTACATCCGCTGTGTTTCCATTGACTACAGAAACATCCAGATGATGACCCGGGAGCACCTGGCCAAGGCTCAGCGAGGGCTGCCTGGGGAGGGTGTCTCGGAGGTCATCCAGACACTGGTGGAGATCTCTCAGGACGGGACCAGCTACAGTGGGGATCTGCTGTCCACCATCGATGTCCTGAGGAACATGACAGAGATTTTCCGGAGAGCGTACTACAGCCCCACCCCTGGGGACGTACAGAACTTTGTCCAGATCCTTAGCAACCTGTTGGCAGAGGAGAATCGGGACAAGTGGGAGGAGGCCCAGCTGGCGGGCCCCAACGCCAAGGAGCTGTTCCGGCTGGTGGAGGACTTTGTGGACGTCATCGGCTTCCGCATGAAGGACCTGAGGGATGCATACCAGGTGACAGACAACCTGGTTCTCAGCATCCATAAGCTCCCAGCCAGCGGAGCCACTGACATCAGCTTCCCCATGAAGGGCTGGCGGGCCACGGGTGACTGGGCCAAGGTGCCAGAGGACAGGGTCACTGTGTCCAAGAGTGTGTTCTCCACGGGGCTGACAGAGGCCGATGAAGCATCCGTGTTTGTGGTGGGCACCGTGCTCTACAGGAACCTGGGCAGCTTCCTGGCCCTGCAGAGGAACACGACCGTCCTGAATTCTAAGGTGATCTCCGTGACTGTGAAACCCCCGCCTCGCTCCCTGCGCACACCCTTGGAGATCGAGTTTGCCCACATGTATAATGGCACCACCAACCAGACCTGTATCCTGTGGGATGAAACGGATGTACCCTCCTCCTCCGCACCCCCGCAGCTCGGGCCCTGGTCGTGGCGCGGCTGCCGCACGGTGCCCCTCGACGCCCTCCGGACGCGCTGCCTCTGTGACCGGCTCTCCACCTTCGCCATCTTAGCCCAGCTCAGCGCCGACGCGAACATGGAGAAGGCGACTCTGCCGTCGGTGACGCTCATCGTGGGCTGTGGCGTGTCCTCTCTCACCCTGCTCATGCTGGTCATCATCTACGTGTCCGTGTGGAGGTACATTCGCTCAGAGCGTTCTGTCATCCTCATCAACTTCTGCCTGTCCATCATCTCCTCCAATGCCCTCATCCTCATCGGGCAGACCCAGACCCGCAACAAGGTGGTGTGCACGCTGGTGGCCGCCTTCCTGCACTTCTTCTTCCTGTCCTCCTTCTGCTGGGTGCTCACCGAGGCCTGGCAGTCCTACATGGCGGTGACGGGCCACCTCCGGAACCGCCTCATCCGCAAGCGCTTCCTCTGCCTGGGCtcgtcttc,linear,96 well
8,ADGRB1_3,,gaagacatGGGCTGGGGGCTCCCTGCACTGGTTGTGGCCATTTCTGTGGGATTCACCAAGGCCAAAGGGTACAGCACCATGAACTACTGCTGGCTCTCCCTGGAGGGGGGACTGCTCTATGCCTTCGTGGGTCCTGCCGCTGCCGTTGTGCTGGTGAACATGGTCATTGGGATCCTGGTGTTCAACAAGCTCGTGTCCAAAGACGGCATCACGGACAAGAAGCTGAAGGAGCGGGCAGGGGCCTCCCTGTGGAGCTCCTGCGTGGTGCTGCCGCTGCTGGCGCTGACCTGGATGTCGGCTGTGCTCGCCGTCACCGACCGCCGCTCCGCCCTCTTCCAGATCCTCTTCGCTGTGTTCGACTCGCTGGAGGGCTTCGTCATCGTCATGGTGCACTGTATCCTCCGTAGAGAGGTCCAGGACGCTGTGAAATGCCGTGTGGTTGACCGGCAGGAGGAGGGCAACGGGGACTCAGGGGGCTCCTTCCAGAACGGCCACGCCCAGCTCATGACCGACTTCGAGAAGGACGTGGATCTGGCCTGTAGATCAGTGCTGAACAAGGATATCGCGGCCTGCCGCACTGCCACCATCACGGGCACACTGAAGCGGCCCTCTCTGCCCGAGGAGGAGAAGCTGAAGCTGGCCCATGCCAAGGGGCCGCCCACCAATTTCAACAGCCTGCCGGCCAACGTGTCCAAGCTGCATCTGCACGGCTCACCCCGCTATCCCGGCGGGCCCCTGCCCGACTTCCCCAACCACTCACTGACCCTCAAGAGGGACAAGGCGCCCAAGTCCTCCTTCGTCGGTGACGGGGACATCTTCAAGAAGCTGGACTCGGAGCTGAGCCGGGCCCAGGAGAAGGCTCTGGACACGAGCTACGTGATCCTGCCCACGGCCACGGCCACGCTGCGGCCCAAGCCCAAGGAGGAGCCCAAGTACAGCATCCACATTGACCAGATGCCGCAGACCCGCCTCATCCACCTCAGCACGGCCCCCGAGGCCAGCCTCCCCGCCCGCAGCCCGCCCTCCCGCCAGCCCCCCAGCGGCGGGCCCCCCGAGGCACCCCCTGCCCAGCCCCCACCGCCTCCGCCCCCACCGCCACCACCTCCCCAGCAGCCCCTGCCCCCACCGCCCAATCTGGAGCCGGCACCCCCCAGCCTGGGGGATCCCGGGGAGCCTGCCGCCCATCCGGGACCCAGCACGGGGCCCAGCACCAAGAACGAGAATGTCGCCACCTTGTCTGTGAGCTCCCTGGAGCGGCGGAAGTCGCGGTATGCAGAACTGGACTTTGAGAAGATCATGCACACCCGGAAGCGGCACCAAGACATGTTCCAGGACCTGAACCGGAAGCTGCAGCACGCAGCGGAGAAGGACAAGGAGGTGCTGGGGCCGGACAGCAAGCCGGAAAAGCAGCAGACGCCCAACAAGAGGCCCTGGGAGAGCCTCCGGAAAGCCCACGGGACGCCCACGTGGGTGAAGAAGGAGCTGGAGCCGCTGCAGCCGTCGCCGCTGGAGCTTCGCAGCGTGGAGTGGGAGAGGTCGGGCGCCACGATCCCGCTGGTGGGCCAGGACATCATCGACCTCCAGACCGAGGTCTGAatcgtcttc,linear,96 well
9,RPRM_1,,gaagacataATGAATCCGGCCCTAGGCAACCAGACGGACGTGGCGGGCCTGTTCCTGGCCAACAGCAGCGAGGCGCTGGAGCGAGCCGTGCGCTGCTGCACCCAGGCGTCCGTGGTGACCGACGACGGCTTCGCGGAGGGAGGCCCGGACGAGCGTAGCCTGTACATAATGCGCGTGGTGCAGATCGCGGTCATGTGCGTGCTCTCACTCACCGTGGTGTTCGGCATCTTCTTCCTCGGCTGCAATCTGCTCATCAAGTCCGAGGGCATGATCAACTTCCTCGTGAAGGACCGGAGGCCGTCTAAGGAGGTGGAGGCGGTGGTCGTGGGGCCCTACTGAatcgtcttc,linear,96 well
10,FAS_1,,gaagacataATGCTGGGCATCTGGACCCTCCTACCTCTGGTTCTTACGTCTGTTGCTAGATTATCGTCCAAAAGTGTTAATGCCCAAGTGACTGACATCAACTCCAAGGGATTGGAATTGCGTAAGACTGTTACTACAGTTGAGACTCAGAACTTGGAAGGCCTGCATCATGATGGCCAATTCTGCCATAAGCCCTGTCCTCCAGGTGAAAGGAAAGCTAGGGACTGCACAGTCAATGGGGATGAACCAGACTGCGTGCCCTGCCAAGAAGGGAAGGAGTACACAGACAAAGCCCATTTTTCTTCCAAATGCAGAAGATGTAGATTGTGTGATGAAGGACATGGCTTAGAAGTGGAAATAAACTGCACCCGGACCCAGAATACCAAGTGCAGATGTAAACCAAACTTCTTTTGTAACTCTACTGTATGTGAACACTGTGACCCTTGCACCAAATGTGAACATGGAATCATCAAGGAATGCACACTCACCAGCAACACCAAGTGCAAAGAGGAAGGATCCAGATCTAACTTGGGGTGGCTTTGCCTTCTTCTTTTGCCAATTCCACTAATTGTTTGGGTGAAGAGAAAGGAAGTACAGAAAACATGCAGAAAGCACAGAAAGGAAAACCAAGGTTCTCATGAATCTCCAACTTTAAATCCTGAAACAGTGGCAATAAATTTATCTGATGTTGACTTGAGTAAATATATCACCACTATTGCTGGAGTCATGACACTAAGTCAAGTTAAAGGCTTTGTTCGAAAGAATGGTGTCAATGAAGCCAAAATAGATGAGATCAAGAATGACAATGTCCAAGACACAGCAGAACAGAAAGTTCAACTGCTTCGTAATTGGCATCAACTTCATGGAAAGAAAGAAGCGTATGACACATTGATTAAAGATCTCAAAAAAGCCAATCTTTGTACTCTTGCAGAGAAAATTCAGACTATCATCCTCAAGGACATTACTAGTGACTCAGAAAATTCAAACTTCAGAAATGAAATCCAAAGCTTGGTCTGAatcgtcttc,linear,96 well
11,TP53AIP1_1,,gaagacataATGGGATCTTCCTCTGAGGCGAGCTTCAGATCTGCTCAAGCTTCCTGCAGTGGGGCCAGGAGGCAGGGCCTGGGCAGGGGCGACCAGAACCTCTCGGTGATGCCTCCGAATGGCAGGGCTCAGACACACACACCTGGCTGGGTTTCAGATCCCTTAGTTTTGGGTGCCCAAGTTCACGGAGGGTGCCGGGGAATAGAAGCTCTGTCAGTCTCGTCTGGATCTTGGTCCTCAGCAACTGTCTGGATCCTGACAGGCCTTGGTCTAGGGCTCTCCAGGCCTTTCCTTCCTGGAGCCACAGTGCTTAGAGACAGGCCACTGGGGTCAGCATTTGAGCTCAGCTATGATCAGAAAAAAGCACCGTTGAGGTTGCAGTGAatcgtcttc,linear,96 well
12,EI24_1,,gaagacataATGGCTGACAGTGTCAAAACCTTTCTCCAGGACCTTGCCAGAGGAATCAAAGACTCCATCTGGGGTATTTGTACCATCTCAAAGCTAGATGCTCGAATCCAGCAAAAGAGAGAGGAGCAGCGTCGAAGAAGGGCAAGTAGTGTCTTGGCACAGCGCAGAGCCCAGAGTATAGAGCGGAAGCAAGAGAGTGAGCCACGTATTGTTAGTAGAATTTTCCAGTGTTGTGCTTGGAATGGTGGAGTGTTCTGGTTCAGTCTCCTCTTGTTTTATCGAGTATTTATTCCTGTGCTTCAGTCGGTAACAGCCCGAATTATCGGTGACCCATCACTACATGGAGATGTTTGGTCGTGGCTGGAATTCTTCCTCACGTCAATTTTCAGTGCTCTTTGGGTGCTCCCCTTGTTTGTGCTTAGCAAAGTGGTGAATGCCATTTGGTTTCAGGATATAGCTGACCTGGCATTTGAGGTATCAGGGAGGAAGCCTCACCCATTCCCTAGTGTCAGCAAAATAATTGCTGACATGTTATTCAACCTTTTGCTGCAGGCTCTTTTCCTCATTCAGGGAATGTTTGTGAGTCTCTTTCCCATCCATCTTGTCGGTCAGCTGGTTAGTCTCCTGCATATGTCCCTTCTCTACTCACTGTACTGCTTTGAATATCGTTGGTTCAATAAAGGAATTGAAATGCACCAGCGGTTGTCTAACATAGAAAGGAATTGGCCTTACTACTTTGGGTTTGGTTTGCCCTTGGCTTTTCTCACAGCAATGCAGTCCTCATATATTATCAGTGGCTGCCTTTTCTCTATCCTCTTTCCTTTATTCATTATCAGCGCCAATGAAGCAAAGACCCCTGGCAAAGCATATCTCTTCCAGTTGCGCCTCTTCTCCTTGGTGGTTTTCTTAAGCAACAGACTCTTCCACAAGACAGTCTATCTGCAGTCGGCCCTGAGCAGCTCTACTTCTGCAGAGAAGTTCCCTTCACCGCATCCGTCGCCTGCCAAACTGAAGGCTACTGCGGGTCACTGAatcgtcttc,linear,96 well
13,ZMAT3_1,,gaagacataATGATCCTCTTGCAACACGCCGTGCTTCCTCCACCTAAGCAGCCCTCACCCTCGCCTCCTATGTCAGTGGCCACCAGGTCTACAGGAACCTTGCAGCTTCCACCACAGAAGCCTTTTGGGCAGGAGGCTTCCTTGCCTCTTGCAGGGGAAGAAGAGTTATCGAAGGGAGGGGAGCAAGACTGTGCCCTGGAGGAGCTATGTAAGCCCCTGTACTGCAAACTCTGCAATGTCACCTTGAACTCTGCACAGCAAGCCCAGGCTCATTATCAGGGTAAAAATCATGGTAAGAAACTCCGAAATTACTATGCAGCAAATAGCTGTCCTCCTCCTGCTAGAATGAGCAATGTGGTCGAGCCTGCAGCTACTCCAGTTGTTCCAGTCCCTCCGCAGATGGGCTCCTTTAAGCCAGGAGGCCGAGTGATCCTGGCCACGGAGAATGATTACTGTAAGCTCTGTGATGCCTCCTTCAGTTCCCCAGCTGTGGCTCAGGCTCACTATCAAGGGAAGAATCATGCCAAGAGGCTGCGGCTGGCGGAAGCTCAGAGTAACTCATTCTCGGAATCCTCAGAGCTGGGTCAACGGCGGGCCAGGAAAGAAGGGAATGAGTTTAAGATGATGCCTAACAGGAGAAATATGTATACAGTACAGAATAATTCAGCTGGTCCTTACTTCAATCCCCGCTCTCGGCAGAGAATTCCACGTGATCTGGCCATGTGTGTTACTCCAAGTGGCCAGTTTTACTGCTCAATGTGTAATGTTGGAGCTGGCGAAGAGATGGAATTCCGGCAGCATTTAGAGAGCAAGCAACATAAGAGCAAGGTGTCTGAACAGCGGTACAGGAATGAGATGGAGAATCTGGGATATGTATGAatcgtcttc,linear,96 well
14,SHISA5_1,,gaagacataATGACTGCGCCGGTCCCCGCGCCGCGGATCCTGTTGCCGTTGCTGTTGCTGCTGCTGCTAACGCCGCCTCCGGGTGCACGTGGTGAGGTGTGTATGGCTTCCCGTGGACTCAGCCTCTTCCCCGAGTCCTGTCCAGATTTCTGCTGTGGTACCTGTGATGACCAATACTGCTGCTCTGACGTGCTGAAGAAATTTGTGTGGAGCGAGGAAAGGTGTGCTGTGCCTGAGGCCAGCGTGCCTGCCAGTGTAGAGCCGGTGGAGCAGCTGGGCTCGGCGCTGAGGTTTCGCCCTGGCTACAACGACCCCATGTCAGGGTTCGGAGCGACCTTGGCCGTTGGCCTGACCATCTTTGTGCTGTCTGTCGTCACTATCATCATCTGCTTCACTTGCTCCTGCTGCTGCCTTTACAAGACGTGCCGCCGACCACGTCCGGTTGTCACCACCACCACATCCACCACTGTGGTGCATGCCCCTTATCCTCAGCCTCCAAGTGTGCCGCCCAGCTACCCTGGACCAAGCTACCAGGGCTACCACACCATGCCGCCTCAGCCAGGGATGCCAGCAGCACCCTACCCAATGCAGTACCCACCACCTTACCCAGCCCAGCCCATGGGCCCACCGGCCTACCACGAAACCCTGGCTGGAGGAGCAGCCGCGCCCTACCCCGCCAGCCAGCCTCCTTACAACCCGGCCTACATGGATGCCCCGAAGGCGGCCCTCTGAatcgtcttc,linear,96 well
15,C1r_1,,gaagacataATGTGGCTCTTGTACCTCCTGGTGCCGGCCCTGTTCTGCAGGGCAGGAGGCTCCATTCCCATCCCTCAGAAGTTATTTGGGGAGGTGACTTCCCCTCTGTTCCCCAAGCCTTACCCCAACAACTTTGAAACAACCACTGTGATCACAGTCCCCACGGGATACAGGGTGAAGCTCGTTTTCCAGCAGTTTGACCTGGAGCCTTCTGAAGGCTGCTTCTATGATTATGTCAAGATCTCTGCTGATAAGAAAAGCCTGGGGAGGTTCTGTGGGCAACTGGGTTCTCCACTGGGCAACCCCCCGGGAAAGAAGGAATTTATGTCCCAAGGGAACAAGATGCTGCTGACCTTCCACACAGACTTCTCCAACGAGGAGAATGGGACCATCATGTTCTACAAGGGCTTCCTGGCCTACTACCAAGCTGTGGACCTTGATGAATGTGCTTCCCGGAGCAAATCAGGGGAGGAGGATCCCCAGCCCCAGTGCCAGCACCTGTGTCACAACTACGTTGGAGGCTACTTCTGTTCCTGCCGTCCAGGCTATGAGCTTCAGGAGGACAGGCATTCCTGCCAGGCTGAGTGCAGCAGCGAGCTGTACACGGAGGCATCAGGCTACATCTCCAGCCTGGAGTACCCTCGGTCCTACCCCCCTGATCTGCGCTGCAACTACAGCATCCGGGTGGAGCGGGGCCTCACCCTGCACCTCAAGTTCCTGGAGCCTTTTGATATTGATGACCACCAGCAAGTACACTGCCCCTATGACCAGCTACAGATCTATGCCAACGGGAAGAACATTGGCGAGTTCTGTGGGAAGCAAAGGCCCCCCGACCTCGACACCAGCAGCAATGCTGTGGATCTGCTGTTCTTCACAGATGAGTCGGGGGACAGCCGGGGCTGGAAGCTGCGCTACACCACCGAGATCATCAAGTGCCCCCAGCCCAAGACCCTAGACGAGTTCACCATCATCCAGAATCTGCAGCCTCAGTACCAGTTCCGTGACTACTTCATTGCTACATGCAAGCAAGGCTACCAGCTCATAGAGGGGAACCAGGTGCTGCATTCCTTtcgtcttc,linear,96 well
16,C1r_2,,gaagacatCCTTCACAGCTGTCTGCCAGGATGATGGCACGTGGCATCGTGCCATGCCCAGATGCAAGATCAAGGACTGTGGGCAGCCCCGAAATCTGCCTAATGGTGACTTCCGTTACACCACCACAATGGGAGTGAACACCTACAAGGCCCGTATCCAGTACTACTGCCATGAGCCATATTACAAGATGCAGACCAGAGCTGGCAGCAGGGAGTCTGAGCAAGGGGTGTACACGTGCACAGCACAGGGCATTTGGAAGAATGAACAGAAGGGAGAGAAGATTCCTCGGTGCTTGCCAGTGTGTGGGAAGCCCGTGAACCCCGTGGAACAGAGGCAGCGCATCATCGGAGGGCAAAAAGCCAAGATGGGCAACTTCCCCTGGCAAGTGTTCACCAACATCCACGGGCGCGGGGGCGGGGCCCTGCTGGGCGACCGCTGGATCCTCACAGCTGCCCACACCCTGTATCCCAAGGAACACGAAGCGCAAAGCAACGCCTCTTTGGATGTGTTCCTGGGCCACACAAATGTGGAGGAGCTCATGAAGCTAGGAAATCACCCCATCCGCAGGGTCAGCGTCCACCCGGACTACCGTCAGGATGAGTCCTACAATTTTGAGGGGGATATCGCCCTGCTGGAGCTGGAAAATAGTGTCACCCTGGGTCCCAACCTCCTCCCCATCTGCCTCCCTGACAACGATACCTTCTACGACCTGGGCTTGATGGGCTATGTCAGTGGCTTCGGGGTCATGGAGGAGAAGATTGCTCATGACCTCAGGTTTGTCCGTCTGCCCGTAGCTAATCCACAGGCCTGTGAGAACTGGCTCCGGGGAAAGAATAGGATGGATGTGTTCTCTCAAAACATGTTCTGTGCTGGACACCCATCTCTAAAGCAGGACGCCTGCCAGGGGGATAGTGGGGGCGTTTTTGCAGTAAGGGACCCGAACACTGATCGCTGGGTGGCCACGGGCATCGTGTCCTGGGGCATCGGGTGCAGCAGGGGCTATGGCTTCTACACCAAAGTGCTCAACTACGTGGACTGGATCAAGAAAGAGATGGAGGAGGAGGACTGAatcgtcttc,linear,96 well
17,C1s_1,,gaagacataATGTGGTGCATTGTCCTGTTTTCACTTTTGGCATGGGTTTATGCTGAGCCTACCATGTATGGGGAGATCCTGTCCCCTAACTATCCTCAGGCATATCCCAGTGAGGTAGAGAAATCTTGGGACATAGAAGTTCCTGAAGGGTATGGGATTCACCTCTACTTCACCCATCTGGACATTGAGCTGTCAGAGAACTGTGCGTATGACTCAGTGCAGATAATCTCAGGAGACACTGAAGAAGGGAGGCTCTGTGGACAGAGGAGCAGTAACAATCCCCACTCTCCAATTGTGGAAGAGTTCCAAGTCCCATACAACAAACTCCAGGTGATCTTTAAGTCAGACTTTTCCAATGAGGAGCGTTTTACGGGGTTTGCTGCATACTATGTTGCCACAGACATAAATGAATGCACAGATTTTGTAGATGTCCCTTGTAGCCACTTCTGCAACAATTTCATTGGTGGTTACTTCTGCTCCTGCCCCCCGGAATATTTCCTCCATGATGACATGAAGAATTGCGGAGTTAATTGCAGTGGGGATGTATTCACTGCACTGATTGGGGAGATTGCAAGTCCCAATTATCCCAAACCATATCCAGAGAACTCAAGGTGTGAATACCAGATCCGGTTGGAGAAAGGGTTCCAAGTGGTGGTGACCTTGCGGAGAGAAGATTTTGATGTGGAAGCAGCTGACTCAGCGGGAAACTGCCTTGACAGTTTAGTTTTTGTTGCAGGAGATCGGCAATTTGGTCCTTACTGTGGTCATGGATTCCCTGGGCCTCTAAATATTGAAACCAAGAGTAATGCTCTTGATATCATCTTCCAAACTGATCTAACAGGGCAGAAAAAGGGCTGGAAACTTCGCTATCATGGAGATCCAATGCCCTGCCCTAAGGAGGACACTCCCAATTCTGTTTGGGAGCCTGCGAAGGCAAAATATGTCTTTAGAGATGTGGTGCAGATAACCTGTCTGGATGGGTTTGAAGTTGTGGAGGGACGTGTTGGTGCAACATCTTTCTATTCGACTTGTCAAAGCAATGGAtcgtcttc,linear,96 well
18,C1s_2,,gaagacatTGGAAAGTGGAGTAATTCCAAACTGAAATGTCAACCTGTGGACTGTGGCATTCCTGAATCCATTGAGAATGGTAAAGTTGAGGACCCAGAGAGCACTTTGTTTGGTTCTGTCATCCGCTACACTTGTGAGGAGCCATATTACTACATGGAAAATGGAGGAGGTGGGGAGTATCACTGTGCTGGTAACGGGAGCTGGGTGAATGAGGTGCTGGGCCCGGAGCTGCCGAAATGTGTTCCAGTCTGTGGAGTCCCCAGAGAACCCTTTGAAGAAAAACAGAGGATAATTGGAGGATCCGATGCAGATATTAAAAACTTCCCCTGGCAAGTTTTCTTTGACAACCCATGGGCTGGTGGAGCGCTCATTAATGAGTACTGGGTGCTGACGGCTGCTCATGTTGTGGAGGGAAACAGGGAGCCAACAATGTATGTTGGGTCCACCTCAGTGCAGACCTCACGGCTGGCAAAATCCAAGATGCTCACTCCTGAGCATGTGTTTATTCATCCGGGATGGAAGCTGCTGGAAGTCCCAGAAGGACGAACCAATTTTGATAATGACATTGCACTGGTGCGGCTGAAAGACCCAGTGAAAATGGGACCCACAGTCTCTCCCATCTGCCTACCAGGCACCTCTTCCGACTACAACCTCATGGATGGGGACCTGGGACTGATCTCAGGCTGGGGCCGAACAGAGAAGAGAGATCGTGCTGTTCGCCTCAAGGCGGCAAGGTTACCTGTAGCTCCTTTAAGAAAATGCAAAGAAGTGAAAGTGGAGAAACCCACAGCAGATGCAGAGGCCTATGTTTTCACTCCTAACATGATCTGTGCTGGAGGAGAGAAGGGCATGGATAGCTGTAAAGGGGACAGTGGTGGGGCCTTTGCTGTACAGGATCCCAATGACAAGACCAAATTCTACGCAGCTGGCCTGGTGTCCTGGGGGCCCCAGTGTGGGACCTATGGGCTCTACACACGGGTAAAGAACTATGTTGACTGGATAATGAAAACTATGCAGGAAAATAGCACCCCCCGTGAGGACTGAatcgtcttc,linear,96 well
19,C2_1,,gaagacataATGGGCCCACTGATGGTTCTTTTTTGCCTGCTGTTCCTGTACCCAGGTCTGGCAGACTCGGCTCCCTCCTGCCCTCAGAACGTGAATATCTCGGGTGGCACCTTCACCCTCAGCCATGGCTGGGCTCCTGGGAGCCTTCTCACCTACTCCTGCCCCCAGGGCCTGTACCCATCCCCAGCATCACGGCTGTGCAAGAGCAGCGGACAGTGGCAGACCCCAGGAGCCACCCGTTCTCTGTCTAAGGCGGTCTGCAAACCTGTGCGCTGTCCAGCCCCTGTCTCCTTTGAGAATGGCATTTATACCCCACGGCTGGGGTCCTATCCCGTGGGTGGCAATGTGAGCTTCGAGTGTGAGGATGGCTTCATATTGCGGGGCTCGCCTGTGCGTCAGTGTCGCCCCAACGGCATGTGGGATGGAGAAACAGCTGTGTGTGATAATGGGGCTGGCCACTGCCCCAACCCAGGCATTTCACTGGGCGCAGTGCGGACAGGCTTCCGCTTTGGTCATGGGGACAAGGTCCGCTATCGCTGCTCCTCGAATCTTGTGCTCACGGGTTCTTCGGAGCGGGAGTGCCAGGGCAACGGGGTCTGGAGTGGAACGGAGCCCATCTGCCGCCAACCCTACTCTTATGACTTCCCTGAGGACGTGGCCCCTGCCCTGGGCACTTCCTTCTCCCACATGCTTGGGGCCACCAATCCCACCCAAAAGACAAAGGAAAGCCTGGGCCGTAAAATCCAAATCCAGCGCTCTGGTCATCTGAACCTCTATCTGCTCCTGGACTGTTCGCAGAGTGTGTCGGAAAATGACTTTCTCATCTTCAAGGAGAGCGCCTCCCTCATGGTGGACAGGATCTTCAGCTTTGAGATCAATGTGAGCGTTGCCATTATCACCTTTGCCTCAGAGCCCAAAGTCCTCATGTCTGTCCTGAACGACAACTCCCGGGATATGACTGAGGTGATCAGCAGCCTGGAAAATGCCAACTATAAAGATCATGAAAATGGAACTGGGACTAACACCTATGCGGCCTTAAACAGTGTCTATCTCATGATGAACAACCAAATGCGACTCCTCGGCATGGAAACGATGGCCTGGCAGGAAATCCGACATGCCATCATCCTTCTGACAGATGGAtcgtcttc,linear,96 well
20,C2_2,,gaagacatTGGAAAGTCCAATATGGGTGGCTCTCCCAAGACAGCTGTTGACCATATCAGAGAGATCCTGAACATCAACCAGAAGAGGAATGACTATCTGGACATCTATGCCATCGGGGTGGGCAAGCTGGATGTGGACTGGAGAGAACTGAATGAGCTAGGGTCCAAGAAGGATGGTGAGAGGCATGCCTTCATTCTGCAGGACACAAAGGCTCTGCACCAGGTCTTTGAACATATGCTGGATGTCTCCAAGCTCACAGACACCATCTGCGGGGTGGGGAACATGTCAGCAAACGCCTCTGACCAGGAGAGGACACCCTGGCATGTCACTATTAAGCCCAAGAGCCAAGAGACTTGCCGGGGGGCCCTCATCTCCGACCAATGGGTCCTGACAGCAGCTCATTGCTTCCGTGATGGCAACGACCACTCCCTGTGGAGGGTCAATGTGGGCGACCCCAAATCCCAGTGGGGCAAAGAATTCCTTATTGAGAAGGCGGTGATCTCCCCAGGGTTTGATGTCTTTGCCAAAAAGAACCAGGGAATCCTGGAGTTCTATGGTGATGACATAGCTCTGCTGAAGCTGGCCCAGAAAGTAAAGATGTCCACCCATGCCAGGCCCATCTGCCTTCCCTGCACGATGGAGGCCAATCTGGCTCTGCGTAGACCTCAAGGCAGCACCTGTAGGGACCATGAGAATGAACTGCTGAACAAACAGAGTGTTCCTGCTCATTTTGTCGCCTTGAATGGGAGCAAACTGAACATTAACCTTAAGATGGGAGTGGAGTGGACAAGCTGTGCCGAGGTTGTCTCCCAAGAAAAAACCATGTTCCCCAACTTGACAGATGTCAGGGAGGTGGTGACAGACCAGTTCCTATGCAGTGGGACCCAGGAGGATGAGAGTCCCTGCAAGGGAGAATCTGGGGGAGCAGTTTTCCTTGAGCGGAGATTCAGGTTTTTTCAGGTGGGTCTGGTGAGCTGGGGTCTTTACAACCCCTGCCTTGGCTCTGCTGACAAAAACTCCCGCAAAAGGGCCCCTCGTAGCAAGGTCCCGCCGCCACGAGACTTTCACATCAATCTCTTCCGCATGCAGCCCTGGCTGAGGCAGCACCTGGGGGATGTCCTGAATTTTTTACCCCTCTGAatcgtcttc,linear,96 well
21,C3_1,,gaagacataATGGGACCCACCTCAGGTCCCAGCCTGCTGCTCCTGCTACTAACCCACCTCCCCCTGGCTCTGGGGAGTCCCATGTACTCTATCATCACCCCCAACATCTTGCGGCTGGAGAGCGAGGAAACCATGGTGCTGGAGGCCCACGACGCGCAAGGGGATGTTCCAGTCACTGTTACTGTCCACGACTTCCCAGGCAAAAAACTAGTGCTGTCCAGTGAAAAGACTGTGCTGACCCCTGCCACCAACCACATGGGCAACGTCACCTTCACGATCCCAGCCAACAGGGAGTTCAAGTCAGAAAAGGGGCGCAACAAGTTCGTGACCGTGCAGGCCACCTTCGGGACCCAAGTGGTGGAGAAGGTGGTGCTGGTCAGCCTGCAGAGCGGGTACCTCTTCATCCAGACAGACAAGACCATCTACACCCCTGGCTCCACAGTTCTCTATCGGATCTTCACCGTCAACCACAAGCTGCTACCCGTGGGCCGGACGGTCATGGTCAACATTGAGAACCCGGAAGGCATCCCGGTCAAGCAGGACTCCCTTTCTTCTCAGAACCAGCTTGGCGTCTTGCCCTTGTCTTGGGACATTCCGGAACTCGTCAACATGGGCCAGTGGAAGATCCGAGCCTACTATGAAAACTCACCACAACAGGTGTTCTCCACTGAGTTTGAGGTGAAGGAGTACGTGCTGCCCAGTTTCGAGGTCATAGTGGAGCCTACAGAGAAATTCTACTACATCTATAACGAGAAGGGCCTGGAGGTCACCATCACCGCCAGGTTCCTCTACGGGAAGAAAGTGGAGGGAACTGCCTTTGTCATCTTCGGGATCCAGGATGGCGAACAGAGGATTTCCCTGCCTGAATCCCTCAAGCGCATTCCGATTGAGGATGGCTCGGGGGAGGTTGTGCTGAGCCGGAAGGTACTGCTGGACGGGGTGCAGAACCCCCGAGCAGAGGACCTGGTGGGGAAGTCTTTGTACGTGTCTGCCACCGTCATCTTGCACTCAGGCAGTGACATGGTGCAGGCAGAGCGCAGCGGGATCCCCATCGTGACCTCTCCCTACCAGATCCACTTCACCAAGACACCCAAGTACTTCAAACCAGGAATGCCCTTTGACCTCATGGTGTTCGTGACGAACCCTGATGGCTCTCCAGCCTACCGAGTCCCCGTGGCAGTCCAGGGCGAGGACACTGTGCAGTCTCTAACCCAGGGAGATGGCGTGGCCAAACTCAGCATCAACACACACCCCAGCCAGAAGCCCTTGAGCATCACGGTGCGCACGAAGAAGCAGGAGCTCTCGGAGGCAGAGCAGGCTACCAGGACCATGCAGGCTCTGCCCTACAGCACCGTGGGCAACTCCAACAATTATCTGCATCTCTCAGTGCTACGTACAGAGCTCAGACCCGGGGAAACCCTCAACGTCAACTTCCTCCTGCGAATGGACCGCGCCCACGAGGCCAAGATCCGCTACTACACCTACCTGATCATGAACAAGGGCAGGCTGTTGAAGGCGGGACGCCAGGTGCGAGAGCCCGGCCAGGACCTGGTGGTGCTGCCCCTGTCCATCACCACCGACTTCATCCCTTCCTTCCGCCTGGTGGCGTACTACACGCTGATCGGTGCCAGCGGCCAGAGGGAGGTGGTGGCCGACTCCGTGTGGGTGGACGTCtcgtcttc,linear,96 well
22,C3_2,,gaagacatCGTCAAGGACTCCTGCGTGGGCTCGCTGGTGGTAAAAAGCGGCCAGTCAGAGGACCGGCAGCCTGTACCTGGGCAGCAGATGACCCTGAAGATAGAGGGTGACCACGGGGCCCGGGTGGTACTGGTGGCCGTGGACAAGGGCGTGTTCGTGCTGAATAAGAAGAACAAACTGACGCAGAGTAAGATCTGGGACGTGGTGGAGAAGGCAGACATCGGCTGCACCCCGGGCAGTGGGAAGGATTACGCCGGTGTATTCTCCGACGCAGGGCTGACCTTCACGAGCAGCAGTGGCCAGCAGACCGCCCAGAGGGCAGAACTTCAGTGCCCGCAGCCAGCCGCCCGCCGACGCCGTTCCGTGCAGCTCACGGAGAAGCGAATGGACAAAGTCGGCAAGTACCCCAAGGAGCTGCGCAAGTGCTGCGAGGACGGCATGCGGGAGAACCCCATGAGGTTCTCGTGCCAGCGCCGGACCCGTTTCATCTCCCTGGGCGAGGCGTGCAAGAAGGTATTCCTGGACTGCTGCAACTACATCACAGAGCTGCGGCGGCAGCACGCGCGGGCCAGCCACCTGGGCCTGGCCAGGAGTAACCTGGATGAGGACATCATTGCAGAAGAGAACATCGTTTCCCGAAGTGAGTTCCCAGAGAGCTGGCTGTGGAACGTTGAGGACTTGAAAGAGCCACCGAAAAATGGAATCTCTACGAAGCTCATGAATATATTTTTGAAAGACTCCATCACCACGTGGGAGATTCTGGCTGTGAGCATGTCGGACAAGAAAGGGATCTGTGTGGCAGACCCCTTCGAGGTCACAGTAATGCAGGACTTCTTCATCGATCTGCGGCTACCCTACTCTGTTGTTCGAAACGAACAGGTGGAAATCCGAGCCGTTCTCTACAATTACCGGCAGAACCAAGAGCTCAAGGTGAGGGTGGAACTACTCCACAATCCAGCCTTCTGCAGCCTGGCCACCACCAAGAGGCGTCACCAGCAGACCGTAACCATTCCCCCCAAGTCCTCGTTGTCCGTTCCATATGTCATCGTGCCGCTAAAGACCGGCCTGCAGGAAGTGGAAGTCAAGGCTGCTGTCTACCATCATTTCATCAGTGACGGTGTCAGGAAGTCCCTGAAGGTCGTGCCGGAAGGAATCAGAATGAACAAAACTGTGGCTGTTCGCACCCTGGATCCAGAACGCCTGGGCCGTGAAGGAGTGCAGAAAGAGGACATCCCTCCTGCAGACCTCAGTGACCAAGTCCCGGACACCGAGTCTGAAACCAGAATTCTCCTGCAAGGGACCCCAGTGGCCCAGATGACAGAGGATGCCGTCGACGCGGAACGGCTGAAGCACCTCATTGTGACCCCCTCGGGCTGCGGGGAACAGAACATGATCGGCATGACGCCCACGGTTATCGCTGTGCATTACCTGGATGAAACGGAGCAGTGGGAGAAGTTCGGCCTAGAGAAGCGGCAGGGGGCCTTGGAGCTCATCAAGAAGGGGTACACCCAGCAGCTGGCCTTCAGACAACCCAGCTCTGCCTTTGCGGCCTTCGTGAAACGGGCACCCAGCACCTGGCTGACCGCCTACGTGGTCAAGGTTTTCTCTCTGGCTGTCAACCTTATCGCCATCGACTCCCAAGTCCTCTGCGGGGCTGTTAAATGGCTGATCCTGGAtcgtcttc,linear,96 well
23,C3_3,,gaagacatTGGAGAAGCAGAAGCCCGACGGGGTATTCCAGGAGGATGCGCCCGTGATACACCAAGAAATGATTGGTGGATTACGGAACAACAACGAGAAAGACATGGCCCTCACGGCCTTTGTTCTCATCTCGCTGCAGGAGGCTAAAGATATTTGCGAGGAACAGGTCAACAGCCTGCCAGGCAGCATCACTAAAGCAGGAGACTTCCTTGAAGCCAACTACATGAACCTACAGAGATCCTACACTGTGGCCATTGCTGGCTATGCTCTGGCCCAGATGGGCAGGCTGAAGGGGCCTCTTCTTAACAAATTTCTGACCACAGCCAAAGATAAGAACCGCTGGGAGGACCCTGGTAAGCAGCTCTACAACGTGGAGGCCACATCCTATGCCCTCTTGGCCCTACTGCAGCTAAAAGACTTTGACTTTGTGCCTCCCGTCGTGCGTTGGCTCAATGAACAGAGATACTACGGTGGTGGCTATGGCTCTACCCAGGCCACCTTCATGGTGTTCCAAGCCTTGGCTCAATACCAAAAGGACGCCCCTGACCACCAGGAACTGAACCTTGATGTGTCCCTCCAACTGCCCAGCCGCAGCTCCAAGATCACCCACCGTATCCACTGGGAATCTGCCAGCCTCCTGCGATCAGAAGAAACCAAGGAAAATGAGGGTTTCACAGTCACAGCTGAAGGAAAAGGCCAAGGCACCTTGTCGGTGGTGACAATGTACCATGCTAAGGCCAAAGATCAACTCACCTGTAATAAATTCGACCTCAAGGTCACCATAAAACCAGCACCGGAAACAGAAAAGAGGCCTCAGGATGCCAAGAACACTATGATCCTTGAGATCTGTACCAGGTACCGGGGCGACCAGGATGCCACTATGTCTATATTGGACATATCCATGATGACTGGCTTTGCTCCAGACACAGATGACCTGAAGCAGCTGGCCAATGGTGTTGACAGATACATCTCCAAGTATGAGCTGGACAAAGCCTTCTCCGATAGGAACACCCTCATCATCTACCTGGACAAAGTCTCACACTCTGAGGATGACTGTCTAGCTTTCAAAGTTCACCAATACTTTAATGTAGAGCTTATCCAGCCTGGAGCAGTCAAGGTCTACGCCTATTACAACCTGGAGGAAAGCTGTACCCGGTTCTACCATCCGGAAAAGGAGGATGGAAAGCTGAACAAGCTCTGCCGTGATGAACTGTGCCGCTGTGCTGAGGAGAATTGCTTCATACAAAAGTCGGATGACAAGGTCACCCTGGAAGAACGGCTGGACAAGGCCTGTGAGCCAGGAGTGGACTATGTGTACAAGACCCGACTGGTCAAGGTTCAGCTGTCCAATGACTTTGACGAGTACATCATGGCCATTGAGCAGACCATCAAGTCAGGCTCGGATGAGGTTCAGGTTGGACAGCAGCGCACGTTCATCAGCCCCATCAAGTGCAGAGAAGCCCTGAAGCTGGAGGAGAAGAAACACTACCTCATGTGGGGCCTCTCCTCCGATTTCTGGGGAGAGAAGCCCAACCTCAGCTACATCATCGGGAAGGACACTTGGGTGGAGCACTGGCCCGAGGAGGACGAATGCCAAGACGAAGAGAACCAGAAACAATGCCAGGACCTCGGCGCCTTCACCGAGAGCATGGTTGTCTTTGGGTGCCCCAACTGAatcgtcttc,linear,96 well
24,C4precursor_1,,gaagacataATGAGGCTGCTCTGGGGGCTGATCTGGGCATCCAGCTTCTTCACCTTATCTCTGCAGAAGCCCAGGTTGCTCTTGTTCTCTCCTTCTGTGGTTCATCTGGGGGTCCCCCTATCGGTGGGGGTGCAGCTCCAGGATGTGCCCCGAGGACAGGTAGTGAAAGGATCAGTGTTCCTGAGAAACCCATCTCGTAATAATGTCCCCTGCTCCCCAAAGGTGGACTTCACCCTTAGCTCAGAAAGAGACTTCGCACTCCTCAGTCTCCAGGTGCCCTTGAAAGATGCCAAGAGCTGTGGCCTCCATCAACTCCTCAGAGGCCCTGAGGTCCAGCTGGTGGCCCATTCGCCATGGCTAAAGGACTCTCTGTCCAGAACGACAAACATCCAGGGTATCAATTTACTCTTCTCCTCTCGCCGGGGGCACCTCTTTTTGCAGACGGACCAGCCCATTTACAACCCTGGCCAGCGGGTTCGGTACCGGGTCTTTGCTCTGGATCAGAAGATGCGCCCGAGCACTGACACCATCACAGTCATGGTGGAGAACTCTCACGGCCTCCGCGTGCGGAAGAAGGAGGTGTACATGCCCTCGTCCATCTTCCAGGATGACTTTGTGATCCCAGACATCTCAGAGCCAGGGACCTGGAAGATCTCAGCCCGATTCTCAGATGGCCTGGAATCCAACAGCAGCACCCAGTTTGAGGTGAAGAAATATGTCCTTCCCAACTTTGAGGTGAAGATCACCCCTGGAAAGCCCTACATCCTGACGGTGCCAGGCCATCTTGATGAAATGCAGTTAGACATCCAGGCCAGGTACATCTATGGGAAGCCAGTGCAGGGGGTGGCATATGTGCGCTTTGGGCTCCTAGATGAGGATGGTAAAAAGACTTTCTTTCGGGGGCTGGAGAGTCAGACCAAGCTGGTGAATGGACAGAGCCACATTTCCCTCTCAAAGGCAGAGTTCCAGGACGCCCTGGAGAAGCTGAATATGGGCATTACTGACCTCCAGGGGCTGCGCCTCTACGTTGCTGCAGCCATCATTGAGTCTCCAGGTGGGGAGATGGAGGAGGCAGAGCTCACATCCTGGTATTTTGTGTCATCTCCCTTCTCCTTGGATCTTAGCAAGACCAAGCGACACCTTGTGCCTGGGGCCCCCTTCCTGCTGCAGGCCTTGGTCCGTGAGATGTCAGGCTCCCCAGCTTCTGGCATTCCTGTCAAAGTTTCTGCCACAGTCTCTTCTCCTGGGTCTGTTCCTGAAGTCCAGGACATTCAGCAAAACACAGACGGGAGCGGCCAAGTCAGCATTCCAATAATTATCCCTCAGACCATCTCAGAGCTGCAGCTCTCAGTATCTGCAGGCTCCCCACATCCAGCGATAGCCAGGCTCACTGTGGCAGCCCCACCTTCAGGAGGCCCCGGGTTTCTGTCTATTGAGCGGCCGGATTCTCGACCTCCTCGTGTTGGGGACACTCTGAACCTGAACTTGCGAGCCGTGGGCAGTGGGGCCACCTTTTCTCATTACTACTACATGATCCTATCCCGAGGGCAGATCGTGTTCATGAATCGAGAGCCCAAGAGGACCCTGACCAGTGTCTCGGTGTTTGTGGACCATCACCTGGCACCCTCCTTCTACTTTGTGGCCTTCTACTACCATGGTGACCACCCAGTGGCCAACTCCCTGCGAGTGGATGTCCAGGCTGGGGCCTGCGAGGGCAAGCTGGAGCTCAGCGTGGACGGTGCCAAGCAGTACCGGtcgtcttc,linear,96 well
25,C4precursor_2,,gaagacatCCGGAACGGGGAGTCCGTGAAGCTCCACTTAGAAACCGACTCCCTAGCCCTGGTGGCGCTGGGAGCCTTGGACACAGCTCTGTATGCTGCAGGCAGCAAGTCCCACAAGCCCCTCAACATGGGCAAGGTCTTTGAAGCTATGAACAGCTATGACCTCGGCTGTGGTCCTGGGGGTGGGGACAGTGCCCTTCAGGTGTTCCAGGCAGCGGGCCTGGCCTTTTCTGATGGTGACCAGTGGACCTTATCCAGAAAGAGACTAAGCTGTCCCAAGGAAAAGACAACCCGGAAAAAGAGAAACGTGAACTTCCAAAAGGCGATTAATGAGAAATTGGGTCAGTATGCTTCCCCGACAGCCAAGCGCTGCTGCCAGGATGGGGTGACACGTCTGCCCATGATGCGTTCCTGCGAGCAGCGGGCAGCCCGCGTGCAGCAGCCGGACTGCCGGGAGCCCTTCCTGTCCTGCTGCCAATTTGCTGAGAGTCTGCGCAAAAAGAGCAGGGACAAGGGCCAGGCGGGCCTCCAACGAGCCCTGGAGATCCTGCAGGAGGAGGACCTGATTGATGAGGATGACATTCCCGTGCGCAGCTTCTTCCCAGAGAACTGGCTCTGGAGAGTGGAAACAGTGGACCGCTTTCAAATATTGACACTGTGGCTCCCCGACTCTCTGACCACGTGGGAGATCCATGGCCTGAGCCTGTCCAAAACCAAAGGCCTATGTGTGGCCACCCCAGTCCAGCTCCGGGTGTTCCGCGAGTTCCATCTGCACCTCCGCCTGCCCATGTCTGTCCGCCGCTTTGAGCAGCTGGAGCTGCGGCCTGTCCTCTATAACTACCTGGATAAAAACCTGACTGTGAGCGTCCACGTGTCCCCAGTGGAGGGGCTGTGCCTGGCTGGGGGCGGAGGGCTGGCCCAACAGGTGCTGGTGCCTGCGGGCTCTGCCCGGCCTGTTGCCTTCTCTGTGGTGCCCACGGCAGCCGCCGCTGTGTCTCTGAAGGTGGTGGCTCGAGGGTCCTTCGAATTCCCTGTGGGAGATGCGGTGTCCAAGGTTCTGCAGATTGAGAAGGAAGGGGCCATCCATAGAGAGGAGCTGGTCTATGAACTCAACCCCTTGGACCACCGAGGCCGGACCTTGGAAATACCTGGCAACTCTGATCCCAATATGATCCCTGATGGGGACTTTAACAGCTACGTCAGGGTTACAGCCTCAGATCCATTGGACACTTTAGGCTCTGAGGGGGCCTTGTCACCAGGAGGCGTGGCCTCCCTCTTGAGGCTTCCTCGAGGCTGTGGGGAGCAAACCATGATCTACTTGGCTCCGACACTGGCTGCTTCCCGCTACCTGGACAAGACAGAGCAGTGGAGCACACTGCCTCCCGAAACCAAGGACCACGCCGTGGATCTGATCCAGAAAGGCTACATGCGGATCCAGCAGTTTCGGAAGGCGGATGGTTCCTATGCGGCTTGGTTGTCACGGGACAGCAGCACCTGGCTCACAGCCTTTGTGTTGAAGGTCCTGAGTTTGGCCCAGGAACAGGTAGGAGGCTCGCCTGAGAAACTGCAGGAGACATCTAACTGGCTTCTGTCCCAGCAGCAGGCTGACGGCTCGTTCCAGGACCCCTGTCCAGTGTTAGACAGGAGCATGCAGGGGGGTTTGGTGGGCAATGATGAGACTGTGGCACTCACAGCCTTTGTGACAATCGCCCTTCATCATGGGCTGGCCGTTTTCCAGGATGAGGGTGCAGAGCCATTtcgtcttc,linear,96 well
26,C4precursor_3,,gaagacatCATTGAAGCAGAGAGTGGAAGCCTCCATCTCAAAGGCAAACTCATTTTTGGGGGAGAAAGCAAGTGCTGGGCTCCTGGGTGCCCACGCAGCTGCCATCACGGCCTATGCCCTGACACTGACCAAGGCGCCTGTGGATCTGCTCGGTGTTGCCCACAACAACCTCATGGCAATGGCCCAGGAGACTGGAGATAACCTGTACTGGGGCTCAGTCACTGGTTCTCAGAGCAATGCCGTGTCGCCCACCCCGGCTCCTCGCAACCCATCCGACCCCATGCCCCAGGCCCCAGCCCTGTGGATTGAAACCACAGCCTACGCCCTGCTGCACCTCCTGCTTCACGAGGGCAAAGCAGAGATGGCAGACCAGGCTTCGGCCTGGCTCACCCGTCAGGGCAGCTTCCAAGGGGGATTCCGCAGTACCCAAGACACGGTGATTGCCCTGGATGCCCTGTCTGCCTACTGGATTGCCTCCCACACCACTGAGGAGAGGGGCCTCAATGTGACTCTCAGCTCCACAGGCCGGAATGGGTTCAAGTCCCACGCGCTGCAGCTGAACAACCGCCAGATTCGCGGCCTGGAGGAGGAGCTGCAGTTTTCCTTGGGCAGCAAGATCAATGTGAAGGTGGGAGGAAACAGCAAAGGAACCCTGAAGGTCCTTCGTACCTACAATGTCCTGGACATGAAGAACACGACGTGCCAGGACCTACAGATAGAAGTGACAGTCAAAGGCCACGTCGAGTACACGATGGAAGCAAACGAGGACTATGAGGACTATGAGTACGATGAGCTTCCAGCCAAGGATGACCCAGATGCCCCTCTGCAGCCCGTGACACCCCTGCAGCTGTTTGAGGGTCGGAGGAACCGCCGCAGGAGGGAGGCGCCCAAGGTGGTGGAGGAGCAGGAGTCCAGGGTGCACTACACCGTGTGCATCTGGCGGAACGGCAAGGTGGGGCTGTCTGGCATGGCGATCGCGGACGTCACCCTCCTGAGTGGATTCCACGCCCTGCGTGCTGACCTGGAGAAGCTGACCTCCCTCTCTGACCGTTACGTGAGTCACTTTGAAACCGAGGGGCCCCACGTCCTGCTGTATTTTGACTCGGTCCCCACCTCCCGGGAGTGCGTGGGCTTTGAGGCTGTGCAGGAAGTGCCGGTGGGGCTGGTGCAGCCGGCCAGCGCAACCCTGTACGACTACTACAACCCCGAGCGCAGATGTTCTGTGTTTTACGGGGCACCAAGTAAGAGCAGACTCTTGGCCACCTTGTGTTCTGCTGAAGTCTGCCAGTGTGCTGAGGGGAAGTGCCCTCGCCAGCGTCGCGCCCTGGAGCGGGGTCTGCAGGACGAGGATGGCTACAGGATGAAGTTTGCCTGCTACTACCCCCGTGTGGAGTACGGCTTCCAGGTTAAGGTTCTCCGAGAGGACAGCAGAGCTGCTTTCCGCCTCTTTGAAACCAAGATCACCCAAGTCCTGCACTTCACCAAGGATGTCAAGGCCGCTGCTAATCAGATGCGCAACTTCCTGGTTCGAGCCTCCTGCCGCCTTCGCTTGGAACCTGGGAAAGAATATTTGATCATGGGTCTGGATGGGGCCACCTATGACCTCGAGGGACACCCCCAGTATCTGCTGGACTCGAATAGCTGGATCGAGGAGATGCCCTCTGAACGCCTGTGCCGGAGCACCCGCCAGCGGGCAGCCTGTGCCCAGCTCAACGACTTCCTCCAGGAGTATGGCACTCAGGGGTGCCAGGTGTGAatcgtcttc,linear,96 well
27,C5_1,,gaagacataATGGGCCTTTTGGGAATACTTTGTTTTTTAATCTTCCTGGGGAAAACCTGGGGACAGGAGCAAACATATGTCATTTCAGCACCAAAAATATTCCGTGTTGGAGCATCTGAAAATATTGTGATTCAAGTTTATGGATACACTGAAGCATTTGATGCAACAATCTCTATTAAAAGTTATCCTGATAAAAAATTTAGTTACTCCTCAGGCCATGTTCATTTATCCTCAGAGAATAAATTCCAAAACTCTGCAATCTTAACAATACAACCAAAACAATTGCCTGGAGGACAAAACCCAGTTTCTTATGTGTATTTGGAAGTTGTATCAAAGCATTTTTCAAAATCAAAAAGAATGCCAATAACCTATGACAATGGATTTCTCTTCATTCATACAGACAAACCTGTTTATACTCCAGACCAGTCAGTAAAAGTTAGAGTTTATTCGTTGAATGACGACTTGAAGCCAGCCAAAAGAGAAACTGTCTTAACTTTCATAGATCCTGAAGGATCAGAAGTTGACATGGTAGAAGAAATTGATCATATTGGAATTATCTCTTTTCCTGACTTCAAGATTCCGTCTAATCCTAGATATGGTATGTGGACGATCAAGGCTAAATATAAAGAGGACTTTTCAACAACTGGAACCGCATATTTTGAAGTTAAAGAATATGTCTTGCCACATTTTTCTGTCTCAATCGAGCCAGAATATAATTTCATTGGTTACAAGAACTTTAAGAATTTTGAAATTACTATAAAAGCAAGATATTTTTATAATAAAGTAGTCACTGAGGCTGACGTTTATATCACATTTGGAATAAGAGAGGACTTAAAAGATGATCAAAAAGAAATGATGCAAACAGCAATGCAAAACACAATGTTGATAAATGGAATTGCTCAAGTCACATTTGATTCTGAAACAGCAGTCAAAGAACTGTCATACTACAGTTTAGAAGATTTAAACAACAAGTACCTTTATATTGCTGTAACAGTCATAGAGTCTACAGGTGGATTTTCTGAAGAGGCAGAAATACCTGGCATCAAATATGTCCTCTCTCCCTACAAACTGAATTTGGTTGCTACTCCTCTTTTCCTGAAGCCTGGGATTCCATATCCCATCAAGGTACAGGTTAAAGATTCGCTTGACCAGTTGGTAGGAGGAGTCCCAGTAACACTGAATGCACAAACAATTGATGTAAACCAAGAGACATCTGACTTGGATCCAAGCAAAAGTGTAACACGTGTTGATGATGGAGTAGCTTCCTTTGTGCTTAATCTCCCATCTGGAGTGACGGTGCTGGAGTTTAATGTCAAAACTGATGCTCCAGATCTTCCAGAAGAAAATCAGGCCAGGGAAGGTTACCGAGCAATAGCATACTCATCTCTCAGCCAAAGTTACCTTTATATTGATTGGACTGATAACCATAAGGCTTTGCTAGTGGGAGAACATCTGAATATTATTGTTACCCCCAAAAGCCCATATATTGACAAAATAACTCACTATAATTACTTGATTTTATCCAAGGGCAAAATTATCCACTTTGGCACGAGGGAGAAATTTTCAGATGCATCTTATCAAAGTATAAACATTCCAGTAACACAGAACATGGTTCCTTCATCCCGACTTCTGGTCTATTACATCGTCACAGGAGAACAGACAGCAGAATTAGTGTCTGATTCAGTCTtcgtcttc,linear,96 well
28,C5_2,,gaagacatGTCTGGTTAAATATTGAAGAAAAATGTGGCAACCAGCTCCAGGTTCATCTGTCTCCTGATGCAGATGCATATTCTCCAGGCCAAACTGTGTCTCTTAATATGGCAACTGGAATGGATTCCTGGGTGGCATTAGCAGCAGTGGACAGTGCTGTGTATGGAGTCCAAAGAGGAGCCAAAAAGCCCTTGGAAAGAGTATTTCAATTCTTAGAGAAGAGTGATCTGGGCTGTGGGGCTGGTGGTGGCCTCAACAATGCCAATGTGTTCCACCTAGCTGGACTTACCTTCCTCACTAATGCAAATGCAGATGACTCCCAAGAAAATGATGAACCTTGTAAAGAAATTCTCAGGCCAAGAAGAACGCTGCAAAAGAAGATAGAAGAAATAGCTGCTAAATATAAACATTCAGTAGTGAAGAAATGTTGTTACGATGGAGCCTGCGTTAATAATGATGAAACCTGTGAGCAGCGAGCTGCACGGATTAGTTTAGGGCCAAGATGCATCAAAGCTTTCACTGAATGTTGTGTCGTCGCAAGCCAGCTCCGTGCTAATATCTCTCATAAAGACATGCAATTGGGAAGGCTACACATGAAAACCCTGTTACCAGTAAGCAAGCCAGAAATTCGGAGTTATTTTCCAGAAAGCTGGTTGTGGGAAGTTCATCTTGTTCCCAGAAGAAAACAGTTGCAGTTTGCCCTACCTGATTCTCTAACCACCTGGGAAATTCAAGGCGTTGGCATTTCAAACACTGGTATATGTGTTGCTGATACTGTCAAGGCAAAGGTGTTCAAAGATGTGTTCCTGGAAATGAATATACCATATTCTGTTGTACGAGGAGAACAGATCCAATTGAAAGGAACTGTTTACAACTATAGGACTTCTGGGATGCAGTTCTGTGTTAAAATGTCTGCTGTGGAGGGAATCTGCACTTCGGAAAGCCCAGTCATTGATCATCAGGGCACAAAGTCCTCCAAATGTGTGCGCCAGAAAGTAGAGGGCTCCTCCAGTCACTTGGTGACATTCACTGTGCTTCCTCTGGAAATTGGCCTTCACAACATCAATTTTTCACTGGAGACTTGGTTTGGAAAAGAAATCTTAGTAAAAACATTACGAGTGGTGCCAGAAGGTGTCAAAAGGGAAAGCTATTCTGGTGTTACTTTGGATCCTAGGGGTATTTATGGTACCATTAGCAGACGAAAGGAGTTCCCATACAGGATACCCTTAGATTTGGTCCCCAAAACAGAAATCAAAAGGATTTTGAGTGTAAAAGGACTGCTTGTAGGTGAGATCTTGTCTGCAGTTCTAAGTCAGGAAGGCATCAATATCCTAACCCACCTCCCCAAAGGGAGTGCAGAGGCGGAGCTGATGAGCGTTGTCCCAGTATTCTATGTTTTTCACTACCTGGAAACAGGAAATCATTGGAACATTTTTCATTCTGACCCATTAATTGAAAAGCAGAAACTGAAGAAAAAATTAAAAGAAGGGATGTTGAGCATTATGTCCTACAGAAATGCTGACTACTCTTACAGTGTGTGGAAGGGTGGAAGTGCTAGCACTTGGTTAACAGCTTTTGCTTTAAGAGTACTTGGACAAGTAAATAAATACGTAGAGCAGAACCAAAATTCAATTTGTAATTCTTTATTGTGGCTAGTTGAGAATTATCAATTAGATAATGGATCTTTCAtcgtcttc,linear,96 well
29,C5_3,,gaagacatTTCAAGGAAAATTCACAGTATCAACCAATAAAATTACAGGGTACCTTGCCTGTTGAAGCCCGAGAGAACAGCTTATATCTTACAGCCTTTACTGTGATTGGAATTAGAAAGGCTTTCGATATATGCCCCCTGGTGAAAATCGACACAGCTCTAATTAAAGCTGACAACTTTCTGCTTGAAAATACACTGCCAGCCCAGAGCACCTTTACATTGGCCATTTCTGCGTATGCTCTTTCCCTGGGAGATAAAACTCACCCACAGTTTCGTTCAATTGTTTCAGCTTTGAAGAGAGAAGCTTTGGTTAAAGGTAATCCACCCATTTATCGTTTTTGGAAAGACAATCTTCAGCATAAAGACAGCTCTGTACCTAACACTGGTACGGCACGTATGGTAGAAACAACTGCCTATGCTTTACTCACCAGTCTGAACTTGAAAGATATAAATTATGTTAACCCAGTCATCAAATGGCTATCAGAGGAGCAGAGGTATGGAGGTGGCTTTTATTCAACCCAGGACACAATCAATGCCATTGAGGGCCTGACGGAATATTCACTCCTGGTTAAACAACTCCGCTTGAGTATGGACATCGATGTTTCTTACAAGCATAAAGGTGCCTTACATAATTATAAAATGACAGACAAGAATTTCCTTGGGAGGCCAGTAGAGGTGCTTCTCAATGATGACCTCATTGTCAGTACAGGATTTGGCAGTGGCTTGGCTACAGTACATGTAACAACTGTAGTTCACAAAACCAGTACCTCTGAGGAAGTTTGCAGCTTTTATTTGAAAATCGATACTCAGGATATTGAAGCATCCCACTACAGAGGCTACGGAAACTCTGATTACAAACGCATAGTAGCATGTGCCAGCTACAAGCCCAGCAGGGAAGAATCATCATCTGGATCCTCTCATGCGGTGATGGACATCTCCTTGCCTACTGGAATCAGTGCAAATGAAGAGGACTTAAAAGCCCTTGTGGAAGGGGTGGATCAACTATTCACTGATTACCAAATCAAAGATGGACATGTTATTCTGCAACTGAATTCGATTCCCTCCAGTGATTTCCTTTGTGTACGATTCCGGATATTTGAACTCTTTGAAGTTGGGTTTCTCAGTCCTGCCACTTTCACAGTGTACGAATACCACAGACCAGATAAACAGTGTACCATGTTTTATAGCACTTCCAATATCAAAATTCAGAAAGTCTGTGAAGGAGCCGCGTGCAAGTGTGTAGAAGCTGATTGTGGGCAAATGCAGGAAGAATTGGATCTGACAATCTCTGCAGAGACAAGAAAACAAACAGCATGTAAACCAGAGATTGCATATGCTTATAAAGTTAGCATCACATCCATCACTGTAGAAAATGTTTTTGTCAAGTACAAGGCAACCCTTCTGGATATCTACAAAACTGGGGAAGCTGTTGCTGAGAAAGACTCTGAGATTACCTTCATTAAAAAGGTAACCTGTACTAACGCTGAGCTGGTAAAAGGCAGACAGTACTTAATTATGGGTAAAGAAGCCCTCCAGATAAAATACAATTTCAGTTTCAGGTACATCTACCCTTTAGATTCCTTGACCTGGATTGAATACTGGCCTAGAGACACAACATGTTCATCGTGTCAAGCATTTTTAGCTAATTTAGATGAATTTGCCGAAGATATCTTTTTAAATGGATGCTGAatcgtcttc,linear,96 well
30,C6_1,,gaagacataATGGCCAGACGCTCTGTCTTGTACTTCATCCTGCTGAATGCTCTGATCAACAAGGGCCAAGCCTGCTTCTGTGATCACTATGCATGGACTCAGTGGACCAGCTGCTCAAAAACTTGCAATTCTGGAACCCAGAGCAGACACAGACAAATAGTAGTAGATAAGTACTACCAGGAAAACTTTTGTGAACAGATTTGCAGCAAGCAGGAGACTAGAGAATGTAACTGGCAAAGATGCCCCATCAACTGCCTCCTGGGAGATTTTGGACCATGGTCAGACTGTGACCCTTGTATTGAAAAACAGTCTAAAGTTAGATCTGTCTTGCGTCCCAGTCAGTTTGGGGGACAGCCATGCACTGCGCCTCTGGTAGCCTTTCAACCATGCATTCCATCTAAGCTCTGCAAAATTGAAGAGGCTGACTGCAAGAATAAATTTCGCTGTGACAGTGGCCGCTGCATTGCCAGAAAGTTAGAATGCAATGGAGAAAATGACTGTGGAGACAATTCAGATGAAAGGGACTGTGGGAGGACAAAGGCAGTATGCACACGGAAGTATAATCCCATCCCTAGTGTACAGTTGATGGGCAATGGGTTTCATTTTCTGGCAGGAGAGCCCAGAGGAGAAGTCCTTGATAACTCTTTCACTGGAGGAATATGTAAAACTGTCAAAAGCAGTAGGACAAGTAATCCATACCGTGTTCCGGCCAATCTGGAAAATGTCGGCTTTGAGGTACAAACTGCAGAAGATGACTTGAAAACAGATTTCTACAAGGATTTAACTTCTCTTGGACACAATGAAAATCAACAAGGCTCATTCTCAAGTCAAGGGGGGAGCTCTTTCAGTGTACCAATTTTTTATTCCTCAAAGAGAAGTGAAAATATCAACCATAATTCTGCCTTCAAACAAGCCATTCAAGCCTCTCACAAAAAGGATTCTAGTTTTATTAGGATCCATAAAGTGATGAAAGTCTTAAACTTCACAACGAAAGCTAAAGATCTGCACCTTTCTGATGTCTTTTTGAAAGCACTTAACCATCTGCCTCTAGAATACAACTCTGCTTTGTACAGCCGAATATTCGATGACTTTGGGACTCATTACTTCACCTCTGGCTCCCTGGGAGGCGTGTATGACCTTCTCTATCAGTTTAGCAGTGAGGAACTAAAGAACTCAGGTTTAACCGAGGAAGAAGCCAAACACTGTGTCAGGATTGAAACAAAGAAACGCGTTTTATTTGCTAAGAAAACAAAAGTGGAACATAGGTGCACCACCAACAAGCTGTCAGAGAAACATGAAGGTTCATTTATACAGGGAGCAGAGAAATCCATATCCCTGATTCGAGGTGGAAGGAGTGAATATGGAGCAGCTTTGGCATGGGAGAAAGGGAGCTCTGGTCTGGAGGAAAAGACAtcgtcttc,linear,96 well
31,C6_2,,gaagacatGACATTTTCTGAGTGGTTAGAATCAGTGAAGGAAAATCCTGCTGTGATTGACTTTGAGCTTGCCCCCATCGTGGACTTGGTAAGAAACATCCCCTGTGCAGTGACAAAACGGAACAACCTCAGGAAAGCTTTGCAAGAGTATGCAGCCAAGTTCGATCCTTGCCAGTGTGCTCCATGCCCTAATAATGGCCGACCCACCCTCTCAGGGACTGAATGTCTGTGTGTGTGTCAGAGTGGCACCTATGGTGAGAACTGTGAGAAACAGTCTCCAGATTATAAATCCAATGCAGTAGACGGACAGTGGGGTTGTTGGTCGTCCTGGAGTACCTGTGATGCTACTTATAAGAGATCGAGAACCCGAGAATGCAATAATCCTGCCCCCCAACGAGGAGGGAAACGCTGTGAGGGGGAGAAGCGACAAGAGGAGGACTGCACATTTTCAATCATGGAAAACAATGGACAACCATGTATCAATGATGACGAAGAAATGAAAGAGGTCGATCTTCCTGAGATAGAAGCAGATTCCGGGTGTCCTCAGCCAGTTCCTCCAGAAAATGGATTTATCCGGAATGAAAAGCAACTATACTTGGTTGGAGAAGATGTTGAAATTTCATGCCTTACTGGCTTTGAAACTGTTGGATACCAGTACTTCAGATGCTTACCAGACGGGACCTGGAGACAAGGGGATGTGGAATGCCAACGGACGGAGTGCATCAAGCCAGTTGTGCAGGAAGTCCTGACAATTACACCATTTCAGAGATTGTATAGAATTGGTGAATCCATTGAGCTAACTTGCCCCAAAGGCTTTGTTGTTGCTGGGCCATCAAGGTACACATGCCAGGGGAATTCCTGGACACCACCCATTTCAAACTCTCTCACCTGTGAAAAAGATACTCTAACAAAATTAAAAGGCCATTGTCAGCTGGGACAGAAACAATCAGGATCTGAATGCATTTGTATGTCTCCAGAAGAGGACTGTAGCCATCATTCAGAAGATCTCTGTGTGTTTGACACAGACTCCAACGATTACTTTACTTCACCCGCTTGTAAGTTTTTGGCTGAGAAATGTTTAAATAATCAGCAACTCCATTTTCTACATATTGGTTCCTGCCAAGACGGCCGCCAGTTAGAATGGGGTCTTGAAAGGACAAGACTTTCATCCAACAGCACAAAGAAAGAATCCTGTGGCTATGACACGTGCTATGACTGGGAAAAATGTTCAGCCTCCACTTCCAAATGTGTCTGCCTATTGCCCCCACAGTGCTTCAAGGGTGGAAACCAACTCTACTGTGTCAAAATGGGATCATCAACAAGTGAGAAAACATTGAACATCTGTGAAGTGGGAACTATAAGATGTGCAAACAGGAAGATGGAAATACTGCATCCTGGAAAGTGTTTGGCCTGAatcgtcttc,linear,96 well
32,C7_1,,gaagacataATGAAGGTGATAAGCTTATTCATTTTGGTGGGATTTATAGGAGAGTTCCAAAGTTTTTCAAGTGCCTCCTCTCCAGTCAACTGCCAGTGGGACTTCTATGCCCCTTGGTCAGAATGCAATGGCTGTACCAAGACTCAGACTCGCAGGCGGTCAGTTGCTGTGTATGGGCAGTATGGAGGCCAGCCTTGTGTTGGAAATGCTTTTGAAACACAGTCCTGTGAACCTACAAGAGGATGTCCAACAGAGGAGGGATGTGGAGAGCGTTTCAGGTGCTTTTCAGGTCAGTGCATCAGCAAATCATTGGTTTGCAATGGGGATTCTGACTGTGATGAGGACAGTGCTGATGAGGACAGATGTGAGGACTCAGAACGCAGACCTTCCTGTGATATCGATAAACCTCCTCCTAACATAGAACTTACTGGAAATGGTTACAATGAACTCACTGGCCAGTTTAGGAACAGAGTCATCAATACCAAAAGTTTTGGTGGTCAATGTAGAAAGGTGTTTAGTGGGGATGGAAAAGATTTCTACAGGCTGAGTGGAAATGTCCTGTCCTATACATTCCAGGTGAAAATAAATAATGATTTTAATTATGAATTTTACAATAGTACTTGGTCTTATGTAAAACATACGTCGACAGAACACACATCATCTAGTCGGAAGCGCTCCTTTTTTAGATCTTCATCATCTTCTTCACGCAGTTATACTTCACATACCAATGAAATCCATAAAGGAAAGAGTTACCAACTGCTGGTTGTTGAGAACACTGTTGAAGTGGCTCAGTTCATTAATAACAATCCAGAATTTTTACAACTTGCTGAGCCATTCTGGAAGGAGCTTTCCCACCTCCCCTCTCTGTATGACTACAGTGCCTACCGAAGATTAATCGACCAGTACGGGACACATTATCTGCAATCTGGGTCGTTAGGAGGAGAATACAGAGTTCTATTTTATGTGGACTCAGAAAAATTAAAACAAAATGATTTTAATTCAGTCGAAGAAAAGAAATGTAAATCCTCAGGTTGGCATTTTGTCGTTAAATTTTCAAGTCATGGATGCAAGGAACTGGAAAACGCTTTAAAAGCTGCTTCAGGAACCCAGAACAATGTATTGCGAGGAGAACCGTTCATCAGAGGGGGAGGTGCAGGCTTCATATCTGGCCTTAGTTACCTAGAGCTGGACAATCCTGCTGGAAACAAAAGGCGATATTCTGCCTGGGCAGAATCTGTGACTAATCTTCCTCAAGTCATAAAACAAAAGCTGACACCtcgtcttc,linear,96 well
33,C7_2,,gaagacatCACCTTTATATGAGCTGGTAAAGGAAGTACCTTGTGCCTCTGTGAAAAAACTATACCTGAAATGGGCTCTTGAAGAGTATCTGGATGAATTTGACCCCTGTCATTGCCGGCCTTGTCAAAATGGTGGTTTGGCTACTGTTGAGGGGACCCATTGTCTGTGCCATTGCAAACCGTACACATTTGGTGCGGCGTGTGAGCAAGGAGTCCTCGTAGGGAATCAAGCAGGAGGGGTTGATGGAGGTTGGAGTTGCTGGTCCTCTTGGAGCCCCTGTGTCCAAGGGAAGAAAACAAGAAGCCGTGAATGCAATAACCCACCTCCCAGTGGGGGTGGGAGATCCTGCGTTGGAGAAACGACAGAAAGCACACAATGCGAAGATGAGGAGCTGGAGCACTTGAGGTTGCTTGAACCACATTGCTTTCCTTTGTCTTTGGTTCCAACAGAATTCTGTCCATCACCTCCTGCCTTGAAAGATGGATTTGTTCAAGATGAAGGTACAATGTTTCCTGTGGGGAAAAATGTAGTGTACACTTGCAATGAAGGATACTCTCTTATTGGAAACCCAGTGGCCAGATGTGGAGAAGATTTACGGTGGCTTGTTGGGGAAATGCATTGTCAGAAAATTGCCTGTGTTCTACCTGTACTGATGGATGGCATACAGAGTCACCCCCAAAAACCTTTCTACACAGTTGGTGAGAAGGTGACTGTTTCCTGTTCAGGTGGCATGTCCTTAGAAGGTCCTTCAGCATTTCTCTGTGGCTCCAGCCTTAAGTGGAGTCCTGAGATGAAGAATGCCCGCTGTGTACAAAAAGAAAATCCGTTAACACAGGCAGTGCCTAAATGTCAGCGCTGGGAGAAACTGCAGAATTCAAGATGTGTTTGTAAAATGCCCTACGAATGTGGACCTTCCTTGGATGTATGTGCTCAAGATGAGAGAAGCAAAAGGATACTGCCTCTGACAGTTTGCAAGATGCATGTTCTCCACTGTCAGGGTAGAAATTACACCCTTACTGGTAGGGACAGCTGTACTCTGCCTGCCTCAGCTGAGAAAGCTTGTGGTGCCTGCCCACTGTGGGGAAAATGTGATGCTGAGAGCAGCAAATGTGTCTGCCGAGAAGCATCGGAGTGCGAGGAAGAAGGGTTTAGCATTTGTGTGGAAGTGAACGGCAAGGAGCAGACGATGTCTGAGTGTGAGGCGGGCGCTCTGAGATGCAGAGGGCAGAGCATCTCTGTCACCAGCATAAGGCCTTGTGCTGCGGAAACCCAGTGAatcgtcttc,linear,96 well
34,C9_1,,gaagacataATGTCAGCCTGCCGGAGCTTTGCAGTTGCAATCTGCATTTTAGAAATAAGCATCCTCACAGCACAGTACACGACCAGTTATGACCCAGAGCTAACAGAAAGCAGTGGCTCTGCATCACACATAGACTGCAGAATGAGCCCCTGGAGTGAATGGTCACAATGCGATCCTTGTCTCAGACAAATGTTTCGTTCAAGAAGCATTGAGGTCTTTGGACAATTTAATGGGAAAAGATGCACCGACGCTGTGGGAGACAGACGACAGTGTGTGCCCACAGAGCCCTGTGAGGATGCTGAGGATGACTGCGGAAATGACTTTCAATGCAGTACAGGCAGATGCATAAAGATGCGACTTCGGTGTAATGGTGACAATGACTGCGGAGACTTTTCAGATGAGGATGATTGTGAAAGTGAGCCCCGTCCCCCCTGCAGAGACAGAGTGGTAGAAGAGTCTGAGCTGGCACGAACAGCAGGCTATGGGATCAACATTTTAGGGATGGATCCCCTAAGCACACCTTTTGACAATGAGTTCTACAATGGACTCTGTAACCGGGATCGGGATGGAAACACTCTGACATACTACCGTAGACCTTGGAACGTGGCTTCTTTGATCTATGAAACCAAAGGCGAGAAAAATTTCAGAACCGAACATTACGAAGAACAAATTGAAGCATTTAAAAGTATCATCCAAGAAAAGACATCAAATTTTAATGCAGCTATATCTCTAAAATTTACACCCACTGAAACAAATAAAGCTGAACAATGTTGTGAGGAAACAGCCTCCTCAATTTCTTTACATGGCAAGGGTAGTTTTCGGTTTTCATATTCCAAAAATGAAACTTACCAACTATTTTTGTCATATTCTTCAAAGAAGGAAAAAATGTTTCTGCATGTGAAAGGAGAAATTCATCTGGGAAGATTTGTAATGAGAAATCGTGATGTTGTGCTCACAACAACTTTTGTGGATGATATAAAAGCTTTGCCAACTACCTATGAAAAGGGAGAATATTTTGCCTTTTTGGAAACCTATGGAACTCACTACAGTAGCTCTGGATCTCTAGGAGGACTCTATGAACTAATATATGTTTTGGATAAAGCTTCCATGAAGCGGAAAGGTGTTGAACTAAAAGACATAAAGAGATGCCTTGGGTATCATCTGGATGTATCTCTGGCTTTCTCTGAAATCTCTGTTGGAGCTGAATTTAATAAAGATGATTGTGTAAAGAGGGGAGAGGGTAGAGCTGTAAACATCACCAGTGAAAACCTCATAGATGATGTTGTTTCACTCATAAGAGGTGGAACCAGAAAATATGCATTTGAACTGAAAGAAAAGCTTCTCCGAGGAACCGTGATTGATGTGACTGACTTTGTCAACTGGGCCTCTTCCATAAATGATGCTCCTGTTCTCATTAGTCAAAAACTGTCTCCTATATATAATCTGGTTCCAGTGAAAATGAAAAATGCACACCTAAAGAAACAAAACTTGGAAAGAGCCATTGAGGACTATATCAATGAATTTAGTGTAAGAAAATGCCACACATGCCAAAATGGAGGTACAGTGATTCTAATGGATGGAAAGTGTTTGTGTGCCTGCCCATTCAAATTTGAGGGAATTGCCTGTGAAATCAGTAAACAAAAAATTTCTGAAGGATTGCCAGCCCTAGAGTTCCCCAATGAAAAATGAatcgtcttc,linear,96 well
